Date,neural network output
2007-07-03,0.24505395
2007-07-05,0.98315644
2007-07-06,0.44878584
2007-07-09,0.459072
2007-07-10,0.2208451
2007-07-11,0.6235739
2007-07-12,0.25406465
2007-07-13,0.12074727
2007-07-16,0.4901688
2007-07-17,0.20699728
2007-07-18,0.21654761
2007-07-19,0.17704508
2007-07-20,0.2089518
2007-07-23,0.014981478
2007-07-24,0.91278577
2007-07-25,0.05048889
2007-07-26,0.25073054
2007-07-27,0.3749522
2007-07-30,0.044327468
2007-07-31,0.93652016
2007-08-01,0.17983434
2007-08-02,0.042574674
2007-08-03,0.31387183
2007-08-06,0.010422736
2007-08-07,0.21240065
2007-08-08,0.34109107
2007-08-09,0.43566263
2007-08-10,0.7307544
2007-08-13,0.0029372573
2007-08-14,0.8853948
2007-08-15,0.167505
2007-08-16,0.06474632
2007-08-17,0.135643
2007-08-20,0.6359531
2007-08-21,0.2758712
2007-08-22,0.24411517
2007-08-23,0.2525749
2007-08-24,0.08897287
2007-08-27,0.7839602
2007-08-28,0.7253089
2007-08-29,0.00081169605
2007-08-30,0.925478
2007-08-31,0.019786716
2007-09-04,0.41326958
2007-09-05,0.47030723
2007-09-06,0.0053986907
2007-09-07,0.47388273
2007-09-11,0.0030170977
2007-09-12,0.15584937
2007-09-13,0.38841438
2007-09-14,0.28768232
2007-09-17,0.37820554
2007-09-18,0.020927757
2007-09-19,0.35654998
2007-09-20,0.04202199
2007-09-21,0.00685817
2007-09-24,0.45133308
2007-09-25,0.50851387
2007-09-26,0.3184058
2007-09-27,0.3343771
2007-09-28,0.9114642
2007-10-01,0.19181204
2007-10-02,0.21282971
2007-10-03,0.29112154
2007-10-04,0.008457154
2007-10-05,0.34927893
2007-10-08,0.82840466
2007-10-09,0.20096964
2007-10-10,0.9028636
2007-10-11,0.2579222
2007-10-12,0.41520652
2007-10-15,0.7402672
2007-10-16,0.5939499
2007-10-17,0.34033766
2007-10-18,0.019183218
2007-10-19,0.6170977
2007-10-22,0.002490729
2007-10-23,0.48857567
2007-10-24,0.51512074
2007-10-25,0.010545462
2007-10-26,0.31075406
2007-10-29,0.1607872
2007-10-30,0.33858314
2007-10-31,0.20442241
2007-11-01,0.34678143
2007-11-02,0.0052372217
2007-11-05,0.39454776
2007-11-06,0.018097848
2007-11-07,0.8702297
2007-11-08,0.0044210255
2007-11-09,0.3089708
2007-11-12,0.16558981
2007-11-13,0.0007286072
2007-11-14,0.77345407
2007-11-15,0.75495905
2007-11-16,0.052880496
2007-11-19,0.38979003
2007-11-20,0.0015332997
2007-11-21,0.9883343
2007-11-23,0.0002630949
2007-11-27,0.42310265
2007-11-28,0.0453265
2007-11-29,0.04220417
2007-11-30,0.00023293495
2007-12-03,0.5400264
2007-12-04,0.1454365
2007-12-05,0.16966572
2007-12-06,0.40910462
2007-12-07,0.41245514
2007-12-10,0.375277
2007-12-11,0.6909896
2007-12-12,5.0958424e-05
2007-12-13,0.24232987
2007-12-14,0.6564009
2007-12-17,0.8514452
2007-12-19,0.0006862283
2007-12-20,0.11508682
2007-12-21,0.14830199
2007-12-24,0.113686234
2007-12-26,0.2911545
2007-12-27,0.6267061
2007-12-28,0.00022500753
2007-12-31,0.79939854
2008-01-02,0.26103014
2008-01-03,0.38094068
2008-01-04,0.50627095
2008-01-07,0.0022991002
2008-01-08,0.5224057
2008-01-09,0.0074421167
2008-01-10,0.17175642
2008-01-11,0.43721217
2008-01-14,0.0019535422
2008-01-15,0.26013437
2008-01-16,0.86328244
2008-01-17,0.8124112
2008-01-18,0.0021111965
2008-01-22,0.43513843
2008-01-23,7.578765e-08
2008-01-24,0.006074518
2008-01-25,0.99991953
2008-01-28,0.003082484
2008-01-29,0.32005465
2008-01-30,0.0015117228
2008-01-31,0.009307504
2008-02-01,0.006620437
2008-02-04,0.7828011
2008-02-05,0.44280556
2008-02-06,0.009460539
2008-02-07,0.075997025
2008-02-08,0.24347445
2008-02-11,0.0044520795
2008-02-12,0.05013743
2008-02-13,0.34249234
2008-02-14,0.0933072
2008-02-15,0.045498252
2008-02-19,0.0017957687
2008-02-20,0.17889732
2008-02-21,0.06142679
2008-02-22,0.117592424
2008-02-25,0.18966287
2008-02-26,0.016873628
2008-02-27,0.8529819
2008-02-28,0.72571206
2008-02-29,0.16453001
2008-03-03,0.0045550764
2008-03-04,0.06997585
2008-03-05,0.11286777
2008-03-06,0.29033476
2008-03-07,0.017324626
2008-03-10,0.109018594
2008-03-11,0.026263177
2008-03-12,0.827018
2008-03-13,0.043404043
2008-03-14,0.78471184
2008-03-17,0.4950779
2008-03-18,0.14734912
2008-03-19,0.78278494
2008-03-20,0.0097724795
2008-03-24,0.0005043149
2008-03-25,5.852639e-09
2008-03-26,0.002023995
2008-03-27,0.02668041
2008-03-28,0.41277802
2008-03-31,0.032664657
2008-04-02,0.5270552
2008-04-03,0.3988328
2008-04-04,0.029661864
2008-04-07,0.33347285
2008-04-08,0.050635874
2008-04-09,0.005488932
2008-04-10,0.0008248687
2008-04-11,0.91507053
2008-04-14,8.6866836e-05
2008-04-15,0.00024697185
2008-04-16,8.681374e-05
2008-04-17,0.0001950264
2008-04-18,0.05202821
2008-04-21,0.009024382
2008-04-22,0.06565669
2008-04-23,0.09221393
2008-04-24,0.053971857
2008-04-25,0.021108031
2008-04-28,0.017468095
2008-04-29,0.49438065
2008-04-30,0.07819745
2008-05-02,0.15637359
2008-05-05,0.7722162
2008-05-06,0.699567
2008-05-07,0.683236
2008-05-08,0.0867677
2008-05-09,0.12198433
2008-05-12,0.027073503
2008-05-13,0.2914469
2008-05-14,0.010100931
2008-05-15,0.33689535
2008-05-16,0.720642
2008-05-19,0.5678209
2008-05-20,0.2393783
2008-05-21,0.17598522
2008-05-22,0.01775676
2008-05-23,0.8378464
2008-05-27,0.0044139624
2008-05-28,0.20842546
2008-05-29,0.3099695
2008-05-30,0.07954565
2008-06-02,0.552796
2008-06-03,0.0069799125
2008-06-04,0.08122724
2008-06-05,0.11334729
2008-06-06,0.6403178
2008-06-09,0.10897079
2008-06-10,0.049122572
2008-06-11,0.7862266
2008-06-12,0.0878602
2008-06-13,0.0038830936
2008-06-16,0.7590331
2008-06-17,0.039109617
2008-06-18,0.30868664
2008-06-19,0.06909463
2008-06-20,0.9944564
2008-06-23,0.0024949014
2008-06-24,0.1996184
2008-06-25,0.21095261
2008-06-26,0.7113416
2008-06-27,0.020920515
2008-06-30,0.20930293
2008-07-02,0.9211879
2008-07-03,0.19072121
2008-07-07,0.9929462
2008-07-08,0.22992215
2008-07-09,0.9882568
2008-07-10,0.04164669
2008-07-11,0.99027514
2008-07-14,0.8670391
2008-07-15,0.0043493807
2008-07-16,0.019058019
2008-07-17,0.00072708726
2008-07-18,0.06467551
2008-07-21,0.14244184
2008-07-22,0.33897564
2008-07-23,0.03598398
2008-07-24,0.89245915
2008-07-25,0.00016906857
2008-07-28,0.8389492
2008-07-29,0.0009378493
2008-07-30,0.0018546581
2008-07-31,0.94412696
2008-08-08,0.0011319816
2008-08-26,0.013908833
2008-08-27,0.19819775
2008-08-28,0.020678937
2008-08-29,0.83317494
2008-09-02,0.99731624
2008-09-03,0.19646904
2008-09-04,0.8129853
2008-09-05,0.032636732
2008-09-08,0.068782985
2008-09-09,0.9482912
2008-09-10,7.979156e-06
2008-09-11,0.08706841
2008-09-12,0.9995791
2008-09-15,0.92762804
2008-09-16,1.02125334e-07
2008-09-17,0.91097283
2008-09-18,0.0001847744
2008-09-19,3.6011085e-07
2008-09-22,0.97215664
2008-09-23,0.94845116
2008-09-24,0.36331236
2008-09-25,0.0069657564
2008-09-26,0.59697807
2008-09-29,0.9741117
2008-09-30,2.3738401e-05
2008-10-01,4.400175e-10
2008-10-02,0.9456078
2008-10-03,3.927576e-12
2008-10-06,0.99883735
2008-10-07,0.9999902
2008-10-08,0.9999774
2008-10-09,0.9611447
2008-10-10,0.4282185
2008-10-13,3.3667505e-21
2008-10-14,3.1431913e-08
2008-10-15,0.99766445
2008-10-16,1.0175233e-05
2008-10-17,0.9990565
2008-10-20,0.00017997622
2008-10-21,0.00040912628
2008-10-22,0.9986868
2008-10-23,7.7012306e-11
2008-10-24,0.98054874
2008-10-27,0.014419675
2008-10-28,1.971722e-06
2008-10-29,0.9993136
2008-10-30,1.2552154e-06
2008-10-31,2.6229198e-05
2008-11-03,0.004435718
2008-11-04,0.006541729
2008-11-05,0.98566
2008-11-06,0.9860286
2008-11-07,0.00069636106
2008-11-10,0.99848497
2008-11-11,0.030863136
2008-11-12,0.99674475
2008-11-13,0.0050697923
2008-11-14,1.0
2008-11-17,0.9999969
2008-11-18,0.044199616
2008-11-19,0.6061767
2008-11-20,0.51024455
2008-11-21,6.01571e-19
2008-11-24,0.0007365942
2008-11-25,5.0171974e-07
2008-11-26,0.00019842386
2008-11-28,0.0008136034
2008-12-01,0.9864123
2008-12-02,3.5130597e-14
2008-12-03,0.019378811
2008-12-04,0.95414865
2008-12-05,0.020522773
2008-12-08,0.0022396445
2008-12-09,2.1694483e-08
2008-12-10,1.4112268e-06
2008-12-11,1.2696451e-07
2008-12-12,7.0040114e-05
2008-12-15,0.99098384
2008-12-16,1.622749e-07
2008-12-17,0.00023078918
2008-12-18,9.52523e-12
2008-12-19,2.3427888e-06
2008-12-22,5.3990443e-06
2008-12-23,2.1255399e-05
2008-12-24,3.525383e-07
2008-12-26,1.1445385e-05
2008-12-29,1.938127e-06
2008-12-30,0.00052011013
2008-12-31,0.003093481
2009-01-02,1.5380612e-08
2009-01-05,1.08503876e-07
2009-01-06,8.722054e-05
2009-01-07,0.80160296
2009-01-08,7.385487e-05
2009-01-09,0.06886661
2009-01-12,0.688156
2009-01-13,0.0044528246
2009-01-14,0.9468901
2009-01-15,0.329983
2009-01-16,7.389869e-05
2009-01-20,0.9538144
2009-01-21,4.873141e-05
2009-01-22,3.7289513e-07
2009-01-23,0.5275512
2009-01-26,0.09803873
2009-01-27,0.19329482
2009-01-28,0.0023391545
2009-01-29,0.96463525
2009-01-30,0.6497023
2009-02-02,0.69145924
2009-02-03,0.19515443
2009-02-04,0.00076806545
2009-02-05,0.00015357137
2009-02-06,0.00020289421
2009-02-09,0.0006311834
2009-02-10,0.37592214
2009-02-11,0.004989475
2009-02-12,0.044797033
2009-02-13,0.92247677
2009-02-17,0.8231711
2009-02-18,0.19472581
2009-02-19,0.10397822
2009-02-20,0.9338819
2009-02-23,0.6488557
2009-02-24,0.006986648
2009-02-25,3.3957123e-05
2009-02-26,0.37911516
2009-02-27,0.9231453
2009-03-02,0.81028414
2009-03-03,0.0023270547
2009-03-04,0.0036585927
2009-03-05,0.77619815
2009-03-06,0.0011039674
2009-03-09,0.007619351
2009-03-10,0.017296404
2009-03-11,1.5201504e-05
2009-03-12,0.17978215
2009-03-13,0.049238205
2009-03-16,0.88070554
2009-03-17,0.00060620904
2009-03-18,0.005510509
2009-03-19,0.999999
2009-03-20,0.920189
2009-03-23,0.0072822273
2009-03-24,9.449766e-09
2009-03-25,0.019184053
2009-03-26,4.520139e-08
2009-03-27,0.00015878677
2009-03-30,0.111278534
2009-03-31,0.005811274
2009-04-01,1.2254223e-07
2009-04-02,4.7118945e-07
2009-04-03,1.18494356e-07
2009-04-06,0.9965166
2009-04-07,0.078718394
2009-04-08,1.6822327e-05
2009-04-09,0.015538394
2009-04-13,0.9491483
2009-04-14,0.00029709935
2009-04-15,0.006286353
2009-04-16,1.5920938e-07
2009-04-17,0.031254202
2009-04-20,0.9993825
2009-04-21,0.002418995
2009-04-22,3.1096508e-05
2009-04-23,0.067748725
2009-04-24,0.0017870367
2009-04-27,0.63907707
2009-04-28,0.042316556
2009-04-29,0.004201025
2009-04-30,0.0004942119
2009-05-01,0.00039985776
2009-05-04,0.035390794
2009-05-05,0.02991739
2009-05-06,0.0013876259
2009-05-07,0.781079
2009-05-08,0.0033310652
2009-05-11,0.17742527
2009-05-12,0.0065547526
2009-05-13,0.9718821
2009-05-14,0.49996918
2009-05-15,0.7556876
2009-05-18,0.03350395
2009-05-19,0.07672393
2009-05-20,0.0032438338
2009-05-21,0.80200684
2009-05-22,0.85903883
2009-05-26,0.0002206862
2009-05-27,0.91704893
2009-05-28,0.0016862452
2009-05-29,0.00034296513
2009-06-01,0.90606093
2009-06-02,0.00021067262
2009-06-03,0.8004148
2009-06-04,0.3211335
2009-06-05,0.07762775
2009-06-08,0.0055313706
2009-06-09,0.0018394887
2009-06-10,0.033460528
2009-06-11,0.042511463
2009-06-12,0.00012400746
2009-06-15,0.93830884
2009-06-16,0.9999707
2009-06-17,0.0016620457
2009-06-18,0.02505225
2009-06-19,0.0053028464
2009-06-22,0.60372627
2009-06-23,0.0036829412
2009-06-24,0.0106502175
2009-06-25,0.00039353967
2009-06-26,0.00023898482
2009-06-29,0.010798037
2009-06-30,0.65135163
2009-07-01,0.010876447
2009-07-02,0.5747389
2009-07-06,0.9909533
2009-07-07,0.44312024
2009-07-08,0.00010236547
2009-07-09,0.0012187362
2009-07-10,7.4700284e-07
2009-07-13,0.07545394
2009-07-14,0.000107823755
2009-07-15,0.9864508
2009-07-16,1.9308903e-09
2009-07-17,0.0006837547
2009-07-20,0.06574872
2009-07-21,0.00058946013
2009-07-22,0.074730754
2009-07-23,0.24645299
2009-07-24,8.9082705e-06
2009-07-27,0.94966346
2009-07-28,0.73017645
2009-07-29,0.033506572
2009-07-30,0.010094762
2009-07-31,1.0109783e-06
2009-08-03,0.0044116676
2009-08-04,3.1859283e-06
2009-08-05,0.008954167
2009-08-06,0.028991818
2009-08-07,0.009524584
2009-08-10,2.0011587e-06
2009-08-11,0.7235437
2009-08-12,0.022758335
2009-08-13,0.2861396
2009-08-14,0.005232662
2009-08-17,0.55132747
2009-08-18,0.00057056546
2009-08-19,0.0010677278
2009-08-20,0.020444542
2009-08-21,5.5291217e-05
2009-08-24,0.047967196
2009-08-25,0.00026759505
2009-08-26,0.057530344
2009-08-27,0.060907006
2009-08-28,0.009895027
2009-08-31,0.9985466
2009-09-01,0.60644305
2009-09-02,0.0049696565
2009-09-03,0.00031128526
2009-09-04,0.08523187
2009-09-08,0.03231439
2009-09-09,0.0006020069
2009-09-10,0.001445055
2009-09-11,0.00096702576
2009-09-14,0.13068905
2009-09-15,0.27237138
2009-09-16,0.012748569
2009-09-17,0.021320343
2009-09-18,0.0022417903
2009-09-21,0.014428109
2009-09-22,0.13658878
2009-09-23,0.0005044639
2009-09-24,0.7104749
2009-09-25,0.015740901
2009-09-28,0.017498374
2009-09-29,0.022922426
2009-09-30,0.0065253377
2009-10-01,0.6628959
2009-10-02,0.051016003
2009-10-05,0.029519767
2009-10-06,0.16997457
2009-10-07,0.0020334125
2009-10-08,0.0043569505
2009-10-09,0.002737254
2009-10-12,0.0037065148
2009-10-13,0.2046332
2009-10-14,0.002648145
2009-10-15,8.5986074e-05
2009-10-16,0.14795172
2009-10-19,0.086490035
2009-10-20,0.0037669837
2009-10-21,0.09097603
2009-10-22,0.40454477
2009-10-23,0.51565176
2009-10-26,0.9404842
2009-10-27,0.012798816
2009-10-28,0.22178721
2009-10-29,0.030287296
2009-10-30,0.9371457
2009-11-02,0.005258113
2009-11-03,0.028678358
2009-11-04,0.099547535
2009-11-05,0.011041701
2009-11-06,0.0005952716
2009-11-09,0.10318509
2009-11-10,0.049026966
2009-11-11,0.10547075
2009-11-12,0.050075024
2009-11-13,0.038403332
2009-11-16,0.032121062
2009-11-17,0.013386279
2009-11-18,0.10830322
2009-11-19,0.89949906
2009-11-20,0.023487657
2009-11-23,0.069974124
2009-11-24,0.21568158
2009-11-25,0.08789545
2009-11-27,0.7682042
2009-11-30,0.03550756
2009-12-01,0.027794302
2009-12-02,0.00401628
2009-12-03,0.7857889
2009-12-04,0.0034041703
2009-12-07,0.95303345
2009-12-08,0.7748985
2009-12-09,0.39321005
2009-12-10,0.007950783
2009-12-11,0.14807537
2009-12-14,0.10996628
2009-12-15,0.0049904287
2009-12-16,0.104932755
2009-12-17,0.663269
2009-12-18,0.006851554
2009-12-21,0.008222133
2009-12-22,7.523937e-07
2009-12-23,0.0032795966
2009-12-24,0.012829006
2009-12-28,0.008985281
2009-12-29,0.06420395
2009-12-30,0.14532694
2009-12-31,0.33153087
2010-01-04,0.078965515
2010-01-05,0.006146878
2010-01-06,0.0012843013
2010-01-07,0.00670892
2010-01-08,0.17784369
2010-01-11,0.003833592
2010-01-12,0.818954
2010-01-13,0.00011950536
2010-01-14,0.0061198473
2010-01-15,0.003832996
2010-01-19,0.5375077
2010-01-20,0.9195677
2010-01-21,0.6301352
2010-01-22,0.21857491
2010-01-25,0.025406867
2010-01-26,7.1128597e-06
2010-01-27,0.10822716
2010-01-28,0.014392912
2010-01-29,0.1168603
2010-02-01,0.03211671
2010-02-02,0.0018929839
2010-02-03,0.068579406
2010-02-04,0.96315265
2010-02-05,0.03582871
2010-02-08,0.005715251
2010-02-09,0.009422481
2010-02-10,0.14517242
2010-02-11,0.0009975135
2010-02-12,0.00053435564
2010-02-16,0.07955286
2010-02-17,0.004454106
2010-02-18,0.004300326
2010-02-19,0.06445485
2010-02-22,0.10212305
2010-02-23,0.29045102
2010-02-24,0.06404233
2010-02-25,0.0063531697
2010-02-26,0.03827867
2010-03-01,0.00517565
2010-03-02,0.007829964
2010-03-03,0.016572893
2010-03-04,0.16619602
2010-03-05,0.018657506
2010-03-08,0.003054738
2010-03-09,0.15922329
2010-03-10,0.76853687
2010-03-11,0.060549468
2010-03-12,0.39061254
2010-03-15,0.20083144
2010-03-16,0.038485795
2010-03-17,0.029911011
2010-03-18,0.010717839
2010-03-19,0.034442276
2010-03-22,0.19063866
2010-03-23,0.002551198
2010-03-24,0.8359804
2010-03-25,0.98518085
2010-03-26,0.00034752488
2010-03-29,0.1696139
2010-03-30,0.010958493
2010-03-31,0.03948623
2010-04-01,0.061873645
2010-04-05,0.0008639097
2010-04-06,0.002497524
2010-04-07,0.034234583
2010-04-08,0.01398477
2010-04-09,0.2087157
2010-04-12,0.010143787
2010-04-13,0.96454006
2010-04-14,0.11115828
2010-04-15,0.12593257
2010-04-16,0.11388558
2010-04-19,0.02081263
2010-04-20,0.0014477968
2010-04-21,0.77265155
2010-04-22,0.131051
2010-04-23,0.0073046386
2010-04-26,0.81675506
2010-04-27,0.9909966
2010-04-28,0.0027002692
2010-04-29,3.911603e-05
2010-04-30,0.9927709
2010-05-03,0.017473102
2010-05-04,0.79249364
2010-05-05,0.98022974
2010-05-06,0.32449576
2010-05-07,0.91315746
2010-05-10,0.63068223
2010-05-11,0.0040014684
2010-05-12,0.30505368
2010-05-13,0.6541595
2010-05-14,0.18210796
2010-05-17,0.2309159
2010-05-18,0.31484678
2010-05-19,0.38546056
2010-05-20,0.39491153
2010-05-21,0.0035396516
2010-05-24,0.021431625
2010-05-25,0.10998711
2010-05-26,0.013936371
2010-05-27,0.06069994
2010-05-28,0.7689961
2010-06-01,0.47411853
2010-06-02,0.063287884
2010-06-03,0.00021979213
2010-06-04,0.23607388
2010-06-07,0.9590357
2010-06-08,0.0025690198
2010-06-09,0.0014978647
2010-06-10,0.013194263
2010-06-11,1.7289633e-05
2010-06-14,0.028681338
2010-06-15,0.0012486875
2010-06-16,0.0134179
2010-06-17,0.056024194
2010-06-18,0.14783671
2010-06-21,0.22840217
2010-06-22,0.44363812
2010-06-23,0.008342594
2010-06-24,0.7003316
2010-06-25,0.15022293
2010-06-28,0.03526026
2010-06-29,0.6061121
2010-06-30,4.501276e-06
2010-07-01,0.005026132
2010-07-02,0.14865565
2010-07-06,0.012594759
2010-07-07,0.020367622
2010-07-08,0.09369025
2010-07-09,0.0336304
2010-07-12,0.0035522282
2010-07-13,0.007355958
2010-07-14,6.992558e-05
2010-07-15,0.14783281
2010-07-16,0.6861181
2010-07-19,0.16621327
2010-07-20,0.0013801455
2010-07-21,0.8298565
2010-07-22,0.0073724985
2010-07-23,0.0011506379
2010-07-26,0.20096287
2010-07-27,0.0010718107
2010-07-28,0.48987642
2010-07-29,0.0062437057
2010-07-30,0.0005917549
2010-08-02,0.0008689165
2010-08-03,0.10696009
2010-08-04,0.00031095743
2010-08-05,0.00049346685
2010-08-06,0.1241335
2010-08-09,0.0010754168
2010-08-10,0.019504786
2010-08-11,0.38260028
2010-08-12,0.013371021
2010-08-13,0.038002253
2010-08-16,0.0012337267
2010-08-17,4.1070707e-06
2010-08-18,0.006231576
2010-08-19,0.30555576
2010-08-20,0.0007312894
2010-08-23,0.01733604
2010-08-24,0.3496169
2010-08-25,0.00033044815
2010-08-26,0.0008458793
2010-08-27,0.011509627
2010-08-30,0.705064
2010-08-31,0.007031828
2010-09-01,4.1868872e-05
2010-09-02,0.02921477
2010-09-03,0.038585305
2010-09-07,0.28198877
2010-09-08,0.009343743
2010-09-09,0.0019155145
2010-09-10,0.012733668
2010-09-13,0.08392319
2010-09-14,0.0004172027
2010-09-15,0.0049650967
2010-09-16,0.0016360879
2010-09-17,0.12188518
2010-09-20,0.113651514
2010-09-21,0.7267163
2010-09-22,0.012174875
2010-09-23,0.86897707
2010-09-24,0.13219836
2010-09-27,0.3184988
2010-09-28,0.0046188533
2010-09-29,0.030320495
2010-09-30,0.07238969
2010-10-01,0.005738646
2010-10-04,0.3426051
2010-10-05,0.12209305
2010-10-06,0.005944401
2010-10-07,0.00110057
2010-10-08,0.0179528
2010-10-11,0.12141657
2010-10-12,0.16398507
2010-10-13,0.020726353
2010-10-14,0.89982414
2010-10-15,0.07440254
2010-10-18,0.008453637
2010-10-19,0.8853133
2010-10-20,0.07523775
2010-10-21,0.0019849837
2010-10-22,8.078977e-05
2010-10-25,0.8311978
2010-10-26,0.014327675
2010-10-27,0.23074913
2010-10-28,0.0518969
2010-10-29,0.0018787682
2010-11-01,0.16110802
2010-11-02,0.027577132
2010-11-03,0.016684711
2010-11-04,0.057059854
2010-11-05,0.00058576465
2010-11-08,0.21639827
2010-11-09,0.7940538
2010-11-10,5.4411274e-05
2010-11-11,0.042958677
2010-11-12,0.637335
2010-11-15,0.00022491813
2010-11-16,0.8967675
2010-11-17,0.0012570918
2010-11-18,0.005530745
2010-11-19,0.0013976991
2010-11-22,0.25370675
2010-11-23,0.40467322
2010-11-24,0.19824919
2010-11-26,0.40205157
2010-11-29,0.1956146
2010-11-30,0.106455326
2010-12-01,0.02889067
2010-12-02,0.14566186
2010-12-03,0.3086126
2010-12-06,0.0016083419
2010-12-07,0.03936225
2010-12-08,0.003785491
2010-12-09,0.0037474632
2010-12-10,0.065128475
2010-12-13,0.0087322295
2010-12-14,0.023116112
2010-12-15,0.003325522
2010-12-16,0.00019854307
2010-12-17,0.00031387806
2010-12-20,0.0096182525
2010-12-21,0.3245715
2010-12-22,0.009115428
2010-12-23,0.9188727
2010-12-27,0.9565526
2010-12-28,0.2313191
2010-12-29,0.15908232
2010-12-30,0.11966586
2010-12-31,0.21174222
2011-01-03,0.0011925697
2011-01-04,0.024332643
2011-01-05,0.0002822578
2011-01-06,0.009216309
2011-01-07,0.0014642775
2011-01-10,0.0799163
2011-01-11,0.24316716
2011-01-12,0.14329514
2011-01-13,0.00021281838
2011-01-14,0.32631704
2011-01-18,0.016379744
2011-01-19,0.73535705
2011-01-20,0.04832998
2011-01-21,0.00021001697
2011-01-24,0.055004984
2011-01-25,0.029690653
2011-01-26,0.03873709
2011-01-27,0.014090538
2011-01-28,0.89501286
2011-01-31,0.11293656
2011-02-01,0.00016438961
2011-02-02,0.0022135973
2011-02-03,0.02795732
2011-02-04,0.40607944
2011-02-07,0.101260185
2011-02-08,0.025277525
2011-02-09,0.004330039
2011-02-10,0.07476893
2011-02-11,0.018736124
2011-02-14,0.10272303
2011-02-15,0.1481851
2011-02-16,0.028651297
2011-02-17,0.06327355
2011-02-18,0.016863436
2011-02-22,0.9192978
2011-02-23,0.005101472
2011-02-24,0.00025704503
2011-02-25,0.0013875067
2011-02-28,0.014324844
2011-03-01,0.6832023
2011-03-02,0.12386057
2011-03-03,0.00032404065
2011-03-04,0.014164627
2011-03-07,0.6989739
2011-03-08,0.013649106
2011-03-09,0.022277623
2011-03-10,0.05367148
2011-03-11,0.6062051
2011-03-14,0.95520234
2011-03-15,0.9424442
2011-03-16,0.603792
2011-03-17,0.03785962
2011-03-18,0.003524989
2011-03-21,0.105651945
2011-03-22,0.0015365779
2011-03-23,0.08338082
2011-03-24,0.0038339794
2011-03-25,0.00028842688
2011-03-28,0.6636934
2011-03-29,0.13667941
2011-03-30,0.049964547
2011-03-31,0.0042157173
2011-04-01,0.08067149
2011-04-04,0.04823813
2011-04-05,0.04356584
2011-04-06,0.056660533
2011-04-07,0.0019069016
2011-04-08,0.5790305
2011-04-11,0.011703461
2011-04-12,0.2138184
2011-04-13,0.03508061
2011-04-14,0.10001305
2011-04-18,0.7511884
2011-04-19,0.0014274716
2011-04-20,0.017691344
2011-04-21,0.027443022
2011-04-25,0.58045876
2011-04-26,0.5240301
2011-04-27,0.03675598
2011-04-28,0.0024304986
2011-04-29,0.1895763
2011-05-02,0.84813976
2011-05-03,0.7678839
2011-05-04,0.17979354
2011-05-05,0.61211497
2011-05-06,1.9881674e-05
2011-05-09,0.03957635
2011-05-10,0.037517726
2011-05-11,0.58508146
2011-05-12,0.050058037
2011-05-13,0.39716452
2011-05-16,0.7888737
2011-05-17,0.008764893
2011-05-18,0.47733164
2011-05-19,0.30740747
2011-05-20,0.9808196
2011-05-23,0.4467515
2011-05-24,0.58385265
2011-05-25,0.16125378
2011-05-26,0.54389375
2011-05-27,0.18447715
2011-05-31,0.16745228
2011-06-01,0.55383044
2011-06-02,0.35440373
2011-06-03,0.7105955
2011-06-06,0.9788183
2011-06-07,0.17453977
2011-06-08,0.87983716
2011-06-09,0.056224525
2011-06-10,0.96167785
2011-06-13,0.78944886
2011-06-14,0.06478295
2011-06-15,0.8758724
2011-06-16,0.8268961
2011-06-17,0.108256906
2011-06-20,0.083393306
2011-06-21,0.18600419
2011-06-22,0.0038191676
2011-06-23,0.5118439
2011-06-24,0.5760065
2011-06-27,0.20059371
2011-06-28,0.3940529
2011-06-29,0.0733822
2011-06-30,0.024170786
2011-07-01,0.0006184578
2011-07-05,0.19081372
2011-07-06,0.5489476
2011-07-07,0.4316402
2011-07-08,0.014196843
2011-07-11,0.88853586
2011-07-12,0.72310114
2011-07-13,0.07237336
2011-07-14,0.53968483
2011-07-15,0.092790484
2011-07-18,0.5656107
2011-07-19,0.12221035
2011-07-20,0.0013851821
2011-07-21,0.04842031
2011-07-22,0.047702163
2011-07-25,0.87961733
2011-07-26,0.24026433
2011-07-27,0.7851832
2011-07-28,0.53960156
2011-07-29,0.4728929
2011-08-01,0.5604131
2011-08-02,0.68375003
2011-08-03,0.017127186
2011-08-04,0.6273938
2011-08-05,6.2010126e-06
2011-08-08,0.99999195
2011-08-09,2.9506975e-06
2011-08-10,0.2460767
2011-08-11,0.0019769669
2011-08-12,4.11278e-14
2011-08-15,0.05002013
2011-08-16,0.2705519
2011-08-17,0.12164655
2011-08-18,0.41358832
2011-08-19,3.8153685e-05
2011-08-22,0.065149635
2011-08-23,0.027276605
2011-08-24,0.055513263
2011-08-25,0.87894434
2011-08-26,0.00667271
2011-08-29,0.002881378
2011-08-30,0.094417274
2011-08-31,0.06625882
2011-09-01,0.040629655
2011-09-02,0.81317294
2011-09-06,0.6256535
2011-09-07,0.2706656
2011-09-08,0.02066657
2011-09-09,0.5224063
2011-09-12,0.07177541
2011-09-13,0.1591888
2011-09-14,0.25375187
2011-09-15,0.030345052
2011-09-16,0.010751247
2011-09-19,0.85287946
2011-09-20,0.13042584
2011-09-21,0.31969497
2011-09-22,0.99031234
2011-09-23,4.4671115e-08
2011-09-26,4.3571833e-07
2011-09-27,0.04951948
2011-09-28,0.7335732
2011-09-29,0.1278564
2011-09-30,0.6849866
2011-10-03,0.6524644
2011-10-04,0.12734064
2011-10-05,0.015838742
2011-10-06,0.3449651
2011-10-07,0.0008716583
2011-10-10,0.31524038
2011-10-11,0.026076853
2011-10-12,0.27304113
2011-10-13,0.047938824
2011-10-14,0.7062285
2011-10-17,0.6915186
2011-10-18,0.0010397732
2011-10-19,0.2717638
2011-10-20,0.011498004
2011-10-21,0.019668877
2011-10-24,0.14803612
2011-10-25,0.321234
2011-10-26,0.0017310679
2011-10-27,0.3867615
2011-10-28,0.0029266477
2011-10-31,0.67605364
2011-11-01,0.96616524
2011-11-02,0.26658225
2011-11-03,0.08509725
2011-11-04,0.118370056
2011-11-07,0.0039684474
2011-11-08,0.17446443
2011-11-09,0.37953138
2011-11-10,0.03299564
2011-11-11,0.04579392
2011-11-14,0.2567274
2011-11-15,0.013407528
2011-11-16,0.40799794
2011-11-17,0.004163146
2011-11-18,0.022543788
2011-11-21,0.35115802
2011-11-22,0.018715888
2011-11-23,0.74390996
2011-11-25,0.31718278
2011-11-28,0.3112048
2011-11-29,0.00064241886
2011-11-30,0.19018817
2011-12-01,6.15678e-05
2011-12-02,0.19870701
2011-12-05,0.08582172
2011-12-06,0.1117672
2011-12-07,0.027413338
2011-12-08,0.42641014
2011-12-09,0.19874659
2011-12-12,0.0662511
2011-12-13,0.19899073
2011-12-14,0.16213125
2011-12-15,0.010276586
2011-12-16,0.052346528
2011-12-19,0.20062605
2011-12-20,0.10784528
2011-12-21,0.029207915
2011-12-22,0.17180264
2011-12-23,0.009006858
2011-12-27,0.43000594
2011-12-28,0.5495206
2011-12-29,0.030200154
2011-12-30,0.12666625
2012-01-03,0.00043013692
2012-01-04,3.731358e-08
2012-01-05,0.001980275
2012-01-06,0.020076782
2012-01-09,0.06947157
2012-01-10,0.012460351
2012-01-11,0.0070296526
2012-01-12,0.0037216544
2012-01-13,0.027700573
2012-01-17,0.3351907
2012-01-18,0.03894314
2012-01-19,0.027077794
2012-01-20,0.08729431
2012-01-23,0.034718543
2012-01-24,0.0051912963
2012-01-25,0.09175074
2012-01-26,0.4854378
2012-01-27,0.014087051
2012-01-30,0.10041684
2012-01-31,0.21427366
2012-02-01,0.062924206
2012-02-02,0.063835084
2012-02-03,0.11234856
2012-02-06,0.68067336
2012-02-07,0.03420779
2012-02-08,0.011093974
2012-02-09,0.028568983
2012-02-10,0.38190633
2012-02-13,0.02168426
2012-02-14,0.33697492
2012-02-15,0.63523334
2012-02-16,0.48031148
2012-02-17,0.090412825
2012-02-21,0.22748497
2012-02-22,0.10536596
2012-02-23,0.18253765
2012-02-24,0.8225503
2012-02-27,0.84332955
2012-02-28,0.01157558
2012-02-29,0.1160638
2012-03-01,0.00045657158
2012-03-02,0.1269874
2012-03-05,0.84738886
2012-03-06,0.12819329
2012-03-07,0.00039362907
2012-03-08,0.62408483
2012-03-09,0.2217294
2012-03-12,0.8409451
2012-03-13,0.3287844
2012-03-14,0.7393843
2012-03-15,0.02372545
2012-03-16,0.23958871
2012-03-19,0.98649746
2012-03-20,0.7899742
2012-03-21,0.015649885
2012-03-22,0.0021422505
2012-03-23,0.0033047795
2012-03-26,0.042885125
2012-03-27,0.8733367
2012-03-28,0.0060955584
2012-03-29,0.26435882
2012-03-30,0.19309846
2012-04-02,0.45279145
2012-04-03,0.6813165
2012-04-04,0.70770943
2012-04-05,0.04973805
2012-04-09,0.28391218
2012-04-10,0.13335314
2012-04-11,0.0008804202
2012-04-12,0.0003606975
2012-04-13,0.9662357
2012-04-16,0.38038823
2012-04-17,0.056720912
2012-04-18,0.0035885274
2012-04-19,0.15849999
2012-04-20,0.24727023
2012-04-23,0.65695155
2012-04-24,0.4035907
2012-04-25,0.1274375
2012-04-26,0.52582324
2012-04-27,0.025573343
2012-04-30,0.21889812
2012-05-01,0.16566324
2012-05-02,0.13498437
2012-05-03,0.28640407
2012-05-04,0.13112223
2012-05-07,0.014595568
2012-05-08,0.007288724
2012-05-09,0.48012733
2012-05-10,0.28557843
2012-05-11,0.5709376
2012-05-14,0.16701627
2012-05-15,0.0015534759
2012-05-16,0.09403828
2012-05-17,0.60042584
2012-05-18,0.08775458
2012-05-21,0.078171045
2012-05-22,0.08316204
2012-05-23,0.028211713
2012-05-24,0.024006277
2012-05-25,0.02683577
2012-05-29,0.09142715
2012-05-30,0.991463
2012-05-31,0.15843093
2012-06-01,0.8438343
2012-06-04,0.011582434
2012-06-05,0.12580171
2012-06-06,0.02084577
2012-06-07,0.09554374
2012-06-08,0.47456625
2012-06-11,0.8003099
2012-06-12,0.0085017085
2012-06-13,0.47221997
2012-06-14,0.041445076
2012-06-15,0.00076818466
2012-06-18,0.043162763
2012-06-19,0.014213294
2012-06-20,0.00400424
2012-06-21,0.6573414
2012-06-22,0.024418324
2012-06-25,0.20911771
2012-06-26,0.0011900663
2012-06-27,0.036351264
2012-06-28,0.009095371
2012-06-29,0.015434951
2012-07-02,4.970632e-06
2012-07-03,0.024832636
2012-07-05,0.6843997
2012-07-06,0.6507716
2012-07-09,0.5760881
2012-07-10,0.08195081
2012-07-11,0.12402651
2012-07-12,0.0007697046
2012-07-13,0.6632643
2012-07-16,0.0017900169
2012-07-17,0.09318122
2012-07-18,0.0060572326
2012-07-19,0.030014247
2012-07-20,0.3300786
2012-07-23,0.7120207
2012-07-24,0.39012754
2012-07-25,0.03957337
2012-07-26,0.0001269877
2012-07-27,0.0010048151
2012-07-30,0.7791222
2012-07-31,0.4497669
2012-08-01,0.06374043
2012-08-02,0.0014448166
2012-08-03,0.024700254
2012-08-06,0.00022542477
2012-08-07,0.61862653
2012-08-08,0.24614927
2012-08-09,0.12569207
2012-08-10,0.09188554
2012-08-13,0.15383017
2012-08-14,0.6916665
2012-08-15,0.22555768
2012-08-16,0.8298365
2012-08-17,0.61581403
2012-08-20,0.34472892
2012-08-21,0.8163687
2012-08-22,0.0015879571
2012-08-23,0.57631075
2012-08-24,0.012836337
2012-08-27,0.5853942
2012-08-28,0.30528867
2012-08-29,0.3969791
2012-08-30,0.6058461
2012-08-31,0.012064755
2012-09-04,0.009029835
2012-09-05,0.008680046
2012-09-06,0.19057196
2012-09-07,0.10323727
2012-09-10,0.9999634
2012-09-11,0.1795544
2012-09-12,0.32222003
2012-09-13,0.00016182661
2012-09-14,0.99592036
2012-09-17,0.000266999
2012-09-18,0.27082556
2012-09-19,0.17812166
2012-09-20,0.6111132
2012-09-21,0.086163044
2012-09-24,0.6427808
2012-09-25,0.028862506
2012-09-26,0.15127462
2012-09-27,0.040068746
2012-09-28,0.94637865
2012-10-01,0.71379036
2012-10-02,0.10825086
2012-10-03,0.098517895
2012-10-04,0.019362777
2012-10-05,0.02627626
2012-10-08,0.6988945
2012-10-09,0.53829044
2012-10-10,0.43264064
2012-10-11,0.094934165
2012-10-12,0.5761526
2012-10-15,0.23302016
2012-10-16,0.79880625
2012-10-17,0.056672096
2012-10-18,0.12287739
2012-10-19,0.57313955
2012-10-22,0.25644752
2012-10-23,0.6032738
2012-10-24,0.020304829
2012-10-25,0.030389875
2012-10-26,0.11858392
2012-10-31,0.8207172
2012-11-01,0.17025489
2012-11-02,0.7224496
2012-11-05,0.80881786
2012-11-06,0.12884554
2012-11-07,0.3433457
2012-11-08,0.020730644
2012-11-09,0.12969694
2012-11-12,0.1169067
2012-11-13,0.044213533
2012-11-14,0.2616256
2012-11-15,0.04634449
2012-11-16,0.011770308
2012-11-19,0.0015588701
2012-11-20,0.0066203177
2012-11-21,0.62052965
2012-11-23,0.08507019
2012-11-26,0.03442934
2012-11-27,0.011634141
2012-11-28,0.33810782
2012-11-29,0.09297454
2012-11-30,0.9777932
2012-12-03,0.70406955
2012-12-04,0.26828784
2012-12-05,0.2166133
2012-12-06,0.05376324
2012-12-07,0.098038524
2012-12-10,0.20013893
2012-12-11,0.043097585
2012-12-12,0.24761394
2012-12-13,0.7732167
2012-12-14,0.45187455
2012-12-17,0.11687684
2012-12-18,0.024717629
2012-12-19,0.2669205
2012-12-20,0.20519733
2012-12-21,0.40162045
2012-12-24,0.410287
2012-12-26,0.66754717
2012-12-27,0.315421
2012-12-28,0.7656373
2012-12-31,0.17088455
2013-01-02,0.03381926
2013-01-03,0.15976909
2013-01-04,0.24150562
2013-01-07,0.12344229
2013-01-08,0.12616834
2013-01-09,0.018307328
2013-01-10,0.58652574
2013-01-11,0.016204208
2013-01-14,0.035088032
2013-01-15,0.0034028292
2013-01-16,0.048153847
2013-01-17,0.18614453
2013-01-18,0.4403342
2013-01-22,0.039288938
2013-01-23,0.041630745
2013-01-24,0.022884607
2013-01-25,0.31377286
2013-01-28,0.91011715
2013-01-29,0.119597554
2013-01-30,0.81460464
2013-01-31,0.11489856
2013-02-01,0.01705274
2013-02-04,0.7871839
2013-02-05,0.026144058
2013-02-06,0.020630002
2013-02-07,0.014045775
2013-02-08,0.18170878
2013-02-11,0.09015167
2013-02-12,0.019838244
2013-02-13,0.00054988265
2013-02-14,0.005776882
2013-02-15,0.0062966943
2013-02-19,0.5001728
2013-02-20,0.97502565
2013-02-21,0.5725749
2013-02-22,0.17837274
2013-02-25,0.5319712
2013-02-26,0.02960375
2013-02-27,0.19773677
2013-02-28,0.99974644
2013-03-01,0.09050894
2013-03-04,0.014103085
2013-03-05,0.04281324
2013-03-06,0.25002897
2013-03-07,0.011097461
2013-03-08,0.048533022
2013-03-11,0.29204294
2013-03-12,0.42146733
2013-03-13,0.18136859
2013-03-14,0.10017428
2013-03-15,0.08695093
2013-03-18,0.1406911
2013-03-19,0.489751
2013-03-20,0.101772815
2013-03-21,0.98992884
2013-03-22,0.022010416
2013-03-25,0.0857777
2013-03-26,0.10491964
2013-03-27,0.16180995
2013-03-28,0.012179613
2013-04-01,0.9830854
2013-04-02,0.2575814
2013-04-03,0.78018963
2013-04-04,0.22288781
2013-04-05,0.051875085
2013-04-08,0.0036040843
2013-04-09,0.003453523
2013-04-10,0.0032971203
2013-04-11,0.101266325
2013-04-12,0.0114655495
2013-04-15,0.97223854
2013-04-16,1.0049421e-05
2013-04-17,0.97948194
2013-04-18,0.63243103
2013-04-19,0.2679994
2013-04-22,0.043959618
2013-04-23,0.13009098
2013-04-24,0.0036256611
2013-04-25,0.027874142
2013-04-26,0.31956118
2013-04-29,0.07943493
2013-04-30,0.006260276
2013-05-01,0.54786414
2013-05-02,0.2782852
2013-05-03,0.22882402
2013-05-06,0.19477418
2013-05-07,0.030374914
2013-05-08,0.015976936
2013-05-09,0.68012196
2013-05-10,0.30929005
2013-05-13,0.049363256
2013-05-14,0.11623594
2013-05-15,0.18549863
2013-05-16,0.1970684
2013-05-17,0.4009894
2013-05-20,0.48203215
2013-05-21,0.011605263
2013-05-22,0.5609978
2013-05-23,0.0008558631
2013-05-24,0.47463694
2013-05-28,0.3569522
2013-05-29,0.0038120747
2013-05-30,0.6890373
2013-05-31,0.6402145
2013-06-03,0.3291101
2013-06-04,0.22874162
2013-06-05,0.85338914
2013-06-06,0.09824526
2013-06-07,0.0025753975
2013-06-10,0.017978787
2013-06-11,0.87147486
2013-06-12,0.38365048
2013-06-13,0.011148483
2013-06-14,0.99366987
2013-06-17,0.17205533
2013-06-18,0.025714517
2013-06-19,0.11848062
2013-06-20,1.0
2013-06-21,0.0014804006
2013-06-24,0.85217226
2013-06-25,0.007770568
2013-06-26,0.062476337
2013-06-27,0.09288648
2013-06-28,0.15659559
2013-07-01,0.021559834
2013-07-02,0.115498394
2013-07-03,0.08135697
2013-07-05,0.006776035
2013-07-08,0.0003052652
2013-07-09,0.012720853
2013-07-10,0.019238263
2013-07-11,0.0016111434
2013-07-12,0.074521065
2013-07-15,0.20988414
2013-07-16,0.14852253
2013-07-17,0.01556325
2013-07-18,0.35337156
2013-07-19,0.0053677857
2013-07-22,0.020922065
2013-07-23,0.96147996
2013-07-24,0.64985204
2013-07-25,0.00063219666
2013-07-26,0.1651659
2013-07-29,0.97604555
2013-07-30,0.004688412
2013-07-31,0.60582376
2013-08-01,0.013042957
2013-08-02,0.021571279
2013-08-05,0.025717854
2013-08-06,0.8328261
2013-08-07,0.2675856
2013-08-08,0.01979968
2013-08-09,0.8533598
2013-08-12,0.14049393
2013-08-13,0.18189016
2013-08-14,0.67808706
2013-08-15,0.7366777
2013-08-16,0.0010401309
2013-08-19,0.50318104
2013-08-20,0.10785568
2013-08-21,0.739877
2013-08-22,0.0043278933
2013-08-23,0.040344
2013-08-26,0.9125694
2013-08-27,0.8046742
2013-08-28,0.021187484
2013-08-29,0.032864004
2013-08-30,0.013039559
2013-09-03,0.019562155
2013-09-04,0.080489635
2013-09-05,0.11280754
2013-09-06,0.0016696155
2013-09-09,0.03352192
2013-09-10,0.0003861785
2013-09-11,0.010371447
2013-09-12,0.5543076
2013-09-13,0.076607436
2013-09-16,0.29266196
2013-09-17,0.13426703
2013-09-18,0.4030978
2013-09-19,0.00056383014
2013-09-20,0.0001758337
2013-09-23,0.7630469
2013-09-24,0.1088683
2013-09-25,0.5802001
2013-09-26,0.051944256
2013-09-27,0.5580625
2013-09-30,0.5403072
2013-10-01,0.1191628
2013-10-02,0.95745444
2013-10-03,0.23541215
2013-10-04,0.09131572
2013-10-07,0.8925717
2013-10-09,0.087326705
2013-10-10,0.29195717
2013-10-11,0.20618272
2013-10-14,0.2594126
2013-10-15,0.5340696
2013-10-16,0.024731219
2013-10-17,0.0026830137
2013-10-18,0.07133111
2013-10-21,0.027673602
2013-10-22,0.7037862
2013-10-23,0.32494375
2013-10-24,0.02205199
2013-10-25,0.06307256
2013-10-28,0.5541488
2013-10-29,0.6080452
2013-10-30,0.15805471
2013-10-31,0.5537534
2013-11-01,0.23496062
2013-11-04,0.08942741
2013-11-05,0.16399282
2013-11-06,0.020370185
2013-11-07,0.12890407
2013-11-08,0.053832084
2013-11-11,0.010734767
2013-11-12,0.15524527
2013-11-13,0.32981658
2013-11-14,0.1448594
2013-11-15,0.119146556
2013-11-18,0.56204504
2013-11-19,0.76811314
2013-11-20,0.3851598
2013-11-21,0.006242126
2013-11-22,0.32506818
2013-11-25,0.33377004
2013-11-26,0.5080908
2013-11-27,0.19662923
2013-11-29,0.91691136
2013-12-02,0.9284736
2013-12-03,0.08051163
2013-12-04,0.2110557
2013-12-05,0.4312764
2013-12-06,0.068648726
2013-12-09,0.008094102
2013-12-10,0.08882296
2013-12-11,0.13987559
2013-12-12,0.023007572
2013-12-13,0.074490815
2013-12-16,0.014957547
2013-12-17,0.03879389
2013-12-18,0.016359657
2013-12-19,0.024693996
2013-12-20,0.00938192
2013-12-23,0.04510948
2013-12-24,0.21397147
2013-12-26,0.484114
2013-12-27,0.18857542
2013-12-30,0.55799013
2013-12-31,0.1925337
2014-01-02,0.6766455
2014-01-03,0.09411368
2014-01-06,0.014669508
2014-01-07,0.04014808
2014-01-08,0.011584491
2014-01-09,0.045425504
2014-01-10,0.08123416
2014-01-13,0.52364165
2014-01-14,0.3342179
2014-01-15,0.25598174
2014-01-16,0.009418756
2014-01-17,0.11237094
2014-01-21,0.7258487
2014-01-22,0.0500862
2014-01-23,0.46201986
2014-01-24,0.9535711
2014-01-27,0.011929125
2014-01-28,0.055862993
2014-01-29,0.996914
2014-01-30,0.012515187
2014-01-31,0.8879898
2014-02-03,0.53699094
2014-02-04,0.0046920776
2014-02-05,0.9918791
2014-02-06,0.02774012
2014-02-07,0.57008594
2014-02-10,0.07856077
2014-02-11,0.0011949539
2014-02-12,0.5350392
2014-02-13,0.0028887093
2014-02-14,0.5853359
2014-02-18,0.056037277
2014-02-19,0.069758266
2014-02-20,0.005217582
2014-02-21,0.011554003
2014-02-24,0.026072353
2014-02-25,0.018149883
2014-02-26,0.146162
2014-02-27,0.18504745
2014-02-28,0.15210941
2014-03-03,0.9565681
2014-03-04,0.33012503
2014-03-05,0.21940082
2014-03-06,0.025716513
2014-03-07,0.15974846
2014-03-10,0.14826933
2014-03-11,0.40607035
2014-03-12,0.151229
2014-03-13,0.36772686
2014-03-14,0.86534464
2014-03-17,0.123269916
2014-03-18,0.14312688
2014-03-19,0.54373366
2014-03-20,0.007708311
2014-03-21,0.15870965
2014-03-24,0.30269694
2014-03-25,0.0864695
2014-03-26,0.8448995
2014-03-27,0.17967117
2014-03-28,0.04786685
2014-03-31,0.10000557
2014-04-01,0.055406034
2014-04-02,0.027626574
2014-04-03,0.1640853
2014-04-04,0.047430903
2014-04-07,0.79386425
2014-04-08,0.02867189
2014-04-09,0.12544647
2014-04-10,0.4329903
2014-04-11,0.15268719
2014-04-14,0.1685549
2014-04-15,0.06450027
2014-04-16,0.009337366
2014-04-17,0.050935745
2014-04-21,0.010825276
2014-04-22,0.24823532
2014-04-23,0.02839896
2014-04-24,0.051303834
2014-04-25,0.17064029
2014-04-28,0.10749546
2014-04-29,0.12638932
2014-04-30,0.025969654
2014-05-01,0.061290324
2014-05-02,0.07815769
2014-05-05,0.09558895
2014-05-06,0.21524385
2014-05-07,0.0547266
2014-05-08,0.1753968
2014-05-09,0.11365935
2014-05-12,0.47623488
2014-05-13,0.016135752
2014-05-14,0.036842912
2014-05-15,0.019110918
2014-05-16,0.0058196485
2014-05-19,0.30055973
2014-05-20,0.5446963
2014-05-21,0.15777332
2014-05-22,0.15610507
2014-05-23,0.14676756
2014-05-27,0.06274673
2014-05-28,0.117102236
2014-05-29,0.12610209
2014-05-30,0.48059252
2014-06-02,0.019423187
2014-06-03,0.15872782
2014-06-04,0.3147275
2014-06-05,0.32079554
2014-06-06,0.4982666
2014-06-09,0.25134754
2014-06-10,0.24577126
2014-06-11,0.96585447
2014-06-12,0.49629262
2014-06-13,0.0031691194
2014-06-16,0.3515371
2014-06-17,0.10665095
2014-06-18,0.5910861
2014-06-19,0.14968508
2014-06-20,0.08203784
2014-06-23,0.26249576
2014-06-24,0.74758995
2014-06-25,0.45268002
2014-06-26,0.09466964
2014-06-27,0.13847569
2014-06-30,0.36333773
2014-07-01,0.16926745
2014-07-02,0.5221691
2014-07-03,0.24057975
2014-07-07,0.47961652
2014-07-08,0.20087045
2014-07-09,0.07116848
2014-07-10,0.16009888
2014-07-11,0.11066696
2014-07-14,0.20079327
2014-07-15,0.0018633306
2014-07-16,0.16267863
2014-07-17,0.22987813
2014-07-18,0.066792786
2014-07-21,0.97599757
2014-07-22,0.030340552
2014-07-23,0.077575386
2014-07-24,0.21836236
2014-07-25,0.4491028
2014-07-28,0.022431493
2014-07-29,0.79796374
2014-07-30,0.16494599
2014-07-31,0.89058864
2014-08-01,0.3022436
2014-08-04,0.00032952428
2014-08-05,0.63587224
2014-08-06,0.02538833
2014-08-07,0.015844703
2014-08-08,0.009858578
2014-08-11,0.122635186
2014-08-12,0.029592872
2014-08-13,0.20784846
2014-08-14,0.05643627
2014-08-15,0.1965102
2014-08-18,0.020493299
2014-08-19,0.12690744
2014-08-20,0.45773512
2014-08-21,0.39257112
2014-08-22,0.0763177
2014-08-25,0.14255205
2014-08-26,0.20783234
2014-08-27,0.1088731
2014-08-28,0.12232265
2014-08-29,0.16001764
2014-09-02,0.043501437
2014-09-03,0.013251305
2014-09-04,0.46023425
2014-09-05,0.10067546
2014-09-08,0.45739317
2014-09-09,0.23155525
2014-09-10,0.12076408
2014-09-11,0.3547771
2014-09-12,0.06010738
2014-09-15,0.14824668
2014-09-16,0.12261373
2014-09-17,0.056636482
2014-09-18,0.10090166
2014-09-19,0.149219
2014-09-22,0.25583357
2014-09-23,0.36472058
2014-09-24,0.08121961
2014-09-25,0.98517853
2014-09-26,0.035725027
2014-09-29,0.71676123
2014-09-30,0.05269718
2014-10-01,0.01633504
2014-10-02,0.03577304
2014-10-03,0.0937933
2014-10-06,0.99743444
2014-10-07,0.9398069
2014-10-08,0.02186817
2014-10-09,0.9284843
2014-10-10,0.34161136
2014-10-13,0.32908612
2014-10-14,0.06262216
2014-10-15,0.31276843
2014-10-16,0.014786482
2014-10-17,0.22682989
2014-10-20,0.41614816
2014-10-21,0.17536828
2014-10-22,0.9165095
2014-10-23,0.040269792
2014-10-24,0.10982329
2014-10-27,0.1813241
2014-10-28,0.2101515
2014-10-29,0.80304486
2014-10-30,0.28123656
2014-10-31,0.15337247
2014-11-03,0.8941312
2014-11-04,0.019783467
2014-11-05,0.15760136
2014-11-06,0.037298024
2014-11-07,0.0031975508
2014-11-10,0.051711977
2014-11-11,0.011155248
2014-11-12,0.29977626
2014-11-13,0.76714015
2014-11-14,0.3282882
2014-11-17,0.8157455
2014-11-18,0.063453704
2014-11-19,0.07188171
2014-11-20,0.099262595
2014-11-21,0.30444074
2014-11-24,0.0066399276
2014-11-25,0.17064011
2014-11-26,0.16084617
2014-11-28,0.9087348
2014-12-01,0.8937557
2014-12-02,0.12450197
2014-12-03,0.5970401
2014-12-04,0.52394456
2014-12-05,0.8405224
2014-12-08,0.9509195
2014-12-09,0.62104684
2014-12-10,0.8671386
2014-12-11,0.99269664
2014-12-12,0.9215597
2014-12-15,0.17641401
2014-12-16,0.99862945
2014-12-17,0.10937899
2014-12-18,0.09663856
2014-12-19,0.12366328
2014-12-22,0.25981823
2014-12-23,0.27997172
2014-12-24,0.1324045
2014-12-26,0.5318257
2014-12-29,0.4097889
2014-12-30,0.35810912
2014-12-31,0.94832766
2015-01-02,0.31670105
2015-01-05,0.65244424
2015-01-06,0.62682223
2015-01-07,0.21666682
2015-01-08,0.12948635
2015-01-09,0.63326687
2015-01-12,0.32173485
2015-01-13,0.6068055
2015-01-14,0.5267297
2015-01-15,0.50552326
2015-01-16,0.0007443726
2015-01-20,0.010463119
2015-01-21,0.013785034
2015-01-22,0.05750835
2015-01-23,0.09321284
2015-01-26,0.020391375
2015-01-27,0.99106807
2015-01-28,0.9250444
2015-01-29,0.17572436
2015-01-30,0.98490447
2015-02-02,0.1088109
2015-02-03,0.1938734
2015-02-04,0.33983108
2015-02-05,0.14151025
2015-02-06,0.0071531236
2015-02-09,0.77274024
2015-02-10,0.18170154
2015-02-11,0.18003905
2015-02-12,0.3293352
2015-02-13,0.08459175
2015-02-17,0.46662286
2015-02-18,0.17352277
2015-02-19,0.30256343
2015-02-20,0.7817951
2015-02-23,0.23635736
2015-02-24,0.05109027
2015-02-25,0.3676048
2015-02-26,0.4568487
2015-02-27,0.3924555
2015-03-02,0.20129576
2015-03-03,0.75695425
2015-03-04,0.33245504
2015-03-05,0.48246396
2015-03-06,0.6228434
2015-03-09,0.053017706
2015-03-10,0.17979696
2015-03-11,0.13705909
2015-03-12,0.34648585
2015-03-13,0.42676878
2015-03-16,0.028918713
2015-03-17,0.037405223
2015-03-18,0.20887977
2015-03-19,0.023970306
2015-03-20,0.6780381
2015-03-23,0.012601197
2015-03-24,0.1319542
2015-03-25,0.37342715
2015-03-26,0.46561956
2015-03-27,0.32183266
2015-03-30,0.19758436
2015-03-31,0.066286325
2015-04-01,0.25924265
2015-04-02,0.11755106
2015-04-06,0.25434533
2015-04-07,0.15851134
2015-04-08,0.09490675
2015-04-09,0.21094462
2015-04-10,0.06778869
2015-04-13,0.6445967
2015-04-14,0.5347296
2015-04-15,0.34563965
2015-04-16,0.37991872
2015-04-17,0.4377692
2015-04-20,0.004364282
2015-04-21,0.31541768
2015-04-22,0.22947988
2015-04-23,0.26050165
2015-04-24,0.36521208
2015-04-27,0.3520177
2015-04-28,0.6429868
2015-04-29,0.64806813
2015-04-30,0.84262
2015-05-01,0.37921262
2015-05-04,0.2238397
2015-05-05,0.9068941
2015-05-06,0.95042837
2015-05-07,0.34535903
2015-05-08,0.31374198
2015-05-11,0.21836826
2015-05-12,0.026049316
2015-05-13,0.27430308
2015-05-14,0.2441298
2015-05-15,0.16739464
2015-05-18,0.10345772
2015-05-19,0.20627636
2015-05-20,0.44877714
2015-05-21,0.20820004
2015-05-22,0.044494867
2015-05-26,0.76501477
2015-05-27,0.18925005
2015-05-28,0.25246692
2015-05-29,0.9214326
2015-06-01,0.33501083
2015-06-02,0.2947439
2015-06-03,0.12181568
2015-06-04,0.643437
2015-06-05,0.1885998
2015-06-08,0.7027252
2015-06-09,0.20208308
2015-06-10,0.73657393
2015-06-11,0.46140826
2015-06-12,0.68014944
2015-06-15,0.5877335
2015-06-16,0.04469651
2015-06-17,0.084638655
2015-06-18,0.42357516
2015-06-19,0.83252656
2015-06-22,0.12199128
2015-06-23,0.47155786
2015-06-24,0.351255
2015-06-25,0.5655226
2015-06-26,0.53057957
2015-06-29,0.7111969
2015-06-30,0.019613206
2015-07-01,0.69870603
2015-07-02,0.84810245
2015-07-06,0.30418068
2015-07-07,0.0037876964
2015-07-08,0.4459175
2015-07-09,0.06650707
2015-07-10,0.7846369
2015-07-13,0.07537827
2015-07-14,0.2853125
2015-07-15,0.20438543
2015-07-16,0.39829934
2015-07-17,0.1420415
2015-07-20,0.11977631
2015-07-21,0.5810664
2015-07-22,0.17185655
2015-07-23,0.7615665
2015-07-24,0.26601416
2015-07-27,0.30117413
2015-07-28,0.28718692
2015-07-29,0.29075617
2015-07-30,0.37403193
2015-07-31,0.3981769
2015-08-03,0.44665736
2015-08-04,0.3256656
2015-08-05,0.44756043
2015-08-06,0.40068865
2015-08-07,0.46822363
2015-08-10,0.34220475
2015-08-11,0.6454525
2015-08-12,0.37722138
2015-08-13,0.6157209
2015-08-14,0.31888664
2015-08-17,0.49819732
2015-08-18,0.6303191
2015-08-19,0.43648517
2015-08-20,0.72597575
2015-08-21,0.4843727
2015-08-24,0.65519893
2015-08-25,0.12608397
2015-08-26,0.011538148
2015-08-27,0.0038337708
2015-08-28,0.13332105
2015-08-31,0.16097736
2015-09-01,0.443137
2015-09-02,0.009559691
2015-09-03,0.090641886
2015-09-04,0.9616498
2015-09-08,0.16868246
2015-09-09,0.7326877
2015-09-10,0.34968916
2015-09-11,0.21093789
2015-09-14,0.8576552
2015-09-15,0.23493063
2015-09-16,0.06003827
2015-09-17,0.35584614
2015-09-18,0.99658406
2015-09-21,0.35518968
2015-09-22,0.7006158
2015-09-23,0.039072394
2015-09-24,0.5912038
2015-09-25,0.3924265
2015-09-28,0.78616214
2015-09-29,0.008673757
2015-09-30,0.23860782
2015-10-01,0.24849567
2015-10-02,0.23617396
2015-10-05,0.023833722
2015-10-06,0.011675417
2015-10-07,0.4265045
2015-10-08,0.25167644
2015-10-09,0.35127145
2015-10-12,0.5146265
2015-10-13,0.80571103
2015-10-14,0.4424524
2015-10-15,0.5465986
2015-10-16,0.18448898
2015-10-19,0.2827106
2015-10-20,0.9782263
2015-10-21,0.97136736
2015-10-22,0.21549323
2015-10-23,0.2865556
2015-10-26,0.4448897
2015-10-27,0.54759747
2015-10-28,0.90781856
2015-10-29,0.23928979
2015-10-30,0.049266517
2015-11-02,0.22050089
2015-11-03,0.04147449
2015-11-04,0.3206079
2015-11-05,0.081561446
2015-11-06,0.26105762
2015-11-09,0.9805403
2015-11-10,0.37216234
2015-11-11,0.83381546
2015-11-12,0.71328855
2015-11-13,0.7891923
2015-11-16,0.4594841
2015-11-17,0.84319
2015-11-18,0.28237948
2015-11-19,0.36646277
2015-11-20,0.2512864
2015-11-23,0.44128117
2015-11-24,0.5370063
2015-11-25,0.524419
2015-11-27,0.42703742
2015-11-30,0.46723032
2015-12-01,0.04620987
2015-12-02,0.12808582
2015-12-03,0.96668005
2015-12-04,1.7323325e-08
2015-12-07,0.8680026
2015-12-08,0.6153925
2015-12-09,0.8559307
2015-12-10,0.5625437
2015-12-11,0.9224958
2015-12-14,0.082624406
2015-12-15,0.034656137
2015-12-16,0.02312401
2015-12-17,0.27503312
2015-12-18,0.8646736
2015-12-21,0.07728952
2015-12-22,0.05944729
2015-12-23,0.23234639
2015-12-24,0.19646186
2015-12-28,0.963527
2015-12-29,0.14799127
2015-12-30,0.85403824
2015-12-31,0.96744055
2016-01-04,0.4915139
2016-01-05,0.2235828
2016-01-06,0.8528262
2016-01-07,0.43875998
2016-01-08,0.5571685
2016-01-11,0.3149948
2016-01-12,0.019708455
2016-01-13,0.599257
2016-01-14,0.25872254
2016-01-15,0.41399932
2016-01-19,0.036153615
2016-01-20,0.1513482
2016-01-21,0.04310125
2016-01-22,0.1581837
2016-01-25,0.08444464
2016-01-26,0.21547318
2016-01-27,0.21477869
2016-01-28,0.12547809
2016-01-29,0.22137496
2016-02-01,0.12224549
2016-02-02,0.2641719
2016-02-03,0.07229847
2016-02-04,0.14587417
2016-02-05,0.47643137
2016-02-08,0.43768907
2016-02-09,0.32222715
2016-02-10,0.18517461
2016-02-11,0.37000412
2016-02-12,0.015845716
2016-02-16,0.022766888
2016-02-17,0.28366435
2016-02-18,0.087265134
2016-02-19,0.061927557
2016-02-22,0.015905261
2016-02-23,0.29358524
2016-02-24,0.2343753
2016-02-25,0.09820029
2016-02-26,0.38221306
2016-02-29,0.59625953
2016-03-01,0.019575179
2016-03-02,0.01350683
2016-03-03,0.0065835714
2016-03-04,0.24878341
2016-03-07,0.00030758977
2016-03-08,0.5978222
2016-03-09,0.4173651
2016-03-10,0.015778512
2016-03-11,0.02525112
2016-03-14,0.04875636
2016-03-15,0.19531727
2016-03-16,0.097643256
2016-03-17,0.009241611
2016-03-18,0.3080216
2016-03-21,0.0009161532
2016-03-22,0.17903733
2016-03-23,0.9075069
2016-03-24,0.42330086
2016-03-28,0.8853985
2016-03-29,0.18966249
2016-03-30,0.13006034
2016-03-31,0.057678998
2016-04-01,0.005924672
2016-04-04,0.50886786
2016-04-05,0.5130161
2016-04-06,0.44405738
2016-04-07,0.62436813
2016-04-08,0.2448838
2016-04-11,0.64562523
2016-04-12,0.0021419525
2016-04-13,0.45637086
2016-04-14,0.07668388
2016-04-15,0.4593546
2016-04-18,0.08680633
2016-04-19,0.35477
2016-04-20,0.0059221983
2016-04-21,0.28412312
2016-04-22,0.11167836
2016-04-25,0.8480451
2016-04-26,0.09423199
2016-04-27,0.5528954
2016-04-28,0.88842165
2016-04-29,0.97768784
2016-05-02,0.18749595
2016-05-03,0.763566
2016-05-04,0.035096973
2016-05-05,0.0013731718
2016-05-06,0.07981613
2016-05-09,0.14421421
2016-05-10,0.0663434
2016-05-11,0.9199518
2016-05-12,0.096182376
2016-05-13,0.028550476
2016-05-16,0.36546025
2016-05-17,0.8832036
2016-05-18,0.055401564
2016-05-19,0.058481157
2016-05-20,0.40965253
2016-05-23,0.9077611
2016-05-24,0.010119617
2016-05-25,0.42958596
2016-05-26,0.02077058
2016-05-27,0.22004682
2016-05-31,0.68520933
2016-06-01,0.33932143
2016-06-02,0.07190418
2016-06-03,0.0873355
2016-06-06,0.0025206804
2016-06-07,0.50643605
2016-06-08,0.24644902
2016-06-09,0.45159358
2016-06-10,0.7506155
2016-06-13,0.6500656
2016-06-14,0.09588787
2016-06-15,0.0117743015
2016-06-16,0.16009244
2016-06-17,0.004521847
2016-06-20,0.19583005
2016-06-21,0.016707063
2016-06-22,0.6991364
2016-06-23,0.07817677
2016-06-24,0.8467353
2016-06-27,0.004891008
2016-06-28,0.14766178
2016-06-29,0.324256
2016-06-30,0.005319625
2016-07-01,0.028928906
2016-07-05,0.5579821
2016-07-06,0.33943588
2016-07-07,0.47430357
2016-07-08,0.5076151
2016-07-11,0.24779835
2016-07-12,0.038220853
2016-07-13,0.0050445497
2016-07-14,0.17305946
2016-07-15,0.06506935
2016-07-18,0.1440888
2016-07-19,0.027875274
2016-07-20,0.061737
2016-07-21,0.31712952
2016-07-22,0.18246055
2016-07-25,0.12948555
2016-07-26,0.027706891
2016-07-27,0.025656104
2016-07-28,0.7049179
2016-07-29,0.51074576
2016-08-01,0.944764
2016-08-02,0.94174385
2016-08-03,0.11946073
2016-08-04,0.23868355
2016-08-05,0.0060581267
2016-08-08,0.024771482
2016-08-09,0.197128
2016-08-10,0.09170109
2016-08-11,0.31119275
2016-08-12,0.024385095
2016-08-15,0.23899734
2016-08-16,0.96307844
2016-08-17,0.2567392
2016-08-18,0.0013693273
2016-08-19,0.16557676
2016-08-22,0.8006326
2016-08-23,0.4010448
2016-08-24,0.3991701
2016-08-25,0.28836474
2016-08-26,0.9488985
2016-08-29,0.11651355
2016-08-30,0.10184348
2016-08-31,0.9766927
2016-09-01,0.013643593
2016-09-02,0.07301688
2016-09-06,0.022510648
2016-09-07,0.05130294
2016-09-08,0.76785827
2016-09-09,0.59726393
2016-09-12,0.07862836
2016-09-13,0.81273925
2016-09-14,0.09671453
2016-09-15,0.10707539
2016-09-16,0.545717
2016-09-19,0.036234796
2016-09-20,0.29913217
2016-09-21,0.09089863
2016-09-22,0.1314471
2016-09-23,0.036817282
2016-09-26,0.68814254
2016-09-27,0.5489718
2016-09-28,0.047995627
2016-09-29,0.27118093
2016-09-30,0.3712129
2016-10-03,0.12449905
2016-10-04,0.13438731
2016-10-05,0.00032949448
2016-10-06,0.16588303
2016-10-07,0.98094094
2016-10-10,0.10433009
2016-10-11,0.9400816
2016-10-12,0.77387977
2016-10-13,0.8779048
2016-10-14,0.008954018
2016-10-17,0.13922834
2016-10-18,0.7457197
2016-10-19,0.14454785
2016-10-20,0.6827673
2016-10-21,0.03110081
2016-10-24,0.5765002
2016-10-25,0.9883609
2016-10-26,0.9945017
2016-10-27,0.7909075
2016-10-28,0.71033365
2016-10-31,0.57998985
2016-11-01,0.6182231
2016-11-02,0.9862789
2016-11-03,0.8892909
2016-11-04,0.09180516
2016-11-07,0.23228377
2016-11-08,0.8308374
2016-11-09,0.6275206
2016-11-10,0.00026243925
2016-11-11,0.1739366
2016-11-14,0.9993514
2016-11-15,0.99836063
2016-11-16,0.08031586
2016-11-17,0.98598313
2016-11-18,0.79741126
2016-11-21,0.99549204
2016-11-22,0.063759476
2016-11-23,0.1591444
2016-11-25,0.94863534
2016-11-28,0.72741944
2016-11-29,0.8089112
2016-11-30,0.46692395
2016-12-01,0.38768148
2016-12-02,0.13682032
2016-12-05,0.17943674
2016-12-06,0.95269066
2016-12-07,0.44388124
2016-12-08,0.04521817
2016-12-09,0.8280698
2016-12-12,0.48546445
2016-12-13,0.9486374
2016-12-14,0.43286923
2016-12-15,0.09654191
2016-12-16,0.98493016
2016-12-19,0.973582
2016-12-20,0.22074664
2016-12-21,0.76802516
2016-12-22,0.028754503
2016-12-23,0.5209147
2016-12-27,0.6143235
2016-12-28,0.9836585
2016-12-29,0.6978547
2016-12-30,0.97562623
2017-01-03,0.56390357
2017-01-04,0.6325266
2017-01-05,0.27345657
2017-01-06,0.9695931
2017-01-09,0.8562
2017-01-10,0.45550048
2017-01-11,0.9573834
2017-01-12,0.0037245452
2017-01-13,0.85472023
2017-01-17,0.6860614
2017-01-18,0.023300081
2017-01-19,0.9572555
2017-01-20,0.83645153
2017-01-23,0.8544428
2017-01-24,0.010605723
2017-01-25,0.85875535
2017-01-26,0.62293595
2017-01-27,0.28700966
2017-01-30,0.13259423
2017-01-31,0.8851237
2017-02-01,0.7888613
2017-02-02,0.7686732
2017-02-03,0.9712136
2017-02-06,0.8512583
2017-02-07,0.3734672
2017-02-08,0.075288594
2017-02-09,0.42689556
2017-02-10,0.9767805
2017-02-13,0.9755403
2017-02-14,0.99263686
2017-02-15,0.8135621
2017-02-16,0.9684658
2017-02-17,0.4537248
2017-02-21,0.4771872
2017-02-22,0.8860035
2017-02-23,0.6814925
2017-02-24,0.18197858
2017-02-27,0.16948113
2017-02-28,0.35411265
2017-03-01,0.87933874
2017-03-02,0.9383832
2017-03-03,0.15099594
2017-03-06,0.7780547
2017-03-07,0.5966176
2017-03-08,0.6091966
2017-03-09,0.50117946
2017-03-10,0.20816085
2017-03-13,0.44925112
2017-03-14,0.24028346
2017-03-15,0.36386773
2017-03-16,0.1681568
2017-03-17,0.05645135
2017-03-20,0.40938318
2017-03-21,0.6782135
2017-03-22,0.6876677
2017-03-23,0.26310098
2017-03-24,0.8744329
2017-03-27,0.63587475
2017-03-28,0.6677988
2017-03-29,0.9435777
2017-03-30,0.37393248
2017-03-31,0.90706253
2017-04-03,0.20850149
2017-04-04,0.08478558
2017-04-05,0.767779
2017-04-06,0.9719435
2017-04-07,0.1273599
2017-04-10,0.99620813
2017-04-11,0.1019741
2017-04-12,0.24306896
2017-04-13,0.9551178
2017-04-17,0.32100117
2017-04-18,0.52856207
2017-04-19,0.21166039
2017-04-20,0.5990168
2017-04-21,0.07761034
2017-04-24,0.69742155
2017-04-25,0.1634362
2017-04-26,0.6239412
2017-04-27,0.43358028
2017-04-28,0.36674112
2017-05-01,0.3481807
2017-05-02,0.4752838
2017-05-03,0.50564796
2017-05-04,0.040279984
2017-05-05,0.042708546
2017-05-08,0.50428385
2017-05-09,0.92626286
2017-05-10,0.45472237
2017-05-11,0.4795631
2017-05-12,0.23678061
2017-05-15,0.4222341
2017-05-16,0.64475065
2017-05-17,0.37741703
2017-05-18,0.027116418
2017-05-19,0.014525145
2017-05-22,0.99952024
2017-05-23,0.35059193
2017-05-24,0.50344616
2017-05-25,0.31962022
2017-05-26,0.57505226
2017-05-30,0.7802529
2017-05-31,0.3088855
2017-06-01,0.4639866
2017-06-02,0.6136986
2017-06-05,0.7124007
2017-06-06,0.46151513
2017-06-07,0.30032533
2017-06-08,0.66842175
2017-06-09,0.6937884
2017-06-12,0.35013366
2017-06-13,0.6577749
2017-06-14,0.67523587
2017-06-15,0.40892702
2017-06-16,0.09326953
2017-06-19,0.11226341
2017-06-20,0.01924032
2017-06-21,0.07398453
2017-06-22,0.24558994
2017-06-23,0.067819804
2017-06-26,0.41069335
2017-06-27,0.57690656
2017-06-28,0.019049555
2017-06-29,0.8296685
2017-06-30,0.6251277
2017-07-03,0.104534745
2017-07-05,0.42443243
2017-07-06,0.63906485
2017-07-07,0.25722718
2017-07-10,0.063240886
2017-07-12,0.15894774
2017-07-13,0.30635577
2017-07-14,0.47098926
2017-07-17,0.4272676
2017-07-18,0.12104589
2017-07-19,0.27051073
2017-07-20,0.3864128
2017-07-21,0.14972594
2017-07-24,0.6214475
2017-07-25,0.7062048
2017-07-26,0.18606979
2017-07-27,0.69967973
2017-07-28,0.06059909
2017-07-31,0.24391472
2017-08-01,0.22185886
2017-08-02,0.27530238
2017-08-03,0.49294946
2017-08-04,0.044879228
2017-08-07,0.14032194
2017-08-08,0.58833134
2017-08-09,0.62060046
2017-08-10,0.11237764
2017-08-11,0.22860682
2017-08-14,0.5183252
2017-08-15,0.9969789
2017-08-16,0.49455613
2017-08-17,0.52587926
2017-08-18,0.41320276
2017-08-21,0.77650684
2017-08-22,0.9979981
2017-08-23,0.9936611
2017-08-24,0.30749014
2017-08-25,0.43159065
2017-08-28,0.72541696
2017-08-29,0.4648453
2017-08-30,0.6907463
2017-08-31,0.31398344
2017-09-01,0.6232757
2017-09-05,0.69788355
2017-09-06,0.11082858
2017-09-07,0.39531982
2017-09-08,0.3256879
2017-09-11,0.44425398
2017-09-12,0.976586
2017-09-13,0.24970388
2017-09-14,0.34259903
2017-09-15,0.30342758
2017-09-18,0.47924256
2017-09-19,0.44520223
2017-09-20,0.100204796
2017-09-21,0.3558025
2017-09-22,0.36395288
2017-09-25,0.19601396
2017-09-26,0.14926937
2017-09-27,0.47813803
2017-09-28,0.31328174
2017-09-29,0.06926867
2017-10-02,0.46781987
2017-10-03,0.6061364
2017-10-04,0.8855354
2017-10-05,0.6183373
2017-10-06,0.54439855
2017-10-09,0.41621667
2017-10-10,0.4821873
2017-10-11,0.680272
2017-10-12,0.41945198
2017-10-13,0.38063425
2017-10-16,0.23108488
2017-10-17,0.8426809
2017-10-18,0.29254013
2017-10-19,0.9693952
2017-10-20,0.09842497
2017-10-23,0.9591273
2017-10-24,0.09289825
2017-10-25,0.11257705
2017-10-26,0.2589116
2017-10-27,0.10992366
2017-10-30,0.52114016
2017-10-31,0.3332969
2017-11-01,0.17607602
2017-11-02,0.14221919
2017-11-03,0.41465828
2017-11-06,0.35434896
2017-11-07,0.48385885
2017-11-08,0.18602699
2017-11-09,0.46258008
2017-11-10,0.93246424
2017-11-13,0.3359411
2017-11-14,0.3035048
2017-11-15,0.048899323
2017-11-17,0.14952049
2017-11-20,0.66779053
2017-11-21,0.8554108
2017-11-22,0.6511838
2017-11-24,0.561887
2017-11-27,0.35197353
2017-11-28,0.25999096
2017-11-29,0.56223047
2017-11-30,0.22238758
2017-12-01,0.088959605
2017-12-04,0.38898468
2017-12-05,0.6564737
2017-12-06,0.9669303
2017-12-07,0.2919525
2017-12-08,0.57460266
2017-12-11,0.94860446
2017-12-12,0.5984576
2017-12-13,0.6026965
2017-12-14,0.17205268
2017-12-15,0.9438093
2017-12-18,0.48507455
2017-12-19,0.54552466
2017-12-20,0.43425328
2017-12-21,0.82233405
2017-12-22,0.6072191
2017-12-26,0.68805134
2017-12-27,0.66453063
2017-12-28,0.5315289
2017-12-29,0.6932546
2018-01-02,0.9268747
2018-01-03,0.06519267
2018-01-04,0.060373455
2018-01-05,0.6639832
2018-01-08,0.6719303
2018-01-09,0.7258301
2018-01-10,0.9565127
2018-01-11,0.715669
2018-01-12,0.65428615
2018-01-16,0.23627132
2018-01-17,0.51970094
2018-01-18,0.68433344
2018-01-19,0.9938055
2018-01-22,0.6883882
2018-01-23,0.7202025
2018-01-24,0.57962203
2018-01-25,0.26087046
2018-01-26,0.895954
2018-01-29,0.6591121
2018-01-30,0.9748739
2018-01-31,0.09860015
2018-02-01,0.20537794
2018-02-02,0.9771037
2018-02-05,0.9972546
2018-02-06,0.6413991
2018-02-07,5.646719e-05
2018-02-08,0.002882272
2018-02-09,0.037071377
2018-02-12,0.012520134
2018-02-13,0.033749014
2018-02-14,0.6058965
2018-02-15,0.12362367
2018-02-16,0.18179247
2018-02-20,0.74188817
2018-02-21,0.63673997
2018-02-22,0.47467977
2018-02-23,0.2695073
2018-02-26,0.15931061
2018-02-27,0.508569
2018-02-28,0.27310556
2018-03-01,0.64079946
2018-03-02,0.034298986
2018-03-05,0.18386316
2018-03-06,0.6345515
2018-03-07,0.5317232
2018-03-08,0.6574739
2018-03-09,0.70468736
2018-03-12,0.22427276
2018-03-13,0.56336176
2018-03-14,0.75995106
2018-03-15,0.35512042
2018-03-16,0.66179323
2018-03-19,0.6986718
2018-03-20,0.89774823
2018-03-21,0.49318787
2018-03-22,0.21701312
2018-03-23,0.4605237
2018-03-26,0.27113402
2018-03-27,0.21407312
2018-03-28,0.5002951
2018-03-29,0.5254772
2018-04-02,0.032948047
2018-04-03,0.7095481
2018-04-04,0.32807672
2018-04-05,0.58545256
2018-04-06,0.8549247
2018-04-09,0.18666047
2018-04-10,0.5353453
2018-04-11,0.102776974
2018-04-12,0.63992655
2018-04-13,0.7751142
2018-04-16,0.3509913
2018-04-17,0.68021476
2018-04-18,0.6201061
2018-04-19,0.42009252
2018-04-20,0.9707869
2018-04-23,0.8803804
2018-04-24,0.08514434
2018-04-25,0.9772513
2018-04-26,0.6953864
2018-04-27,0.46023005
2018-04-30,0.6330673
2018-05-01,0.46775126
2018-05-02,0.82560694
2018-05-03,0.3110486
2018-05-04,0.70571774
2018-05-07,0.54422814
2018-05-08,0.09645271
2018-05-09,0.97544956
2018-05-10,0.90658855
2018-05-11,0.49865243
2018-05-14,0.6090522
2018-05-15,0.98375845
2018-05-16,0.4599494
2018-05-17,0.9535848
2018-05-18,0.2415927
2018-05-21,0.5643355
2018-05-22,0.5762847
2018-05-23,0.39747202
2018-05-24,0.6484097
2018-05-25,0.3609384
2018-05-29,0.4677975
2018-05-30,0.78858095
2018-05-31,0.93377054
2018-06-01,0.36801463
2018-06-04,0.37408605
2018-06-05,0.33838874
2018-06-06,0.4341098
2018-06-07,0.7758969
2018-06-08,0.5236179
2018-06-11,0.4344777
2018-06-12,0.9692306
2018-06-13,0.9552731
2018-06-14,0.12528068
2018-06-15,0.5958037
2018-06-18,0.6783984
2018-06-19,0.9016129
2018-06-20,0.23123053
2018-06-21,0.7524928
2018-06-22,0.7109454
2018-06-25,0.38213104
2018-06-26,0.94959104
2018-06-27,0.841977
2018-06-28,0.90068406
2018-06-29,0.14060134
2018-07-02,0.24357384
2018-07-03,0.9804534
2018-07-05,0.32039762
2018-07-06,0.48673895
2018-07-09,0.3092667
2018-07-10,0.39800802
2018-07-11,0.62638235
2018-07-12,0.9748549
2018-07-13,0.41235662
2018-07-16,0.46020597
2018-07-17,0.38095137
2018-07-18,0.4961334
2018-07-19,0.8078062
2018-07-20,0.6856468
2018-07-23,0.2126725
2018-07-24,0.40044034
2018-07-25,0.584234
2018-07-26,0.43025714
2018-07-27,0.7725487
2018-07-30,0.82341635
2018-07-31,0.9313264
2018-08-01,0.65874755
2018-08-02,0.96372205
2018-08-03,0.74837035
2018-08-06,0.47143152
2018-08-07,0.54328287
2018-08-08,0.53112787
2018-08-09,0.27804857
2018-08-10,0.9175182
2018-08-13,0.9046621
2018-08-14,0.707353
2018-08-15,0.6646488
2018-08-16,0.9582056
2018-08-17,0.4853704
2018-08-20,0.11679989
2018-08-21,0.31964532
2018-08-22,0.6764932
2018-08-23,0.76042414
2018-08-24,0.7164005
2018-08-27,0.14060065
2018-08-28,0.017145425
2018-08-29,0.53754205
2018-08-30,0.67052805
2018-08-31,0.25544754
2018-09-04,0.63458765
2018-09-05,0.77570236
2018-09-06,0.9644083
2018-09-07,0.7043984
2018-09-10,0.7645876
2018-09-11,0.052253544
2018-09-12,0.82153606
2018-09-13,0.06156954
2018-09-14,0.033390224
2018-09-17,0.85613644
2018-09-18,0.5324166
2018-09-19,0.44884276
2018-09-20,0.34162408
2018-09-21,0.090940654
2018-09-24,0.6884791
2018-09-25,0.9538727
2018-09-26,0.9054773
2018-09-27,0.7294269
2018-09-28,0.7739253
2018-10-01,0.92421234
2018-10-02,0.85126483
2018-10-03,0.98560995
2018-10-04,0.29940736
2018-10-05,0.75507116
2018-10-08,0.7925502
2018-10-09,0.9710559
2018-10-10,0.9076067
2018-10-11,0.80439174
2018-10-12,0.020824432
2018-10-15,0.1293062
2018-10-16,0.65619165
2018-10-17,0.078665644
2018-10-18,0.9297136
2018-10-19,0.323575
2018-10-22,0.15566453
2018-10-23,0.3762634
2018-10-24,0.24447107
2018-10-25,0.040814668
2018-10-26,0.20344889
2018-10-29,0.34969664
2018-10-30,0.2789332
2018-10-31,0.027650952
2018-11-01,0.1823895
2018-11-02,0.01203531
2018-11-05,0.062040776
2018-11-06,0.6508581
2018-11-07,0.67740744
2018-11-08,0.050694942
2018-11-09,0.960693
2018-11-12,0.8730843
2018-11-13,0.9710625
2018-11-14,0.15063584
2018-11-15,0.17071444
2018-11-16,0.0017741323
2018-11-19,0.030487299
2018-11-20,0.9855145
2018-11-21,0.5235935
2018-11-23,0.13057804
2018-11-26,0.81786394
2018-11-27,0.15065655
2018-11-28,0.40830985
2018-11-29,0.14938596
2018-11-30,0.59813017
2018-12-03,0.0988822
2018-12-04,0.021904409
2018-12-06,0.76624376
2018-12-07,0.0028851926
2018-12-10,0.3706172
2018-12-11,0.118950814
2018-12-12,0.04693666
2018-12-13,0.09321734
2018-12-14,0.36220908
2018-12-17,0.60326314
2018-12-18,0.17384058
2018-12-19,0.16260174
2018-12-20,0.00029534101
2018-12-21,0.0030351281
2018-12-24,0.015802026
2018-12-26,0.057426512
2018-12-27,0.018784016
2018-12-28,0.027106375
2018-12-31,0.00057831407
2019-01-02,0.060907215
2019-01-03,0.26467282
2019-01-04,0.55584115
2019-01-07,0.033620477
2019-01-08,0.09988433
2019-01-09,0.6116338
2019-01-10,0.026916146
2019-01-11,0.40543076
2019-01-14,0.6756479
2019-01-15,0.6983167
2019-01-16,0.3504629
2019-01-17,0.017067492
2019-01-18,0.37388223
2019-01-22,0.027597576
2019-01-23,0.70582306
2019-01-24,0.172853
2019-01-25,0.013958931
2019-01-28,0.0056140125
2019-01-29,0.4630428
2019-01-30,0.4773034
2019-01-31,7.99014e-05
2019-02-01,0.0084448755
2019-02-04,0.72940296
2019-02-05,0.7086511
2019-02-06,0.58815515
2019-02-07,0.9787447
2019-02-08,0.68532556
2019-02-11,0.5798387
2019-02-12,0.73044086
2019-02-13,0.022104949
2019-02-14,0.2136924
2019-02-15,0.14644402
2019-02-19,0.832062
2019-02-20,0.035673022
2019-02-21,0.6051767
2019-02-22,0.9841496
2019-02-25,0.47483188
2019-02-26,0.7428644
2019-02-27,0.708649
2019-02-28,0.99536467
2019-03-01,0.8059949
2019-03-04,0.014741212
2019-03-05,0.66702497
2019-03-06,0.68228006
2019-03-07,0.9861438
2019-03-08,0.9929202
2019-03-11,0.93893194
2019-03-12,0.61806774
2019-03-13,0.6214014
2019-03-14,0.7818949
2019-03-15,0.9836664
2019-03-18,0.00024977326
2019-03-19,0.6394007
2019-03-20,0.6761486
2019-03-21,0.35567686
2019-03-22,0.2117036
2019-03-25,0.2773952
2019-03-26,0.61263025
2019-03-27,0.5679733
2019-03-28,0.11846954
2019-03-29,0.669467
2019-04-01,0.5750966
2019-04-02,0.24938366
2019-04-03,0.9422206
2019-04-04,0.48244157
2019-04-05,0.6822415
2019-04-08,0.66872525
2019-04-09,0.813773
2019-04-10,0.9943063
2019-04-11,0.68282485
2019-04-12,0.9935003
2019-04-15,0.621279
2019-04-16,0.98890424
2019-04-17,0.7196154
2019-04-18,0.9904672
2019-04-22,0.6964456
2019-04-23,0.9611048
2019-04-24,0.9458293
2019-04-25,0.9902154
2019-04-26,0.9895068
2019-04-29,0.5660988
2019-04-30,0.99524784
2019-05-01,0.5602988
2019-05-02,0.9503964
2019-05-03,0.9456701
2019-05-06,0.28758043
2019-05-07,0.97059894
2019-05-08,0.11620918
2019-05-09,0.7271009
2019-05-10,0.9754343
2019-05-13,0.15268084
2019-05-14,0.6596148
2019-05-15,0.10830495
2019-05-16,0.18890357
2019-05-17,0.750769
2019-05-20,0.9857289
2019-05-21,0.9840802
2019-05-23,0.8417072
2019-05-24,0.42402828
2019-05-28,0.56656146
2019-05-29,0.2769248
2019-05-30,0.5334686
2019-05-31,0.30473217
2019-06-03,0.056115985
2019-06-04,0.07637441
2019-06-05,0.179937
2019-06-06,0.80069256
2019-06-07,0.4739975
2019-06-10,0.13515624
2019-06-11,0.7674004
2019-06-12,0.03639278
2019-06-13,0.933889
2019-06-14,0.5346749
2019-06-17,0.3542869
2019-06-18,0.6009995
2019-06-19,0.0019233525
2019-06-20,0.12182921
2019-06-21,0.002202481
2019-06-24,0.8556644
2019-06-25,0.5663497
2019-06-26,0.641338
2019-06-27,0.982311
2019-06-28,0.50683814
2019-07-01,0.5715646
2019-07-02,0.007654935
2019-07-03,0.06067592
2019-07-05,0.6482917
2019-07-08,0.96865374
2019-07-09,0.99225307
2019-07-10,0.7490811
2019-07-11,0.6287375
2019-07-12,0.9863211
2019-07-15,0.92280483
2019-07-16,0.99041176
2019-07-17,0.99643314
2019-07-18,0.65693665
2019-07-19,0.5009948
2019-07-22,0.82408196
2019-07-23,0.9128604
2019-07-24,0.53498566
2019-07-25,0.845842
2019-07-26,0.97764415
2019-07-29,0.902939
2019-07-30,0.77855736
2019-07-31,0.9736048
2019-08-01,0.6400745
2019-08-02,0.0010265708
2019-08-05,0.24522075
2019-08-06,0.08861631
2019-08-07,0.111476064
2019-08-08,0.08771318
2019-08-09,0.14934117
2019-08-12,0.903935
2019-08-13,0.14308476
2019-08-14,0.08424571
2019-08-15,0.056907117
2019-08-16,0.15850544
2019-08-19,0.37890938
2019-08-20,0.26112488
2019-08-21,0.52502
2019-08-22,0.36781746
2019-08-23,0.99140537
2019-08-26,0.52890605
2019-08-27,0.9615495
2019-08-28,0.82497805
2019-08-29,0.86015487
2019-08-30,0.74659574
2019-09-03,0.23449987
2019-09-04,0.89966583
2019-09-05,0.14141348
2019-09-06,0.98940086
2019-09-09,0.88729024
2019-09-10,0.9394568
2019-09-11,0.8114118
2019-09-12,0.82199967
2019-09-13,0.4727276
2019-09-16,0.9677381
2019-09-17,0.5537475
2019-09-18,0.018480241
2019-09-19,0.5053842
2019-09-20,0.64076537
2019-09-23,0.28614408
2019-09-24,0.9966302
2019-09-25,0.93250585
2019-09-26,0.99128866
2019-09-27,0.6588721
2019-09-30,0.98039305
2019-10-01,0.57603663
2019-10-02,0.33801043
2019-10-03,0.3756163
2019-10-04,0.13433892
2019-10-07,0.26268104
2019-10-08,0.99714583
2019-10-09,0.99232376
2019-10-10,0.9556013
2019-10-11,0.988806
2019-10-14,0.01523301
2019-10-15,0.87397516
2019-10-16,0.41206402
2019-10-17,0.94856226
2019-10-18,0.6719891
2019-10-21,0.97238123
2019-10-22,0.5159753
2019-10-23,0.9363909
2019-10-24,0.98702157
2019-10-25,0.21081471
2019-10-28,0.9960613
2019-10-29,0.9921199
2019-10-30,0.9972811
2019-10-31,0.12775639
2019-11-01,0.887148
2019-11-04,0.2640729
2019-11-05,0.97595483
2019-11-06,0.98781943
2019-11-07,0.95356286
2019-11-08,0.96624315
2019-11-11,0.9996376
2019-11-12,0.98640007
2019-11-13,0.99908227
2019-11-14,0.9966965
2019-11-15,0.98928094
2019-11-18,0.40963513
2019-11-19,0.97777045
2019-11-20,0.99679947
2019-11-21,0.99455386
2019-11-22,0.99861383
2019-11-25,0.9934522
2019-11-26,0.6281868
2019-11-27,0.85891515
2019-11-29,0.9949174
2019-12-02,0.8625953
2019-12-03,0.47119105
2019-12-04,0.12945458
2019-12-05,0.99517286
2019-12-06,0.9815624
2019-12-09,0.8553698
2019-12-10,0.99794644
2019-12-11,0.971352
2019-12-12,0.5443393
2019-12-13,5.9547747e-05
2019-12-16,8.8386805e-05
2019-12-17,0.440104
2019-12-18,0.5370443
2019-12-19,0.96324533
2019-12-20,0.9611981
2019-12-23,0.4746899
2019-12-24,0.9971084
2019-12-26,0.9630692
2019-12-27,0.9830897
2019-12-30,0.71556854
2019-12-31,0.9934541
2020-01-02,0.96460617
2020-01-03,0.004555106
2020-01-06,0.6690481
2020-01-07,0.7322995
2020-01-08,0.9248246
2020-01-09,0.48234895
2020-01-10,0.55521685
2020-01-13,0.5704035
2020-01-14,0.5462752
2020-01-15,0.9783817
2020-01-16,0.9611839
2020-01-17,0.996802
2020-01-21,0.92872727
2020-01-22,0.95523155
2020-01-23,0.97821283
2020-01-24,0.99504197
2020-01-27,0.9933251
2020-01-28,0.98895085
2020-01-29,0.9867784
2020-01-30,0.63469696
2020-01-31,0.9972793
2020-02-03,0.9825386
2020-02-04,0.17163432
2020-02-05,0.10422778
2020-02-06,0.92759204
2020-02-07,0.69447035
2020-02-10,0.91280407
2020-02-11,0.6407754
2020-02-12,0.9390177
2020-02-13,0.8860776
2020-02-14,0.9937177
2020-02-18,0.9748226
2020-02-19,0.99172264
2020-02-20,0.93291724
2020-02-21,0.9923995
2020-02-24,0.9006288
2020-02-25,0.033168435
2020-02-26,0.45294347
2020-02-27,0.03640443
2020-02-28,0.4194816
2020-03-02,1.4239979e-05
2020-03-03,0.0038646758
2020-03-04,0.023433328
2020-03-05,0.8822088
2020-03-06,0.2389144
2020-03-09,1.7965234e-06
2020-03-10,0.0019077659
2020-03-11,0.8661225
2020-03-12,0.037546217
2020-03-13,4.0421355e-06
2020-03-16,3.315044e-06
2020-03-17,4.4261947e-32
2020-03-18,4.76711e-31
2020-03-19,2.3622722e-13
2020-03-20,3.7689927e-06
2020-03-23,2.7011525e-31
2020-03-24,4.3018767e-07
2020-03-25,1.0330514e-14
2020-03-26,0.00037252903
2020-03-27,1.6917005e-07
2020-03-30,0.006583661
2020-03-31,2.886479e-06
2020-04-01,6.0419017e-05
2020-04-02,2.5957832e-05
2020-04-03,7.631952e-06
2020-04-06,1.266414e-05
2020-04-07,3.3335982e-07
2020-04-08,0.006231636
2020-04-09,0.002755195
2020-04-13,0.309466
2020-04-14,0.0033999383
2020-04-15,0.003029734
2020-04-16,0.027148396
2020-04-17,0.022262871
2020-04-20,0.17052695
2020-04-21,1.2442843e-35
2020-04-22,2.3955131e-35
2020-04-23,2.8030996e-33
2020-04-24,1.0240345e-30
2020-04-27,2.48626e-27
2020-04-28,6.197636e-25
2020-04-29,4.460743e-23
2020-04-30,1.6963412e-21
2020-05-01,1.3407568e-18
2020-05-04,1.2406131e-17
2020-05-05,1.02635704e-16
2020-05-06,1.0211873e-14
2020-05-07,3.3174768e-13
2020-05-08,3.374856e-11
2020-05-11,6.146072e-11
2020-05-12,2.519272e-10
2020-05-13,2.5504491e-08
2020-05-14,4.4499842e-08
2020-05-15,2.5919735e-07
2020-05-18,3.971796e-05
2020-05-19,5.106031e-06
2020-05-20,1.560977e-05
2020-05-21,2.0073987e-05
2020-05-22,0.000161618
2020-05-26,0.00039356947
2020-05-27,0.00039729476
2020-05-28,0.000977993
2020-05-29,0.004180968
2020-06-01,0.008356094
2020-06-02,0.009079814
2020-06-03,0.008102775
2020-06-04,0.026507705
2020-06-05,0.09884325
2020-06-08,0.041714936
2020-06-09,0.049421698
2020-06-10,0.19147205
2020-06-11,0.14525658
2020-06-12,0.21550491
2020-06-15,0.021057129
2020-06-16,0.058134645
2020-06-17,0.090848744
2020-06-18,0.14450452
2020-06-19,0.36397144
2020-06-22,0.1401011
2020-06-23,0.18691719
2020-06-24,0.30066463
2020-06-25,0.6085533
2020-06-26,0.4528956
2020-06-29,0.625174
2020-06-30,0.2785862
2020-07-01,0.29905343
2020-07-02,0.29451895
2020-07-06,0.28039545
2020-07-07,0.50154734
2020-07-08,0.73709875
2020-07-09,0.33487195
2020-07-10,0.55628175
2020-07-13,0.6377049
2020-07-14,0.57797205
2020-07-15,0.24942264
2020-07-16,0.45468616
2020-07-17,0.80318093
2020-07-20,0.5732828
2020-07-21,0.61542654
2020-07-22,0.9687977
2020-07-23,0.9988432
2020-07-24,0.9057991
2020-07-27,0.74487865
2020-07-28,0.9940268
2020-07-29,0.7959424
2020-07-30,0.1667892
2020-07-31,0.74613464
2020-08-03,0.71073264
2020-08-04,0.40775174
2020-08-05,0.94364166
2020-08-06,0.23653066
2020-08-07,0.9956554
2020-08-10,0.9066278
2020-08-11,0.8266057
2020-08-12,0.00015237927
2020-08-13,0.08465132
2020-08-14,0.13620225
2020-08-17,0.96210515
2020-08-18,0.9393809
2020-08-19,0.81497324
2020-08-20,0.9986882
2020-08-21,0.8484733
2020-08-24,0.8679469
2020-08-25,0.73343486
2020-08-26,0.720225
2020-08-27,0.841411
2020-08-28,0.7897507
2020-08-31,0.9108503
2020-09-01,0.9877807
2020-09-02,0.5745512
2020-09-03,0.6831469
2020-09-04,0.97296053
2020-09-08,0.30108452
2020-09-09,0.5536879
2020-09-10,0.47672832
2020-09-11,0.7302464
2020-09-14,0.6025664
2020-09-15,0.7144142
2020-09-16,0.7260816
2020-09-17,0.750692
2020-09-18,0.9445752
2020-09-21,0.92929155
2020-09-22,0.8781847
2020-09-23,0.6778489
2020-09-24,0.99482954
2020-09-25,0.7325149
2020-09-28,0.63628536
2020-09-29,0.71916425
2020-09-30,0.90779936
2020-10-01,0.52622145
2020-10-02,0.34254435
2020-10-05,0.8587029
2020-10-06,0.83675116
2020-10-07,0.9043913
2020-10-08,0.53994507
2020-10-09,0.7033385
2020-10-12,0.7382771
2020-10-13,0.5612753
2020-10-14,0.9947316
2020-10-15,0.904083
2020-10-16,0.7604357
2020-10-19,0.96044004
2020-10-20,0.99948764
2020-10-21,0.8173984
2020-10-22,0.7113592
2020-10-23,0.80612886
2020-10-26,0.6995372
2020-10-27,0.73665255
2020-10-28,0.5907751
2020-10-29,0.07823342
2020-10-30,0.04775715
2020-11-02,0.13170037
2020-11-03,0.3364954
2020-11-04,0.26739216
2020-11-05,0.11130577
2020-11-06,0.02111128
2020-11-09,0.47409824
2020-11-10,0.0011654496
2020-11-11,0.96793187
2020-11-12,0.66078186
2020-11-13,0.9990469
2020-11-16,0.46286184
2020-11-17,0.5826946
2020-11-18,0.99459714
2020-11-19,0.9998779
2020-11-20,0.9628074
2020-11-23,0.99902546
2020-11-24,0.9808519
2020-11-25,0.3133132
2020-11-27,0.9884455
2020-11-30,0.9864087
2020-12-01,0.97355086
2020-12-02,0.08315432
2020-12-03,0.9776628
2020-12-04,0.6784032
2020-12-07,0.9379038
2020-12-08,0.9994825
2020-12-09,0.9986691
2020-12-10,0.9987535
2020-12-11,0.67307925
2020-12-14,0.9979261
2020-12-15,0.9283078
2020-12-16,0.699282
2020-12-17,0.9934537
2020-12-18,0.7230915
2020-12-21,0.991326
2020-12-22,0.99801755
2020-12-23,0.96618223
2020-12-24,0.9948907
2020-12-28,0.99961805
2020-12-29,0.9810399
2020-12-30,0.96419066
2020-12-31,0.6889144
2021-01-04,0.47561866
2021-01-05,0.5973794
2021-01-06,0.3439585
2021-01-07,0.9132743
2021-01-08,0.66000426
2021-01-11,0.15788391
2021-01-12,0.9998236
2021-01-13,0.9117242
2021-01-14,0.9992671
2021-01-15,0.98432165
2021-01-19,0.93517447
2021-01-20,0.57483715
2021-01-21,0.68733543
2021-01-22,0.99400765
2021-01-25,0.979552
2021-01-26,0.7002192
2021-01-27,0.9990028
2021-01-28,0.8132971
2021-01-29,0.97316873
2021-02-01,0.2635473
2021-02-02,0.9732431
2021-02-03,0.9913995
2021-02-04,0.9967247
2021-02-05,0.9861385
2021-02-08,0.99992955
2021-02-09,0.98239434
2021-02-10,0.9976239
2021-02-11,0.99863994
2021-02-12,0.9847698
2021-02-16,0.99966383
2021-02-17,0.9962395
2021-02-18,0.9983363
2021-02-19,0.9998806
2021-02-22,0.98886263
2021-02-23,0.99985373
2021-02-24,0.98867536
2021-02-25,0.96468353
2021-02-26,0.99776363
2021-03-01,0.07632965
2021-03-02,0.07508221
2021-03-03,0.99884486
2021-03-04,0.9984107
2021-03-05,0.97219586
2021-03-08,0.2872032
2021-03-09,0.9984668
2021-03-10,0.19236898
2021-03-11,0.9897205
2021-03-12,0.2098895
2021-03-15,0.99555355
2021-03-16,0.7463361
2021-03-17,0.7226236
2021-03-18,0.9770322
2021-03-19,0.99859756
2021-03-22,0.4255256
2021-03-23,0.57781506
2021-03-24,0.8843392
2021-03-25,0.9752672
2021-03-26,0.21965337
2021-03-29,0.087512225
2021-03-30,0.9615791
2021-03-31,0.6363039
2021-04-01,0.3024915
2021-04-05,0.253981
2021-04-06,0.5642179
2021-04-07,0.40170285
2021-04-08,0.9989599
2021-04-09,0.35844547
2021-04-12,0.99646485
2021-04-13,0.9992367
2021-04-14,0.71393055
2021-04-15,0.9868753
2021-04-16,0.5825714
2021-04-19,0.9928373
2021-04-20,0.9973511
2021-04-21,0.9997487
2021-04-22,0.8717764
2021-04-23,0.9992575
2021-04-26,0.58194864
2021-04-27,0.99987817
2021-04-28,0.99983096
2021-04-29,0.9994744
2021-04-30,0.99555624
2021-05-03,0.9992765
2021-05-04,0.92836666
2021-05-05,0.99439126
2021-05-06,0.6955967
2021-05-07,0.6632996
2021-05-10,0.49359635
2021-05-11,0.9997123
2021-05-12,0.99800444
2021-05-13,0.99666893
2021-05-14,0.47290102
2021-05-17,0.22610787
2021-05-18,0.9963809
2021-05-19,0.71447414
2021-05-20,0.9810176
2021-05-21,0.37431857
2021-05-24,0.98872435
2021-05-25,0.9945655
2021-05-26,0.65124655
2021-05-27,0.9928925
2021-05-28,0.99965465
2021-06-01,0.6911064
2021-06-02,0.20132893
2021-06-03,0.9993577
2021-06-04,0.9972969
2021-06-07,0.40937388
2021-06-08,0.99901974
2021-06-09,0.99954605
2021-06-10,0.97157496
2021-06-11,0.63092643
2021-06-14,0.9978876
2021-06-15,0.98787254
2021-06-16,0.99889493
2021-06-17,0.9999193
2021-06-18,0.014626712
2021-06-21,0.38045156
2021-06-22,0.86359346
2021-06-23,0.98543274
2021-06-24,0.8971962
2021-06-25,0.6801332
2021-06-28,0.91238964
2021-06-29,0.7001398
2021-06-30,0.99985015
2021-07-01,0.9953864
2021-07-02,0.9132538
2021-07-06,0.9874145
2021-07-07,0.9996885
2021-07-08,0.48520514
2021-07-09,0.9968113
2021-07-12,0.119541585
2021-07-13,0.9893149
2021-07-14,0.99593985
2021-07-15,0.76734364
2021-07-16,0.6718024
2021-07-19,0.97825897
2021-07-20,0.16382971
2021-07-21,0.1672763
2021-07-22,0.49539852
2021-07-23,0.2753718
2021-07-26,0.9972637
2021-07-27,0.999688
2021-07-28,0.99896246
2021-07-29,0.42220268
2021-07-30,0.4894356
2021-08-02,0.6315789
2021-08-03,0.0770649
2021-08-04,0.9565363
2021-08-05,0.98311484
2021-08-06,0.9825431
2021-08-09,0.9095279
2021-08-10,0.94149804
2021-08-11,0.9867983
2021-08-12,0.98009455
2021-08-13,0.9992713
2021-08-16,0.39734653
2021-08-17,0.9967135
2021-08-18,0.9921082
2021-08-19,0.9477277
2021-08-20,0.99662006
2021-08-23,0.96572995
2021-08-24,0.12697554
2021-08-25,0.2630362
2021-08-26,0.99630964
2021-08-27,0.9973788
2021-08-30,0.13793564
2021-08-31,0.9919561
2021-09-01,0.37484992
2021-09-02,0.15235028
2021-09-03,0.9919902
2021-09-07,0.8188659
2021-09-08,0.8088007
2021-09-09,0.9956389
2021-09-10,0.9296994
2021-09-13,0.91335845
2021-09-14,0.98321176
2021-09-15,0.9932209
2021-09-16,0.9774146
2021-09-17,0.9930742
2021-09-20,0.9369031
2021-09-21,0.5055845
2021-09-22,0.100955635
2021-09-23,0.26694262
2021-09-24,0.04994133
2021-09-27,0.987577
2021-09-28,0.97958994
2021-09-29,0.25765428
2021-09-30,0.7824425
