Daily,Consumer: (United States)
1/1/04,0
1/2/04,54
1/3/04,22
1/4/04,22
1/5/04,0
1/6/04,36
1/7/04,79
1/8/04,67
1/9/04,41
1/10/04,0
1/11/04,22
1/12/04,65
1/13/04,74
1/14/04,38
1/15/04,13
1/16/04,54
1/17/04,42
1/18/04,22
1/19/04,43
1/20/04,37
1/21/04,50
1/22/04,12
1/23/04,26
1/24/04,20
1/25/04,20
1/26/04,25
1/27/04,37
1/28/04,37
1/29/04,100
1/30/04,40
1/31/04,0
2/1/04,20
2/2/04,12
2/3/04,23
2/4/04,11
2/5/04,47
2/6/04,12
2/7/04,0
2/8/04,30
2/9/04,48
2/10/04,47
2/11/04,24
2/12/04,12
2/13/04,39
2/14/04,0
2/15/04,0
2/16/04,55
2/17/04,12
2/18/04,35
2/19/04,24
2/20/04,39
2/21/04,0
2/22/04,96
2/23/04,46
2/24/04,0
2/25/04,70
2/26/04,0
2/27/04,39
2/28/04,20
2/29/04,0
3/1/04,97
3/2/04,46
3/3/04,0
3/4/04,33
3/5/04,43
3/6/04,0
3/7/04,0
3/8/04,0
3/9/04,0
3/10/04,49
3/11/04,0
3/12/04,53
3/13/04,0
3/14/04,0
3/15/04,36
3/16/04,11
3/17/04,35
3/18/04,37
3/19/04,13
3/20/04,20
3/21/04,0
3/22/04,0
3/23/04,0
3/24/04,32
3/25/04,44
3/26/04,0
3/27/04,40
3/28/04,21
3/29/04,46
3/30/04,22
3/31/04,45
4/1/04,0
4/2/04,50
4/3/04,0
4/4/04,39
4/5/04,24
4/6/04,35
4/7/04,35
4/8/04,12
4/9/04,44
4/10/04,21
4/11/04,0
4/12/04,0
4/13/04,0
4/14/04,67
4/15/04,46
4/16/04,50
4/17/04,0
4/18/04,20
4/19/04,11
4/20/04,22
4/21/04,44
4/22/04,11
4/23/04,0
4/24/04,0
4/25/04,19
4/26/04,66
4/27/04,11
4/28/04,22
4/29/04,23
4/30/04,37
5/1/04,20
5/2/04,0
5/3/04,33
5/4/04,33
5/5/04,0
5/6/04,46
5/7/04,13
5/8/04,42
5/9/04,21
5/10/04,12
5/11/04,33
5/12/04,65
5/13/04,11
5/14/04,37
5/15/04,0
5/16/04,20
5/17/04,68
5/18/04,11
5/19/04,33
5/20/04,11
5/21/04,48
5/22/04,41
5/23/04,61
5/24/04,33
5/25/04,45
5/26/04,11
5/27/04,24
5/28/04,13
5/29/04,0
5/30/04,47
5/31/04,0
6/1/04,46
6/2/04,45
6/3/04,23
6/4/04,76
6/5/04,41
6/6/04,20
6/7/04,35
6/8/04,81
6/9/04,35
6/10/04,26
6/11/04,15
6/12/04,0
6/13/04,0
6/14/04,13
6/15/04,64
6/16/04,26
6/17/04,27
6/18/04,43
6/19/04,71
6/20/04,24
6/21/04,53
6/22/04,51
6/23/04,52
6/24/04,27
6/25/04,29
6/26/04,0
6/27/04,0
6/28/04,13
6/29/04,26
6/30/04,39
7/1/04,14
7/2/04,30
7/3/04,49
7/4/04,0
7/5/04,0
7/6/04,91
7/7/04,38
7/8/04,26
7/9/04,28
7/10/04,0
7/11/04,0
7/12/04,38
7/13/04,50
7/14/04,56
7/15/04,86
7/16/04,14
7/17/04,22
7/18/04,0
7/19/04,25
7/20/04,25
7/21/04,51
7/22/04,40
7/23/04,14
7/24/04,22
7/25/04,23
7/26/04,27
7/27/04,25
7/28/04,51
7/29/04,53
7/30/04,43
7/31/04,0
8/1/04,22
8/2/04,64
8/3/04,25
8/4/04,13
8/5/04,79
8/6/04,70
8/7/04,0
8/8/04,23
8/9/04,88
8/10/04,37
8/11/04,38
8/12/04,51
8/13/04,40
8/14/04,22
8/15/04,0
8/16/04,12
8/17/04,50
8/18/04,25
8/19/04,64
8/20/04,14
8/21/04,0
8/22/04,65
8/23/04,37
8/24/04,48
8/25/04,49
8/26/04,100
8/27/04,13
8/28/04,0
8/29/04,0
8/30/04,35
8/31/04,23
9/1/04,12
9/2/04,37
9/3/04,27
9/4/04,0
9/5/04,22
9/6/04,0
9/7/04,23
9/8/04,69
9/9/04,23
9/10/04,0
9/11/04,39
9/12/04,38
9/13/04,34
9/14/04,11
9/15/04,11
9/16/04,12
9/17/04,37
9/18/04,19
9/19/04,19
9/20/04,57
9/21/04,44
9/22/04,67
9/23/04,56
9/24/04,0
9/25/04,20
9/26/04,19
9/27/04,33
9/28/04,43
9/29/04,11
9/30/04,11
10/1/04,37
10/2/04,39
10/3/04,0
10/4/04,32
10/5/04,11
10/6/04,11
10/7/04,46
10/8/04,25
10/9/04,20
10/10/04,0
10/11/04,12
10/12/04,0
10/13/04,29
10/14/04,34
10/15/04,24
10/16/04,19
10/17/04,37
10/18/04,54
10/19/04,53
10/20/04,32
10/21/04,33
10/22/04,12
10/23/04,19
10/24/04,18
10/25/04,43
10/26/04,21
10/27/04,32
10/28/04,87
10/29/04,0
10/30/04,0
10/31/04,0
11/1/04,33
11/2/04,10
11/3/04,10
11/4/04,32
11/5/04,34
11/6/04,0
11/7/04,0
11/8/04,0
11/9/04,0
11/10/04,58
11/11/04,45
11/12/04,46
11/13/04,18
11/14/04,18
11/15/04,42
11/16/04,21
11/17/04,42
11/18/04,42
11/19/04,0
11/20/04,56
11/21/04,17
11/22/04,42
11/23/04,21
11/24/04,0
11/25/04,20
11/26/04,18
11/27/04,0
11/28/04,17
11/29/04,50
11/30/04,10
12/1/04,81
12/2/04,20
12/3/04,43
12/4/04,17
12/5/04,67
12/6/04,10
12/7/04,28
12/8/04,0
12/9/04,20
12/10/04,21
12/11/04,0
12/12/04,17
12/13/04,10
12/14/04,20
12/15/04,31
12/16/04,32
12/17/04,34
12/18/04,37
12/19/04,76
12/20/04,11
12/21/04,11
12/22/04,24
12/23/04,0
12/24/04,20
12/25/04,0
12/26/04,22
12/27/04,0
12/28/04,12
12/29/04,37
12/30/04,13
12/31/04,33
1/1/05,0
1/2/05,34
1/3/05,21
1/4/05,78
1/5/05,10
1/6/05,20
1/7/05,31
1/8/05,48
1/9/05,0
1/10/05,32
1/11/05,32
1/12/05,21
1/13/05,65
1/14/05,34
1/15/05,54
1/16/05,0
1/17/05,50
1/18/05,74
1/19/05,43
1/20/05,22
1/21/05,34
1/22/05,0
1/23/05,0
1/24/05,74
1/25/05,31
1/26/05,0
1/27/05,21
1/28/05,0
1/29/05,51
1/30/05,34
1/31/05,52
2/1/05,51
2/2/05,42
2/3/05,42
2/4/05,33
2/5/05,18
2/6/05,0
2/7/05,53
2/8/05,50
2/9/05,61
2/10/05,52
2/11/05,33
2/12/05,34
2/13/05,34
2/14/05,10
2/15/05,10
2/16/05,31
2/17/05,51
2/18/05,43
2/19/05,17
2/20/05,17
2/21/05,23
2/22/05,20
2/23/05,10
2/24/05,60
2/25/05,11
2/26/05,0
2/27/05,25
2/28/05,100
3/1/05,40
3/2/05,41
3/3/05,43
3/4/05,11
3/5/05,17
3/6/05,34
3/7/05,31
3/8/05,58
3/9/05,50
3/10/05,21
3/11/05,11
3/12/05,0
3/13/05,17
3/14/05,40
3/15/05,20
3/16/05,60
3/17/05,40
3/18/05,44
3/19/05,17
3/20/05,17
3/21/05,31
3/22/05,20
3/23/05,0
3/24/05,22
3/25/05,38
3/26/05,0
3/27/05,23
3/28/05,51
3/29/05,41
3/30/05,21
3/31/05,32
4/1/05,11
4/2/05,17
4/3/05,33
4/4/05,42
4/5/05,0
4/6/05,41
4/7/05,20
4/8/05,33
4/9/05,36
4/10/05,54
4/11/05,20
4/12/05,47
4/13/05,0
4/14/05,41
4/15/05,76
4/16/05,18
4/17/05,0
4/18/05,0
4/19/05,29
4/20/05,20
4/21/05,21
4/22/05,32
4/23/05,50
4/24/05,16
4/25/05,58
4/26/05,28
4/27/05,29
4/28/05,39
4/29/05,31
4/30/05,48
5/1/05,16
5/2/05,38
5/3/05,19
5/4/05,56
5/5/05,38
5/6/05,41
5/7/05,36
5/8/05,18
5/9/05,47
5/10/05,56
5/11/05,29
5/12/05,39
5/13/05,11
5/14/05,17
5/15/05,0
5/16/05,29
5/17/05,19
5/18/05,86
5/19/05,10
5/20/05,32
5/21/05,0
5/22/05,51
5/23/05,29
5/24/05,47
5/25/05,29
5/26/05,10
5/27/05,11
5/28/05,36
5/29/05,0
5/30/05,32
5/31/05,48
6/1/05,10
6/2/05,40
6/3/05,11
6/4/05,17
6/5/05,0
6/6/05,10
6/7/05,29
6/8/05,29
6/9/05,41
6/10/05,39
6/11/05,20
6/12/05,0
6/13/05,12
6/14/05,46
6/15/05,35
6/16/05,72
6/17/05,52
6/18/05,21
6/19/05,0
6/20/05,12
6/21/05,82
6/22/05,35
6/23/05,49
6/24/05,13
6/25/05,41
6/26/05,0
6/27/05,71
6/28/05,35
6/29/05,47
6/30/05,24
7/1/05,27
7/2/05,42
7/3/05,23
7/4/05,0
7/5/05,38
7/6/05,81
7/7/05,35
7/8/05,25
7/9/05,76
7/10/05,39
7/11/05,23
7/12/05,33
7/13/05,57
7/14/05,23
7/15/05,99
7/16/05,19
7/17/05,19
7/18/05,79
7/19/05,45
7/20/05,34
7/21/05,35
7/22/05,25
7/23/05,39
7/24/05,20
7/25/05,45
7/26/05,77
7/27/05,11
7/28/05,71
7/29/05,0
7/30/05,58
7/31/05,39
8/1/05,90
8/2/05,67
8/3/05,23
8/4/05,23
8/5/05,37
8/6/05,19
8/7/05,38
8/8/05,22
8/9/05,33
8/10/05,100
8/11/05,34
8/12/05,24
8/13/05,55
8/14/05,37
8/15/05,22
8/16/05,86
8/17/05,34
8/18/05,23
8/19/05,24
8/20/05,0
8/21/05,0
8/22/05,22
8/23/05,32
8/24/05,45
8/25/05,29
8/26/05,46
8/27/05,17
8/28/05,34
8/29/05,11
8/30/05,62
8/31/05,63
9/1/05,44
9/2/05,24
9/3/05,36
9/4/05,19
9/5/05,0
9/6/05,32
9/7/05,50
9/8/05,31
9/9/05,11
9/10/05,0
9/11/05,66
9/12/05,40
9/13/05,0
9/14/05,20
9/15/05,50
9/16/05,54
9/17/05,33
9/18/05,0
9/19/05,59
9/20/05,68
9/21/05,29
9/22/05,51
9/23/05,33
9/24/05,17
9/25/05,16
9/26/05,49
9/27/05,68
9/28/05,30
9/29/05,40
9/30/05,22
10/1/05,17
10/2/05,65
10/3/05,69
10/4/05,28
10/5/05,38
10/6/05,48
10/7/05,63
10/8/05,0
10/9/05,16
10/10/05,20
10/11/05,38
10/12/05,38
10/13/05,69
10/14/05,83
10/15/05,65
10/16/05,16
10/17/05,38
10/18/05,28
10/19/05,29
10/20/05,10
10/21/05,31
10/22/05,16
10/23/05,46
10/24/05,19
10/25/05,65
10/26/05,77
10/27/05,58
10/28/05,62
10/29/05,0
10/30/05,32
10/31/05,48
11/1/05,10
11/2/05,19
11/3/05,57
11/4/05,40
11/5/05,0
11/6/05,15
11/7/05,36
11/8/05,62
11/9/05,31
11/10/05,13
11/11/05,10
11/12/05,46
11/13/05,15
11/14/05,36
11/15/05,18
11/16/05,62
11/17/05,27
11/18/05,40
11/19/05,0
11/20/05,45
11/21/05,9
11/22/05,36
11/23/05,31
11/24/05,0
11/25/05,0
11/26/05,15
11/27/05,29
11/28/05,35
11/29/05,8
11/30/05,17
12/1/05,44
12/2/05,37
12/3/05,14
12/4/05,28
12/5/05,34
12/6/05,42
12/7/05,26
12/8/05,26
12/9/05,28
12/10/05,28
12/11/05,28
12/12/05,44
12/13/05,77
12/14/05,35
12/15/05,54
12/16/05,39
12/17/05,43
12/18/05,0
12/19/05,19
12/20/05,47
12/21/05,40
12/22/05,11
12/23/05,0
12/24/05,18
12/25/05,0
12/26/05,0
12/27/05,34
12/28/05,43
12/29/05,32
12/30/05,69
12/31/05,15
1/1/06,35
1/2/06,60
1/3/06,27
1/4/06,70
1/5/06,35
1/6/06,55
1/7/06,41
1/8/06,14
1/9/06,35
1/10/06,84
1/11/06,47
1/12/06,29
1/13/06,60
1/14/06,0
1/15/06,15
1/16/06,11
1/17/06,47
1/18/06,28
1/19/06,28
1/20/06,39
1/21/06,100
1/22/06,29
1/23/06,64
1/24/06,27
1/25/06,73
1/26/06,56
1/27/06,39
1/28/06,42
1/29/06,14
1/30/06,63
1/31/06,35
2/1/06,63
2/2/06,36
2/3/06,19
2/4/06,14
2/5/06,14
2/6/06,65
2/7/06,26
2/8/06,18
2/9/06,72
2/10/06,67
2/11/06,41
2/12/06,13
2/13/06,26
2/14/06,18
2/15/06,64
2/16/06,9
2/17/06,58
2/18/06,42
2/19/06,28
2/20/06,20
2/21/06,53
2/22/06,35
2/23/06,45
2/24/06,19
2/25/06,29
2/26/06,28
2/27/06,53
2/28/06,34
3/1/06,53
3/2/06,35
3/3/06,56
3/4/06,28
3/5/06,14
3/6/06,35
3/7/06,43
3/8/06,53
3/9/06,27
3/10/06,47
3/11/06,14
3/12/06,0
3/13/06,27
3/14/06,52
3/15/06,54
3/16/06,54
3/17/06,38
3/18/06,85
3/19/06,28
3/20/06,26
3/21/06,43
3/22/06,52
3/23/06,18
3/24/06,28
3/25/06,28
3/26/06,0
3/27/06,35
3/28/06,42
3/29/06,52
3/30/06,27
3/31/06,58
4/1/06,28
4/2/06,14
4/3/06,35
4/4/06,51
4/5/06,44
4/6/06,18
4/7/06,19
4/8/06,0
4/9/06,14
4/10/06,44
4/11/06,43
4/12/06,18
4/13/06,9
4/14/06,84
4/15/06,59
4/16/06,15
4/17/06,53
4/18/06,78
4/19/06,43
4/20/06,17
4/21/06,57
4/22/06,14
4/23/06,0
4/24/06,50
4/25/06,82
4/26/06,59
4/27/06,79
4/28/06,9
4/29/06,43
4/30/06,28
5/1/06,17
5/2/06,41
5/3/06,59
5/4/06,60
5/5/06,37
5/6/06,0
5/7/06,28
5/8/06,25
5/9/06,74
5/10/06,25
5/11/06,17
5/12/06,46
5/13/06,0
5/14/06,14
5/15/06,60
5/16/06,17
5/17/06,17
5/18/06,52
5/19/06,28
5/20/06,44
5/21/06,0
5/22/06,26
5/23/06,60
5/24/06,52
5/25/06,36
5/26/06,39
5/27/06,47
5/28/06,34
5/29/06,14
5/30/06,44
5/31/06,9
6/1/06,72
6/2/06,19
6/3/06,0
6/4/06,14
6/5/06,71
6/6/06,17
6/7/06,53
6/8/06,63
6/9/06,67
6/10/06,14
6/11/06,44
6/12/06,9
6/13/06,26
6/14/06,27
6/15/06,37
6/16/06,20
6/17/06,45
6/18/06,16
6/19/06,27
6/20/06,80
6/21/06,45
6/22/06,45
6/23/06,28
6/24/06,28
6/25/06,28
6/26/06,34
6/27/06,69
6/28/06,43
6/29/06,27
6/30/06,49
7/1/06,45
7/2/06,31
7/3/06,55
7/4/06,27
7/5/06,38
7/6/06,52
7/7/06,38
7/8/06,14
7/9/06,0
7/10/06,94
7/11/06,25
7/12/06,34
7/13/06,35
7/14/06,47
7/15/06,40
7/16/06,42
7/17/06,51
7/18/06,50
7/19/06,17
7/20/06,17
7/21/06,55
7/22/06,27
7/23/06,14
7/24/06,100
7/25/06,76
7/26/06,43
7/27/06,17
7/28/06,46
7/29/06,27
7/30/06,27
7/31/06,26
8/1/06,33
8/2/06,58
8/3/06,69
8/4/06,36
8/5/06,68
8/6/06,28
8/7/06,59
8/8/06,42
8/9/06,50
8/10/06,17
8/11/06,54
8/12/06,54
8/13/06,0
8/14/06,67
8/15/06,41
8/16/06,50
8/17/06,17
8/18/06,9
8/19/06,13
8/20/06,26
8/21/06,58
8/22/06,57
8/23/06,33
8/24/06,34
8/25/06,35
8/26/06,12
8/27/06,0
8/28/06,32
8/29/06,39
8/30/06,32
8/31/06,25
9/1/06,62
9/2/06,50
9/3/06,41
9/4/06,22
9/5/06,39
9/6/06,31
9/7/06,48
9/8/06,25
9/9/06,36
9/10/06,36
9/11/06,39
9/12/06,30
9/13/06,31
9/14/06,31
9/15/06,33
9/16/06,12
9/17/06,12
9/18/06,31
9/19/06,7
9/20/06,61
9/21/06,39
9/22/06,50
9/23/06,47
9/24/06,0
9/25/06,68
9/26/06,38
9/27/06,61
9/28/06,54
9/29/06,17
9/30/06,61
10/1/06,12
10/2/06,15
10/3/06,67
10/4/06,45
10/5/06,30
10/6/06,33
10/7/06,24
10/8/06,37
10/9/06,39
10/10/06,44
10/11/06,95
10/12/06,23
10/13/06,40
10/14/06,49
10/15/06,12
10/16/06,37
10/17/06,36
10/18/06,37
10/19/06,30
10/20/06,32
10/21/06,24
10/22/06,0
10/23/06,58
10/24/06,22
10/25/06,66
10/26/06,45
10/27/06,24
10/28/06,11
10/29/06,23
10/30/06,22
10/31/06,29
11/1/06,38
11/2/06,15
11/3/06,38
11/4/06,11
11/5/06,22
11/6/06,21
11/7/06,69
11/8/06,48
11/9/06,29
11/10/06,32
11/11/06,44
11/12/06,33
11/13/06,43
11/14/06,48
11/15/06,63
11/16/06,42
11/17/06,0
11/18/06,22
11/19/06,11
11/20/06,36
11/21/06,14
11/22/06,24
11/23/06,24
11/24/06,44
11/25/06,35
11/26/06,33
11/27/06,21
11/28/06,34
11/29/06,54
11/30/06,34
12/1/06,43
12/2/06,21
12/3/06,31
12/4/06,27
12/5/06,47
12/6/06,34
12/7/06,41
12/8/06,51
12/9/06,52
12/10/06,10
12/11/06,21
12/12/06,46
12/13/06,41
12/14/06,56
12/15/06,15
12/16/06,11
12/17/06,0
12/18/06,29
12/19/06,36
12/20/06,38
12/21/06,47
12/22/06,0
12/23/06,12
12/24/06,13
12/25/06,0
12/26/06,10
12/27/06,34
12/28/06,33
12/29/06,26
12/30/06,22
12/31/06,34
1/1/07,24
1/2/07,66
1/3/07,7
1/4/07,28
1/5/07,50
1/6/07,20
1/7/07,10
1/8/07,69
1/9/07,13
1/10/07,25
1/11/07,51
1/12/07,35
1/13/07,12
1/14/07,51
1/15/07,55
1/16/07,49
1/17/07,50
1/18/07,100
1/19/07,68
1/20/07,12
1/21/07,12
1/22/07,50
1/23/07,71
1/24/07,32
1/25/07,41
1/26/07,43
1/27/07,24
1/28/07,36
1/29/07,24
1/30/07,63
1/31/07,32
2/1/07,0
2/2/07,92
2/3/07,12
2/4/07,12
2/5/07,33
2/6/07,46
2/7/07,16
2/8/07,55
2/9/07,50
2/10/07,24
2/11/07,24
2/12/07,47
2/13/07,76
2/14/07,24
2/15/07,83
2/16/07,17
2/17/07,12
2/18/07,25
2/19/07,44
2/20/07,95
2/21/07,48
2/22/07,63
2/23/07,83
2/24/07,46
2/25/07,46
2/26/07,31
2/27/07,30
2/28/07,15
3/1/07,62
3/2/07,66
3/3/07,47
3/4/07,59
3/5/07,86
3/6/07,61
3/7/07,54
3/8/07,39
3/9/07,58
3/10/07,12
3/11/07,24
3/12/07,31
3/13/07,40
3/14/07,24
3/15/07,24
3/16/07,50
3/17/07,12
3/18/07,48
3/19/07,55
3/20/07,58
3/21/07,55
3/22/07,40
3/23/07,51
3/24/07,12
3/25/07,24
3/26/07,78
3/27/07,70
3/28/07,54
3/29/07,64
3/30/07,42
3/31/07,24
4/1/07,12
4/2/07,16
4/3/07,23
4/4/07,55
4/5/07,16
4/6/07,36
4/7/07,72
4/8/07,39
4/9/07,46
4/10/07,38
4/11/07,53
4/12/07,45
4/13/07,64
4/14/07,69
4/15/07,11
4/16/07,52
4/17/07,37
4/18/07,30
4/19/07,39
4/20/07,41
4/21/07,62
4/22/07,36
4/23/07,23
4/24/07,30
4/25/07,29
4/26/07,23
4/27/07,72
4/28/07,12
4/29/07,72
4/30/07,30
5/1/07,29
5/2/07,37
5/3/07,23
5/4/07,23
5/5/07,11
5/6/07,23
5/7/07,71
5/8/07,35
5/9/07,64
5/10/07,36
5/11/07,70
5/12/07,35
5/13/07,24
5/14/07,57
5/15/07,50
5/16/07,35
5/17/07,87
5/18/07,23
5/19/07,58
5/20/07,23
5/21/07,35
5/22/07,56
5/23/07,36
5/24/07,58
5/25/07,97
5/26/07,36
5/27/07,51
5/28/07,22
5/29/07,21
5/30/07,21
5/31/07,65
6/1/07,16
6/2/07,45
6/3/07,22
6/4/07,77
6/5/07,84
6/6/07,58
6/7/07,37
6/8/07,16
6/9/07,46
6/10/07,49
6/11/07,37
6/12/07,22
6/13/07,82
6/14/07,54
6/15/07,84
6/16/07,13
6/17/07,28
6/18/07,64
6/19/07,48
6/20/07,0
6/21/07,41
6/22/07,64
6/23/07,35
6/24/07,24
6/25/07,52
6/26/07,51
6/27/07,22
6/28/07,61
6/29/07,56
6/30/07,71
7/1/07,0
7/2/07,61
7/3/07,54
7/4/07,33
7/5/07,57
7/6/07,56
7/7/07,45
7/8/07,34
7/9/07,51
7/10/07,14
7/11/07,52
7/12/07,38
7/13/07,63
7/14/07,34
7/15/07,58
7/16/07,37
7/17/07,58
7/18/07,36
7/19/07,52
7/20/07,47
7/21/07,23
7/22/07,36
7/23/07,51
7/24/07,57
7/25/07,44
7/26/07,45
7/27/07,54
7/28/07,45
7/29/07,12
7/30/07,65
7/31/07,72
8/1/07,44
8/2/07,37
8/3/07,39
8/4/07,46
8/5/07,11
8/6/07,58
8/7/07,70
8/8/07,57
8/9/07,44
8/10/07,54
8/11/07,45
8/12/07,0
8/13/07,72
8/14/07,42
8/15/07,36
8/16/07,58
8/17/07,38
8/18/07,44
8/19/07,11
8/20/07,35
8/21/07,75
8/22/07,71
8/23/07,44
8/24/07,84
8/25/07,22
8/26/07,11
8/27/07,14
8/28/07,55
8/29/07,35
8/30/07,36
8/31/07,40
9/1/07,22
9/2/07,23
9/3/07,20
9/4/07,69
9/5/07,68
9/6/07,34
9/7/07,50
9/8/07,40
9/9/07,39
9/10/07,53
9/11/07,26
9/12/07,74
9/13/07,48
9/14/07,57
9/15/07,21
9/16/07,41
9/17/07,47
9/18/07,33
9/19/07,26
9/20/07,81
9/21/07,50
9/22/07,20
9/23/07,39
9/24/07,66
9/25/07,52
9/26/07,65
9/27/07,47
9/28/07,58
9/29/07,10
9/30/07,30
10/1/07,52
10/2/07,26
10/3/07,46
10/4/07,20
10/5/07,42
10/6/07,21
10/7/07,31
10/8/07,60
10/9/07,39
10/10/07,58
10/11/07,53
10/12/07,78
10/13/07,42
10/14/07,30
10/15/07,71
10/16/07,44
10/17/07,45
10/18/07,72
10/19/07,41
10/20/07,10
10/21/07,30
10/22/07,31
10/23/07,31
10/24/07,68
10/25/07,45
10/26/07,21
10/27/07,39
10/28/07,40
10/29/07,64
10/30/07,25
10/31/07,100
11/1/07,62
11/2/07,41
11/3/07,59
11/4/07,29
11/5/07,44
11/6/07,30
11/7/07,31
11/8/07,44
11/9/07,46
11/10/07,38
11/11/07,29
11/12/07,91
11/13/07,55
11/14/07,59
11/15/07,70
11/16/07,27
11/17/07,19
11/18/07,28
11/19/07,38
11/20/07,51
11/21/07,42
11/22/07,40
11/23/07,27
11/24/07,29
11/25/07,18
11/26/07,60
11/27/07,87
11/28/07,24
11/29/07,30
11/30/07,38
12/1/07,35
12/2/07,18
12/3/07,71
12/4/07,12
12/5/07,36
12/6/07,42
12/7/07,51
12/8/07,36
12/9/07,0
12/10/07,48
12/11/07,64
12/12/07,42
12/13/07,49
12/14/07,20
12/15/07,18
12/16/07,9
12/17/07,38
12/18/07,81
12/19/07,52
12/20/07,20
12/21/07,36
12/22/07,10
12/23/07,11
12/24/07,29
12/25/07,0
12/26/07,58
12/27/07,44
12/28/07,30
12/29/07,49
12/30/07,20
12/31/07,24
1/1/08,10
1/2/08,26
1/3/08,25
1/4/08,38
1/5/08,35
1/6/08,9
1/7/08,31
1/8/08,60
1/9/08,90
1/10/08,30
1/11/08,57
1/12/08,14
1/13/08,0
1/14/08,44
1/15/08,100
1/16/08,39
1/17/08,40
1/18/08,51
1/19/08,42
1/20/08,29
1/21/08,48
1/22/08,47
1/23/08,33
1/24/08,68
1/25/08,35
1/26/08,14
1/27/08,14
1/28/08,48
1/29/08,61
1/30/08,52
1/31/08,53
2/1/08,20
2/2/08,21
2/3/08,36
2/4/08,60
2/5/08,47
2/6/08,47
2/7/08,24
2/8/08,41
2/9/08,21
2/10/08,35
2/11/08,38
2/12/08,56
2/13/08,42
2/14/08,40
2/15/08,47
2/16/08,29
2/17/08,7
2/18/08,36
2/19/08,33
2/20/08,56
2/21/08,33
2/22/08,20
2/23/08,14
2/24/08,0
2/25/08,53
2/26/08,27
2/27/08,70
2/28/08,29
2/29/08,65
3/1/08,7
3/2/08,14
3/3/08,29
3/4/08,32
3/5/08,37
3/6/08,47
3/7/08,50
3/8/08,34
3/9/08,28
3/10/08,47
3/11/08,48
3/12/08,48
3/13/08,19
3/14/08,36
3/15/08,15
3/16/08,7
3/17/08,48
3/18/08,34
3/19/08,60
3/20/08,37
3/21/08,18
3/22/08,0
3/23/08,35
3/24/08,36
3/25/08,24
3/26/08,14
3/27/08,10
3/28/08,50
3/29/08,14
3/30/08,35
3/31/08,37
4/1/08,41
4/2/08,37
4/3/08,37
4/4/08,15
4/5/08,21
4/6/08,35
4/7/08,23
4/8/08,32
4/9/08,23
4/10/08,33
4/11/08,35
4/12/08,28
4/13/08,21
4/14/08,46
4/15/08,46
4/16/08,62
4/17/08,67
4/18/08,36
4/19/08,15
4/20/08,15
4/21/08,42
4/22/08,28
4/23/08,52
4/24/08,29
4/25/08,36
4/26/08,22
4/27/08,7
4/28/08,40
4/29/08,27
4/30/08,23
5/1/08,38
5/2/08,25
5/3/08,14
5/4/08,37
5/5/08,28
5/6/08,32
5/7/08,28
5/8/08,32
5/9/08,20
5/10/08,15
5/11/08,38
5/12/08,37
5/13/08,46
5/14/08,28
5/15/08,0
5/16/08,30
5/17/08,38
5/18/08,22
5/19/08,28
5/20/08,42
5/21/08,33
5/22/08,14
5/23/08,16
5/24/08,24
5/25/08,17
5/26/08,14
5/27/08,38
5/28/08,38
5/29/08,44
5/30/08,31
5/31/08,22
6/1/08,15
6/2/08,47
6/3/08,47
6/4/08,65
6/5/08,58
6/6/08,31
6/7/08,30
6/8/08,30
6/9/08,45
6/10/08,87
6/11/08,55
6/12/08,31
6/13/08,39
6/14/08,66
6/15/08,30
6/16/08,30
6/17/08,65
6/18/08,79
6/19/08,43
6/20/08,97
6/21/08,0
6/22/08,28
6/23/08,36
6/24/08,48
6/25/08,84
6/26/08,30
6/27/08,58
6/28/08,28
6/29/08,47
6/30/08,54
7/1/08,42
7/2/08,37
7/3/08,66
7/4/08,9
7/5/08,52
7/6/08,29
7/7/08,53
7/8/08,41
7/9/08,47
7/10/08,72
7/11/08,32
7/12/08,36
7/13/08,9
7/14/08,59
7/15/08,58
7/16/08,41
7/17/08,42
7/18/08,64
7/19/08,54
7/20/08,18
7/21/08,46
7/22/08,69
7/23/08,29
7/24/08,42
7/25/08,51
7/26/08,36
7/27/08,18
7/28/08,28
7/29/08,62
7/30/08,23
7/31/08,52
8/1/08,32
8/2/08,18
8/3/08,18
8/4/08,63
8/5/08,58
8/6/08,35
8/7/08,53
8/8/08,44
8/9/08,53
8/10/08,18
8/11/08,53
8/12/08,52
8/13/08,47
8/14/08,54
8/15/08,44
8/16/08,18
8/17/08,9
8/18/08,52
8/19/08,63
8/20/08,23
8/21/08,47
8/22/08,43
8/23/08,43
8/24/08,35
8/25/08,51
8/26/08,28
8/27/08,69
8/28/08,52
8/29/08,37
8/30/08,26
8/31/08,27
9/1/08,8
9/2/08,44
9/3/08,60
9/4/08,38
9/5/08,52
9/6/08,16
9/7/08,31
9/8/08,48
9/9/08,26
9/10/08,38
9/11/08,65
9/12/08,11
9/13/08,16
9/14/08,32
9/15/08,60
9/16/08,48
9/17/08,66
9/18/08,49
9/19/08,52
9/20/08,50
9/21/08,41
9/22/08,26
9/23/08,69
9/24/08,43
9/25/08,49
9/26/08,23
9/27/08,48
9/28/08,32
9/29/08,26
9/30/08,57
10/1/08,73
10/2/08,38
10/3/08,34
10/4/08,32
10/5/08,8
10/6/08,41
10/7/08,45
10/8/08,35
10/9/08,31
10/10/08,60
10/11/08,16
10/12/08,49
10/13/08,43
10/14/08,46
10/15/08,31
10/16/08,32
10/17/08,56
10/18/08,16
10/19/08,23
10/20/08,73
10/21/08,51
10/22/08,47
10/23/08,47
10/24/08,39
10/25/08,24
10/26/08,24
10/27/08,51
10/28/08,54
10/29/08,55
10/30/08,42
10/31/08,47
11/1/08,25
11/2/08,31
11/3/08,29
11/4/08,41
11/5/08,39
11/6/08,36
11/7/08,32
11/8/08,8
11/9/08,0
11/10/08,46
11/11/08,56
11/12/08,35
11/13/08,36
11/14/08,64
11/15/08,60
11/16/08,53
11/17/08,30
11/18/08,20
11/19/08,48
11/20/08,32
11/21/08,53
11/22/08,100
11/23/08,0
11/24/08,36
11/25/08,36
11/26/08,39
11/27/08,16
11/28/08,30
11/29/08,23
11/30/08,29
12/1/08,54
12/2/08,54
12/3/08,50
12/4/08,65
12/5/08,69
12/6/08,22
12/7/08,15
12/8/08,20
12/9/08,15
12/10/08,20
12/11/08,30
12/12/08,43
12/13/08,45
12/14/08,15
12/15/08,36
12/16/08,35
12/17/08,26
12/18/08,38
12/19/08,29
12/20/08,32
12/21/08,8
12/22/08,18
12/23/08,24
12/24/08,0
12/25/08,11
12/26/08,33
12/27/08,34
12/28/08,9
12/29/08,12
12/30/08,48
12/31/08,51
1/1/09,28
1/2/09,26
1/3/09,8
1/4/09,46
1/5/09,47
1/6/09,31
1/7/09,30
1/8/09,41
1/9/09,48
1/10/09,36
1/11/09,73
1/12/09,68
1/13/09,37
1/14/09,43
1/15/09,50
1/16/09,78
1/17/09,45
1/18/09,76
1/19/09,27
1/20/09,98
1/21/09,73
1/22/09,61
1/23/09,26
1/24/09,53
1/25/09,36
1/26/09,73
1/27/09,100
1/28/09,36
1/29/09,56
1/30/09,58
1/31/09,44
2/1/09,9
2/2/09,56
2/3/09,41
2/4/09,77
2/5/09,91
2/6/09,25
2/7/09,45
2/8/09,36
2/9/09,66
2/10/09,86
2/11/09,72
2/12/09,37
2/13/09,52
2/14/09,46
2/15/09,28
2/16/09,46
2/17/09,30
2/18/09,66
2/19/09,42
2/20/09,50
2/21/09,0
2/22/09,27
2/23/09,78
2/24/09,83
2/25/09,42
2/26/09,36
2/27/09,38
2/28/09,70
3/1/09,34
3/2/09,35
3/3/09,58
3/4/09,60
3/5/09,72
3/6/09,57
3/7/09,27
3/8/09,45
3/9/09,72
3/10/09,76
3/11/09,65
3/12/09,42
3/13/09,38
3/14/09,54
3/15/09,73
3/16/09,48
3/17/09,42
3/18/09,74
3/19/09,78
3/20/09,78
3/21/09,27
3/22/09,45
3/23/09,30
3/24/09,41
3/25/09,59
3/26/09,18
3/27/09,44
3/28/09,71
3/29/09,53
3/30/09,64
3/31/09,81
4/1/09,41
4/2/09,60
4/3/09,37
4/4/09,36
4/5/09,37
4/6/09,47
4/7/09,88
4/8/09,24
4/9/09,32
4/10/09,65
4/11/09,9
4/12/09,39
4/13/09,97
4/14/09,23
4/15/09,46
4/16/09,48
4/17/09,65
4/18/09,56
4/19/09,36
4/20/09,64
4/21/09,40
4/22/09,52
4/23/09,66
4/24/09,32
4/25/09,9
4/26/09,37
4/27/09,29
4/28/09,40
4/29/09,40
4/30/09,53
5/1/09,50
5/2/09,36
5/3/09,44
5/4/09,29
5/5/09,40
5/6/09,40
5/7/09,41
5/8/09,13
5/9/09,38
5/10/09,19
5/11/09,65
5/12/09,96
5/13/09,17
5/14/09,58
5/15/09,63
5/16/09,27
5/17/09,18
5/18/09,35
5/19/09,52
5/20/09,35
5/21/09,49
5/22/09,73
5/23/09,30
5/24/09,10
5/25/09,34
5/26/09,59
5/27/09,58
5/28/09,66
5/29/09,65
5/30/09,38
5/31/09,19
6/1/09,36
6/2/09,70
6/3/09,65
6/4/09,61
6/5/09,64
6/6/09,19
6/7/09,19
6/8/09,42
6/9/09,53
6/10/09,56
6/11/09,52
6/12/09,50
6/13/09,18
6/14/09,18
6/15/09,52
6/16/09,68
6/17/09,57
6/18/09,52
6/19/09,50
6/20/09,18
6/21/09,55
6/22/09,86
6/23/09,23
6/24/09,35
6/25/09,52
6/26/09,25
6/27/09,27
6/28/09,27
6/29/09,58
6/30/09,41
7/1/09,100
7/2/09,55
7/3/09,40
7/4/09,59
7/5/09,10
7/6/09,47
7/7/09,68
7/8/09,34
7/9/09,59
7/10/09,25
7/11/09,44
7/12/09,36
7/13/09,46
7/14/09,45
7/15/09,40
7/16/09,41
7/17/09,44
7/18/09,45
7/19/09,74
7/20/09,34
7/21/09,78
7/22/09,35
7/23/09,52
7/24/09,50
7/25/09,9
7/26/09,0
7/27/09,68
7/28/09,73
7/29/09,56
7/30/09,87
7/31/09,55
8/1/09,9
8/2/09,26
8/3/09,57
8/4/09,34
8/5/09,52
8/6/09,64
8/7/09,55
8/8/09,52
8/9/09,35
8/10/09,46
8/11/09,51
8/12/09,62
8/13/09,52
8/14/09,49
8/15/09,52
8/16/09,9
8/17/09,69
8/18/09,60
8/19/09,51
8/20/09,45
8/21/09,30
8/22/09,59
8/23/09,17
8/24/09,45
8/25/09,61
8/26/09,55
8/27/09,34
8/28/09,41
8/29/09,8
8/30/09,25
8/31/09,22
9/1/09,59
9/2/09,65
9/3/09,44
9/4/09,30
9/5/09,26
9/6/09,36
9/7/09,23
9/8/09,54
9/9/09,53
9/10/09,43
9/11/09,34
9/12/09,55
9/13/09,23
9/14/09,47
9/15/09,62
9/16/09,84
9/17/09,59
9/18/09,63
9/19/09,16
9/20/09,32
9/21/09,26
9/22/09,89
9/23/09,32
9/24/09,59
9/25/09,34
9/26/09,72
9/27/09,23
9/28/09,31
9/29/09,63
9/30/09,26
10/1/09,37
10/2/09,46
10/3/09,48
10/4/09,24
10/5/09,42
10/6/09,62
10/7/09,68
10/8/09,59
10/9/09,39
10/10/09,16
10/11/09,32
10/12/09,54
10/13/09,88
10/14/09,61
10/15/09,62
10/16/09,62
10/17/09,64
10/18/09,24
10/19/09,63
10/20/09,61
10/21/09,51
10/22/09,57
10/23/09,78
10/24/09,31
10/25/09,38
10/26/09,46
10/27/09,35
10/28/09,70
10/29/09,88
10/30/09,61
10/31/09,32
11/1/09,41
11/2/09,36
11/3/09,40
11/4/09,45
11/5/09,41
11/6/09,55
11/7/09,46
11/8/09,39
11/9/09,60
11/10/09,49
11/11/09,57
11/12/09,72
11/13/09,58
11/14/09,30
11/15/09,30
11/16/09,61
11/17/09,84
11/18/09,65
11/19/09,76
11/20/09,43
11/21/09,15
11/22/09,38
11/23/09,30
11/24/09,36
11/25/09,34
11/26/09,16
11/27/09,36
11/28/09,46
11/29/09,7
11/30/09,39
12/1/09,24
12/2/09,67
12/3/09,34
12/4/09,31
12/5/09,14
12/6/09,29
12/7/09,30
12/8/09,24
12/9/09,44
12/10/09,45
12/11/09,37
12/12/09,51
12/13/09,15
12/14/09,44
12/15/09,49
12/16/09,51
12/17/09,68
12/18/09,34
12/19/09,15
12/20/09,31
12/21/09,39
12/22/09,11
12/23/09,31
12/24/09,46
12/25/09,41
12/26/09,35
12/27/09,9
12/28/09,78
12/29/09,46
12/30/09,47
12/31/09,27
1/1/10,27
1/2/10,23
1/3/10,15
1/4/10,57
1/5/10,54
1/6/10,76
1/7/10,40
1/8/10,71
1/9/10,36
1/10/10,22
1/11/10,35
1/12/10,58
1/13/10,54
1/14/10,54
1/15/10,51
1/16/10,43
1/17/10,36
1/18/10,27
1/19/10,53
1/20/10,48
1/21/10,48
1/22/10,70
1/23/10,28
1/24/10,14
1/25/10,24
1/26/10,47
1/27/10,76
1/28/10,57
1/29/10,55
1/30/10,14
1/31/10,27
2/1/10,48
2/2/10,60
2/3/10,51
2/4/10,76
2/5/10,39
2/6/10,47
2/7/10,28
2/8/10,39
2/9/10,46
2/10/10,42
2/11/10,33
2/12/10,51
2/13/10,21
2/14/10,37
2/15/10,71
2/16/10,33
2/17/10,62
2/18/10,58
2/19/10,20
2/20/10,41
2/21/10,28
2/22/10,52
2/23/10,55
2/24/10,51
2/25/10,80
2/26/10,44
2/27/10,20
2/28/10,49
3/1/10,52
3/2/10,60
3/3/10,28
3/4/10,53
3/5/10,41
3/6/10,36
3/7/10,7
3/8/10,53
3/9/10,33
3/10/10,52
3/11/10,57
3/12/10,60
3/13/10,27
3/14/10,14
3/15/10,48
3/16/10,58
3/17/10,54
3/18/10,40
3/19/10,32
3/20/10,15
3/21/10,50
3/22/10,75
3/23/10,71
3/24/10,43
3/25/10,43
3/26/10,82
3/27/10,65
3/28/10,64
3/29/10,67
3/30/10,61
3/31/10,40
4/1/10,47
4/2/10,78
4/3/10,30
4/4/10,16
4/5/10,55
4/6/10,43
4/7/10,68
4/8/10,58
4/9/10,46
4/10/10,51
4/11/10,21
4/12/10,42
4/13/10,74
4/14/10,75
4/15/10,47
4/16/10,55
4/17/10,21
4/18/10,43
4/19/10,61
4/20/10,70
4/21/10,42
4/22/10,71
4/23/10,30
4/24/10,49
4/25/10,7
4/26/10,55
4/27/10,64
4/28/10,62
4/29/10,58
4/30/10,58
5/1/10,74
5/2/10,36
5/3/10,72
5/4/10,57
5/5/10,39
5/6/10,69
5/7/10,42
5/8/10,23
5/9/10,16
5/10/10,77
5/11/10,43
5/12/10,24
5/13/10,60
5/14/10,100
5/15/10,61
5/16/10,38
5/17/10,19
5/18/10,67
5/19/10,39
5/20/10,45
5/21/10,48
5/22/10,23
5/23/10,0
5/24/10,30
5/25/10,74
5/26/10,30
5/27/10,31
5/28/10,39
5/29/10,24
5/30/10,8
5/31/10,29
6/1/10,61
6/2/10,60
6/3/10,41
6/4/10,70
6/5/10,15
6/6/10,8
6/7/10,61
6/8/10,74
6/9/10,41
6/10/10,88
6/11/10,68
6/12/10,44
6/13/10,26
6/14/10,57
6/15/10,40
6/16/10,87
6/17/10,77
6/18/10,38
6/19/10,36
6/20/10,37
6/21/10,59
6/22/10,56
6/23/10,29
6/24/10,70
6/25/10,25
6/26/10,35
6/27/10,35
6/28/10,75
6/29/10,68
6/30/10,86
7/1/10,42
7/2/10,65
7/3/10,38
7/4/10,24
7/5/10,42
7/6/10,55
7/7/10,54
7/8/10,50
7/9/10,58
7/10/10,55
7/11/10,63
7/12/10,69
7/13/10,83
7/14/10,44
7/15/10,41
7/16/10,59
7/17/10,21
7/18/10,65
7/19/10,50
7/20/10,69
7/21/10,100
7/22/10,66
7/23/10,67
7/24/10,28
7/25/10,14
7/26/10,60
7/27/10,48
7/28/10,55
7/29/10,85
7/30/10,53
7/31/10,35
8/1/10,36
8/2/10,90
8/3/10,53
8/4/10,69
8/5/10,76
8/6/10,69
8/7/10,63
8/8/10,35
8/9/10,39
8/10/10,24
8/11/10,35
8/12/10,55
8/13/10,63
8/14/10,48
8/15/10,14
8/16/10,64
8/17/10,69
8/18/10,29
8/19/10,35
8/20/10,73
8/21/10,41
8/22/10,13
8/23/10,43
8/24/10,66
8/25/10,93
8/26/10,49
8/27/10,55
8/28/10,33
8/29/10,34
8/30/10,57
8/31/10,84
9/1/10,70
9/2/10,38
9/3/10,56
9/4/10,0
9/5/10,7
9/6/10,12
9/7/10,61
9/8/10,89
9/9/10,65
9/10/10,44
9/11/10,44
9/12/10,25
9/13/10,64
9/14/10,73
9/15/10,92
9/16/10,71
9/17/10,75
9/18/10,39
9/19/10,26
9/20/10,56
9/21/10,73
9/22/10,77
9/23/10,36
9/24/10,44
9/25/10,45
9/26/10,13
9/27/10,54
9/28/10,67
9/29/10,41
9/30/10,36
10/1/10,52
10/2/10,26
10/3/10,25
10/4/10,59
10/5/10,59
10/6/10,42
10/7/10,35
10/8/10,44
10/9/10,45
10/10/10,7
10/11/10,52
10/12/10,38
10/13/10,70
10/14/10,41
10/15/10,73
10/16/10,38
10/17/10,13
10/18/10,63
10/19/10,58
10/20/10,54
10/21/10,64
10/22/10,91
10/23/10,63
10/24/10,31
10/25/10,58
10/26/10,52
10/27/10,66
10/28/10,71
10/29/10,77
10/30/10,19
10/31/10,33
11/1/10,73
11/2/10,43
11/3/10,63
11/4/10,39
11/5/10,47
11/6/10,37
11/7/10,30
11/8/10,36
11/9/10,96
11/10/10,35
11/11/10,23
11/12/10,47
11/13/10,31
11/14/10,37
11/15/10,39
11/16/10,43
11/17/10,31
11/18/10,39
11/19/10,37
11/20/10,30
11/21/10,24
11/22/10,35
11/23/10,53
11/24/10,77
11/25/10,13
11/26/10,23
11/27/10,37
11/28/10,48
11/29/10,50
11/30/10,67
12/1/10,42
12/2/10,34
12/3/10,63
12/4/10,12
12/5/10,52
12/6/10,43
12/7/10,72
12/8/10,35
12/9/10,56
12/10/10,64
12/11/10,42
12/12/10,18
12/13/10,43
12/14/10,77
12/15/10,66
12/16/10,77
12/17/10,66
12/18/10,31
12/19/10,19
12/20/10,56
12/21/10,46
12/22/10,44
12/23/10,47
12/24/10,33
12/25/10,8
12/26/10,20
12/27/10,46
12/28/10,51
12/29/10,30
12/30/10,51
12/31/10,35
1/1/11,25
1/2/11,35
1/3/11,39
1/4/11,53
1/5/11,65
1/6/11,65
1/7/11,47
1/8/11,29
1/9/11,38
1/10/11,71
1/11/11,65
1/12/11,62
1/13/11,80
1/14/11,73
1/15/11,46
1/16/11,29
1/17/11,79
1/18/11,100
1/19/11,70
1/20/11,92
1/21/11,58
1/22/11,51
1/23/11,56
1/24/11,88
1/25/11,95
1/26/11,64
1/27/11,61
1/28/11,54
1/29/11,44
1/30/11,49
1/31/11,61
2/1/11,44
2/2/11,81
2/3/11,100
2/4/11,83
2/5/11,27
2/6/11,60
2/7/11,84
2/8/11,54
2/9/11,85
2/10/11,82
2/11/11,71
2/12/11,56
2/13/11,29
2/14/11,78
2/15/11,77
2/16/11,76
2/17/11,96
2/18/11,54
2/19/11,72
2/20/11,22
2/21/11,54
2/22/11,67
2/23/11,97
2/24/11,76
2/25/11,61
2/26/11,55
2/27/11,33
2/28/11,62
3/1/11,96
3/2/11,71
3/3/11,51
3/4/11,66
3/5/11,43
3/6/11,55
3/7/11,85
3/8/11,72
3/9/11,58
3/10/11,77
3/11/11,51
3/12/11,64
3/13/11,30
3/14/11,94
3/15/11,94
3/16/11,97
3/17/11,48
3/18/11,65
3/19/11,17
3/20/11,33
3/21/11,55
3/22/11,46
3/23/11,71
3/24/11,72
3/25/11,52
3/26/11,38
3/27/11,33
3/28/11,83
3/29/11,91
3/30/11,88
3/31/11,96
4/1/11,83
4/2/11,66
4/3/11,33
4/4/11,92
4/5/11,62
4/6/11,75
4/7/11,55
4/8/11,66
4/9/11,28
4/10/11,28
4/11/11,79
4/12/11,45
4/13/11,79
4/14/11,60
4/15/11,87
4/16/11,55
4/17/11,17
4/18/11,88
4/19/11,70
4/20/11,59
4/21/11,60
4/22/11,70
4/23/11,67
4/24/11,24
4/25/11,55
4/26/11,91
4/27/11,70
4/28/11,33
4/29/11,70
4/30/11,39
5/1/11,50
5/2/11,61
5/3/11,61
5/4/11,58
5/5/11,63
5/6/11,68
5/7/11,51
5/8/11,6
5/9/11,59
5/10/11,75
5/11/11,64
5/12/11,51
5/13/11,66
5/14/11,11
5/15/11,39
5/16/11,87
5/17/11,67
5/18/11,100
5/19/11,95
5/20/11,70
5/21/11,68
5/22/11,62
5/23/11,96
5/24/11,80
5/25/11,38
5/26/11,60
5/27/11,83
5/28/11,47
5/29/11,19
5/30/11,62
5/31/11,68
6/1/11,88
6/2/11,77
6/3/11,85
6/4/11,64
6/5/11,29
6/6/11,77
6/7/11,84
6/8/11,51
6/9/11,73
6/10/11,57
6/11/11,20
6/12/11,31
6/13/11,66
6/14/11,69
6/15/11,38
6/16/11,51
6/17/11,77
6/18/11,46
6/19/11,47
6/20/11,60
6/21/11,64
6/22/11,68
6/23/11,88
6/24/11,48
6/25/11,41
6/26/11,42
6/27/11,53
6/28/11,72
6/29/11,30
6/30/11,71
7/1/11,71
7/2/11,48
7/3/11,33
7/4/11,36
7/5/11,44
7/6/11,53
7/7/11,80
7/8/11,66
7/9/11,45
7/10/11,15
7/11/11,61
7/12/11,48
7/13/11,38
7/14/11,92
7/15/11,56
7/16/11,75
7/17/11,30
7/18/11,57
7/19/11,71
7/20/11,71
7/21/11,65
7/22/11,70
7/23/11,28
7/24/11,39
7/25/11,37
7/26/11,77
7/27/11,66
7/28/11,68
7/29/11,55
7/30/11,49
7/31/11,40
8/1/11,64
8/2/11,77
8/3/11,78
8/4/11,85
8/5/11,78
8/6/11,24
8/7/11,53
8/8/11,65
8/9/11,86
8/10/11,62
8/11/11,49
8/12/11,78
8/13/11,24
8/14/11,67
8/15/11,74
8/16/11,77
8/17/11,63
8/18/11,63
8/19/11,76
8/20/11,47
8/21/11,19
8/22/11,59
8/23/11,85
8/24/11,66
8/25/11,57
8/26/11,52
8/27/11,49
8/28/11,27
8/29/11,44
8/30/11,47
8/31/11,76
9/1/11,77
9/2/11,45
9/3/11,73
9/4/11,23
9/5/11,42
9/6/11,87
9/7/11,49
9/8/11,78
9/9/11,55
9/10/11,35
9/11/11,26
9/12/11,77
9/13/11,58
9/14/11,56
9/15/11,74
9/16/11,100
9/17/11,55
9/18/11,22
9/19/11,56
9/20/11,41
9/21/11,66
9/22/11,42
9/23/11,76
9/24/11,49
9/25/11,35
9/26/11,89
9/27/11,31
9/28/11,62
9/29/11,90
9/30/11,62
10/1/11,18
10/2/11,57
10/3/11,83
10/4/11,51
10/5/11,55
10/6/11,68
10/7/11,76
10/8/11,13
10/9/11,31
10/10/11,56
10/11/11,64
10/12/11,52
10/13/11,58
10/14/11,78
10/15/11,13
10/16/11,35
10/17/11,37
10/18/11,67
10/19/11,37
10/20/11,48
10/21/11,47
10/22/11,4
10/23/11,39
10/24/11,40
10/25/11,47
10/26/11,60
10/27/11,47
10/28/11,61
10/29/11,34
10/30/11,30
10/31/11,66
11/1/11,49
11/2/11,50
11/3/11,47
11/4/11,53
11/5/11,34
11/6/11,4
11/7/11,56
11/8/11,56
11/9/11,36
11/10/11,53
11/11/11,21
11/12/11,47
11/13/11,21
11/14/11,60
11/15/11,75
11/16/11,55
11/17/11,46
11/18/11,70
11/19/11,25
11/20/11,21
11/21/11,30
11/22/11,27
11/23/11,21
11/24/11,22
11/25/11,21
11/26/11,38
11/27/11,20
11/28/11,41
11/29/11,50
11/30/11,86
12/1/11,65
12/2/11,44
12/3/11,36
12/4/11,28
12/5/11,47
12/6/11,57
12/7/11,51
12/8/11,68
12/9/11,70
12/10/11,24
12/11/11,36
12/12/11,48
12/13/11,66
12/14/11,39
12/15/11,62
12/16/11,58
12/17/11,29
12/18/11,29
12/19/11,40
12/20/11,36
12/21/11,44
12/22/11,84
12/23/11,50
12/24/11,23
12/25/11,10
12/26/11,29
12/27/11,39
12/28/11,41
12/29/11,42
12/30/11,68
12/31/11,32
1/1/12,14
1/2/12,39
1/3/12,71
1/4/12,57
1/5/12,84
1/6/12,36
1/7/12,46
1/8/12,34
1/9/12,44
1/10/12,53
1/11/12,74
1/12/12,53
1/13/12,90
1/14/12,39
1/15/12,26
1/16/12,47
1/17/12,73
1/18/12,100
1/19/12,39
1/20/12,61
1/21/12,62
1/22/12,29
1/23/12,47
1/24/12,69
1/25/12,55
1/26/12,69
1/27/12,64
1/28/12,59
1/29/12,42
1/30/12,52
1/31/12,71
2/1/12,61
2/2/12,65
2/3/12,64
2/4/12,30
2/5/12,54
2/6/12,66
2/7/12,77
2/8/12,79
2/9/12,75
2/10/12,81
2/11/12,29
2/12/12,28
2/13/12,79
2/14/12,75
2/15/12,74
2/16/12,68
2/17/12,68
2/18/12,62
2/19/12,30
2/20/12,43
2/21/12,44
2/22/12,68
2/23/12,65
2/24/12,80
2/25/12,63
2/26/12,38
2/27/12,72
2/28/12,60
2/29/12,57
3/1/12,58
3/2/12,84
3/3/12,14
3/4/12,28
3/5/12,58
3/6/12,58
3/7/12,48
3/8/12,69
3/9/12,67
3/10/12,29
3/11/12,30
3/12/12,66
3/13/12,79
3/14/12,53
3/15/12,66
3/16/12,97
3/17/12,26
3/18/12,13
3/19/12,58
3/20/12,34
3/21/12,69
3/22/12,53
3/23/12,91
3/24/12,31
3/25/12,43
3/26/12,45
3/27/12,65
3/28/12,45
3/29/12,42
3/30/12,85
3/31/12,49
4/1/12,22
4/2/12,66
4/3/12,61
4/4/12,56
4/5/12,49
4/6/12,38
4/7/12,27
4/8/12,23
4/9/12,54
4/10/12,73
4/11/12,51
4/12/12,58
4/13/12,82
4/14/12,43
4/15/12,56
4/16/12,54
4/17/12,67
4/18/12,44
4/19/12,69
4/20/12,72
4/21/12,30
4/22/12,46
4/23/12,64
4/24/12,37
4/25/12,65
4/26/12,57
4/27/12,56
4/28/12,67
4/29/12,22
4/30/12,58
5/1/12,80
5/2/12,64
5/3/12,58
5/4/12,46
5/5/12,22
5/6/12,26
5/7/12,77
5/8/12,36
5/9/12,43
5/10/12,76
5/11/12,40
5/12/12,54
5/13/12,18
5/14/12,61
5/15/12,53
5/16/12,89
5/17/12,62
5/18/12,55
5/19/12,41
5/20/12,27
5/21/12,84
5/22/12,68
5/23/12,55
5/24/12,56
5/25/12,56
5/26/12,50
5/27/12,9
5/28/12,52
5/29/12,86
5/30/12,61
5/31/12,58
6/1/12,64
6/2/12,35
6/3/12,40
6/4/12,44
6/5/12,61
6/6/12,65
6/7/12,46
6/8/12,81
6/9/12,36
6/10/12,33
6/11/12,84
6/12/12,62
6/13/12,62
6/14/12,99
6/15/12,79
6/16/12,24
6/17/12,59
6/18/12,82
6/19/12,59
6/20/12,67
6/21/12,79
6/22/12,69
6/23/12,100
6/24/12,10
6/25/12,52
6/26/12,40
6/27/12,60
6/28/12,75
6/29/12,99
6/30/12,42
7/1/12,24
7/2/12,49
7/3/12,90
7/4/12,36
7/5/12,69
7/6/12,58
7/7/12,37
7/8/12,18
7/9/12,77
7/10/12,83
7/11/12,62
7/12/12,74
7/13/12,38
7/14/12,23
7/15/12,55
7/16/12,70
7/17/12,78
7/18/12,65
7/19/12,81
7/20/12,86
7/21/12,55
7/22/12,33
7/23/12,44
7/24/12,61
7/25/12,66
7/26/12,58
7/27/12,71
7/28/12,27
7/29/12,32
7/30/12,98
7/31/12,64
8/1/12,68
8/2/12,84
8/3/12,53
8/4/12,41
8/5/12,27
8/6/12,78
8/7/12,54
8/8/12,50
8/9/12,54
8/10/12,34
8/11/12,36
8/12/12,32
8/13/12,53
8/14/12,75
8/15/12,36
8/16/12,66
8/17/12,53
8/18/12,46
8/19/12,59
8/20/12,57
8/21/12,93
8/22/12,83
8/23/12,52
8/24/12,42
8/25/12,40
8/26/12,26
8/27/12,56
8/28/12,77
8/29/12,74
8/30/12,68
8/31/12,82
9/1/12,31
9/2/12,37
9/3/12,58
9/4/12,93
9/5/12,59
9/6/12,73
9/7/12,78
9/8/12,55
9/9/12,25
9/10/12,41
9/11/12,65
9/12/12,66
9/13/12,66
9/14/12,71
9/15/12,26
9/16/12,34
9/17/12,68
9/18/12,84
9/19/12,66
9/20/12,67
9/21/12,65
9/22/12,22
9/23/12,17
9/24/12,76
9/25/12,58
9/26/12,65
9/27/12,80
9/28/12,65
9/29/12,60
9/30/12,17
10/1/12,66
10/2/12,60
10/3/12,54
10/4/12,68
10/5/12,57
10/6/12,30
10/7/12,29
10/8/12,44
10/9/12,50
10/10/12,33
10/11/12,64
10/12/12,66
10/13/12,59
10/14/12,4
10/15/12,82
10/16/12,52
10/17/12,66
10/18/12,71
10/19/12,97
10/20/12,50
10/21/12,33
10/22/12,62
10/23/12,61
10/24/12,56
10/25/12,59
10/26/12,76
10/27/12,50
10/28/12,16
10/29/12,67
10/30/12,75
10/31/12,30
11/1/12,50
11/2/12,80
11/3/12,45
11/4/12,44
11/5/12,75
11/6/12,54
11/7/12,48
11/8/12,57
11/9/12,48
11/10/12,58
11/11/12,66
11/12/12,40
11/13/12,56
11/14/12,86
11/15/12,87
11/16/12,72
11/17/12,57
11/18/12,37
11/19/12,69
11/20/12,69
11/21/12,70
11/22/12,17
11/23/12,27
11/24/12,40
11/25/12,20
11/26/12,44
11/27/12,40
11/28/12,66
11/29/12,59
11/30/12,49
12/1/12,31
12/2/12,27
12/3/12,56
12/4/12,55
12/5/12,63
12/6/12,35
12/7/12,77
12/8/12,35
12/9/12,34
12/10/12,46
12/11/12,47
12/12/12,61
12/13/12,42
12/14/12,62
12/15/12,16
12/16/12,27
12/17/12,51
12/18/12,39
12/19/12,89
12/20/12,70
12/21/12,52
12/22/12,21
12/23/12,26
12/24/12,24
12/25/12,28
12/26/12,41
12/27/12,70
12/28/12,53
12/29/12,63
12/30/12,12
12/31/12,46
1/1/13,33
1/2/13,55
1/3/13,77
1/4/13,81
1/5/13,23
1/6/13,34
1/7/13,63
1/8/13,62
1/9/13,38
1/10/13,52
1/11/13,94
1/12/13,51
1/13/13,23
1/14/13,97
1/15/13,68
1/16/13,39
1/17/13,69
1/18/13,71
1/19/13,40
1/20/13,28
1/21/13,44
1/22/13,93
1/23/13,91
1/24/13,75
1/25/13,50
1/26/13,69
1/27/13,35
1/28/13,41
1/29/13,60
1/30/13,57
1/31/13,48
2/1/13,95
2/2/13,70
2/3/13,46
2/4/13,80
2/5/13,76
2/6/13,51
2/7/13,74
2/8/13,100
2/9/13,50
2/10/13,43
2/11/13,62
2/12/13,65
2/13/13,63
2/14/13,66
2/15/13,64
2/16/13,19
2/17/13,43
2/18/13,36
2/19/13,53
2/20/13,91
2/21/13,60
2/22/13,87
2/23/13,42
2/24/13,50
2/25/13,68
2/26/13,74
2/27/13,88
2/28/13,83
3/1/13,65
3/2/13,46
3/3/13,15
3/4/13,86
3/5/13,60
3/6/13,46
3/7/13,66
3/8/13,58
3/9/13,35
3/10/13,34
3/11/13,69
3/12/13,81
3/13/13,47
3/14/13,55
3/15/13,56
3/16/13,42
3/17/13,39
3/18/13,56
3/19/13,66
3/20/13,63
3/21/13,41
3/22/13,46
3/23/13,27
3/24/13,15
3/25/13,65
3/26/13,70
3/27/13,39
3/28/13,83
3/29/13,88
3/30/13,57
3/31/13,25
4/1/13,74
4/2/13,51
4/3/13,80
4/4/13,61
4/5/13,73
4/6/13,32
4/7/13,27
4/8/13,69
4/9/13,69
4/10/13,57
4/11/13,48
4/12/13,55
4/13/13,83
4/14/13,31
4/15/13,55
4/16/13,80
4/17/13,59
4/18/13,75
4/19/13,70
4/20/13,48
4/21/13,44
4/22/13,73
4/23/13,50
4/24/13,59
4/25/13,68
4/26/13,86
4/27/13,28
4/28/13,55
4/29/13,82
4/30/13,69
5/1/13,45
5/2/13,64
5/3/13,61
5/4/13,37
5/5/13,53
5/6/13,64
5/7/13,91
5/8/13,69
5/9/13,39
5/10/13,77
5/11/13,32
5/12/13,34
5/13/13,42
5/14/13,70
5/15/13,67
5/16/13,98
5/17/13,41
5/18/13,54
5/19/13,32
5/20/13,57
5/21/13,44
5/22/13,48
5/23/13,59
5/24/13,97
5/25/13,71
5/26/13,44
5/27/13,36
5/28/13,67
5/29/13,68
5/30/13,72
5/31/13,61
6/1/13,50
6/2/13,41
6/3/13,81
6/4/13,58
6/5/13,33
6/6/13,91
6/7/13,70
6/8/13,33
6/9/13,25
6/10/13,44
6/11/13,50
6/12/13,51
6/13/13,30
6/14/13,50
6/15/13,31
6/16/13,23
6/17/13,49
6/18/13,65
6/19/13,38
6/20/13,76
6/21/13,53
6/22/13,57
6/23/13,42
6/24/13,39
6/25/13,71
6/26/13,74
6/27/13,61
6/28/13,44
6/29/13,38
6/30/13,26
7/1/13,74
7/2/13,60
7/3/13,61
7/4/13,19
7/5/13,58
7/6/13,38
7/7/13,34
7/8/13,77
7/9/13,45
7/10/13,38
7/11/13,63
7/12/13,68
7/13/13,51
7/14/13,22
7/15/13,41
7/16/13,56
7/17/13,67
7/18/13,70
7/19/13,62
7/20/13,33
7/21/13,15
7/22/13,50
7/23/13,73
7/24/13,45
7/25/13,55
7/26/13,78
7/27/13,38
7/28/13,15
7/29/13,62
7/30/13,47
7/31/13,57
8/1/13,68
8/2/13,64
8/3/13,29
8/4/13,19
8/5/13,72
8/6/13,50
8/7/13,100
8/8/13,53
8/9/13,52
8/10/13,40
8/11/13,15
8/12/13,59
8/13/13,53
8/14/13,42
8/15/13,54
8/16/13,56
8/17/13,18
8/18/13,18
8/19/13,56
8/20/13,64
8/21/13,68
8/22/13,45
8/23/13,67
8/24/13,33
8/25/13,18
8/26/13,48
8/27/13,51
8/28/13,51
8/29/13,38
8/30/13,57
8/31/13,32
9/1/13,22
9/2/13,26
9/3/13,34
9/4/13,65
9/5/13,60
9/6/13,79
9/7/13,59
9/8/13,27
9/9/13,45
9/10/13,52
9/11/13,50
9/12/13,51
9/13/13,52
9/14/13,56
9/15/13,27
9/16/13,61
9/17/13,56
9/18/13,45
9/19/13,60
9/20/13,59
9/21/13,21
9/22/13,17
9/23/13,63
9/24/13,71
9/25/13,55
9/26/13,50
9/27/13,67
9/28/13,47
9/29/13,25
9/30/13,49
10/1/13,71
10/2/13,48
10/3/13,62
10/4/13,68
10/5/13,25
10/6/13,38
10/7/13,42
10/8/13,63
10/9/13,49
10/10/13,50
10/11/13,63
10/12/13,29
10/13/13,28
10/14/13,49
10/15/13,61
10/16/13,57
10/17/13,51
10/18/13,77
10/19/13,25
10/20/13,14
10/21/13,56
10/22/13,50
10/23/13,76
10/24/13,51
10/25/13,50
10/26/13,54
10/27/13,21
10/28/13,57
10/29/13,59
10/30/13,59
10/31/13,43
11/1/13,71
11/2/13,46
11/3/13,21
11/4/13,65
11/5/13,38
11/6/13,64
11/7/13,58
11/8/13,56
11/9/13,36
11/10/13,24
11/11/13,66
11/12/13,44
11/13/13,83
11/14/13,45
11/15/13,81
11/16/13,45
11/17/13,27
11/18/13,65
11/19/13,57
11/20/13,55
11/21/13,56
11/22/13,81
11/23/13,48
11/24/13,40
11/25/13,39
11/26/13,53
11/27/13,29
11/28/13,32
11/29/13,57
11/30/13,45
12/1/13,34
12/2/13,68
12/3/13,79
12/4/13,59
12/5/13,65
12/6/13,60
12/7/13,27
12/8/13,33
12/9/13,40
12/10/13,62
12/11/13,50
12/12/13,48
12/13/13,62
12/14/13,62
12/15/13,10
12/16/13,62
12/17/13,42
12/18/13,56
12/19/13,53
12/20/13,49
12/21/13,51
12/22/13,22
12/23/13,45
12/24/13,32
12/25/13,25
12/26/13,20
12/27/13,71
12/28/13,47
12/29/13,49
12/30/13,56
12/31/13,68
1/1/14,29
1/2/14,58
1/3/14,60
1/4/14,23
1/5/14,42
1/6/14,44
1/7/14,46
1/8/14,66
1/9/14,63
1/10/14,82
1/11/14,85
1/12/14,15
1/13/14,70
1/14/14,73
1/15/14,75
1/16/14,74
1/17/14,90
1/18/14,64
1/19/14,23
1/20/14,48
1/21/14,66
1/22/14,96
1/23/14,67
1/24/14,92
1/25/14,48
1/26/14,33
1/27/14,64
1/28/14,53
1/29/14,63
1/30/14,58
1/31/14,88
2/1/14,65
2/2/14,43
2/3/14,32
2/4/14,73
2/5/14,57
2/6/14,74
2/7/14,72
2/8/14,58
2/9/14,29
2/10/14,75
2/11/14,69
2/12/14,93
2/13/14,80
2/14/14,59
2/15/14,45
2/16/14,19
2/17/14,52
2/18/14,82
2/19/14,71
2/20/14,56
2/21/14,58
2/22/14,59
2/23/14,41
2/24/14,62
2/25/14,76
2/26/14,67
2/27/14,80
2/28/14,58
3/1/14,43
3/2/14,39
3/3/14,54
3/4/14,62
3/5/14,53
3/6/14,63
3/7/14,53
3/8/14,41
3/9/14,48
3/10/14,58
3/11/14,42
3/12/14,57
3/13/14,74
3/14/14,58
3/15/14,46
3/16/14,29
3/17/14,62
3/18/14,69
3/19/14,75
3/20/14,43
3/21/14,79
3/22/14,34
3/23/14,11
3/24/14,60
3/25/14,88
3/26/14,54
3/27/14,52
3/28/14,72
3/29/14,36
3/30/14,15
3/31/14,60
4/1/14,48
4/2/14,67
4/3/14,72
4/4/14,81
4/5/14,42
4/6/14,49
4/7/14,55
4/8/14,69
4/9/14,75
4/10/14,62
4/11/14,64
4/12/14,64
4/13/14,19
4/14/14,56
4/15/14,70
4/16/14,67
4/17/14,75
4/18/14,71
4/19/14,39
4/20/14,20
4/21/14,54
4/22/14,65
4/23/14,63
4/24/14,83
4/25/14,69
4/26/14,50
4/27/14,30
4/28/14,72
4/29/14,59
4/30/14,100
5/1/14,49
5/2/14,78
5/3/14,59
5/4/14,58
5/5/14,58
5/6/14,91
5/7/14,62
5/8/14,59
5/9/14,79
5/10/14,55
5/11/14,12
5/12/14,43
5/13/14,52
5/14/14,74
5/15/14,81
5/16/14,61
5/17/14,40
5/18/14,44
5/19/14,71
5/20/14,95
5/21/14,77
5/22/14,70
5/23/14,64
5/24/14,42
5/25/14,19
5/26/14,31
5/27/14,70
5/28/14,68
5/29/14,84
5/30/14,96
5/31/14,32
6/1/14,46
6/2/14,99
6/3/14,49
6/4/14,28
6/5/14,89
6/6/14,44
6/7/14,37
6/8/14,28
6/9/14,50
6/10/14,51
6/11/14,57
6/12/14,35
6/13/14,74
6/14/14,25
6/15/14,26
6/16/14,62
6/17/14,51
6/18/14,45
6/19/14,68
6/20/14,64
6/21/14,50
6/22/14,42
6/23/14,55
6/24/14,57
6/25/14,51
6/26/14,74
6/27/14,60
6/28/14,45
6/29/14,25
6/30/14,84
7/1/14,79
7/2/14,72
7/3/14,62
7/4/14,24
7/5/14,14
7/6/14,34
7/7/14,64
7/8/14,69
7/9/14,48
7/10/14,42
7/11/14,83
7/12/14,44
7/13/14,16
7/14/14,55
7/15/14,59
7/16/14,71
7/17/14,80
7/18/14,54
7/19/14,37
7/20/14,41
7/21/14,48
7/22/14,41
7/23/14,74
7/24/14,38
7/25/14,64
7/26/14,28
7/27/14,36
7/28/14,41
7/29/14,51
7/30/14,67
7/31/14,64
8/1/14,50
8/2/14,47
8/3/14,20
8/4/14,67
8/5/14,59
8/6/14,51
8/7/14,44
8/8/14,61
8/9/14,24
8/10/14,24
8/11/14,68
8/12/14,66
8/13/14,78
8/14/14,54
8/15/14,63
8/16/14,35
8/17/14,16
8/18/14,83
8/19/14,72
8/20/14,68
8/21/14,57
8/22/14,51
8/23/14,54
8/24/14,23
8/25/14,68
8/26/14,34
8/27/14,74
8/28/14,68
8/29/14,90
8/30/14,39
8/31/14,16
9/1/14,18
9/2/14,57
9/3/14,50
9/4/14,41
9/5/14,72
9/6/14,44
9/7/14,26
9/8/14,47
9/9/14,46
9/10/14,41
9/11/14,53
9/12/14,58
9/13/14,41
9/14/14,37
9/15/14,53
9/16/14,53
9/17/14,60
9/18/14,54
9/19/14,50
9/20/14,66
9/21/14,11
9/22/14,47
9/23/14,55
9/24/14,60
9/25/14,57
9/26/14,100
9/27/14,59
9/28/14,23
9/29/14,41
9/30/14,50
10/1/14,44
10/2/14,75
10/3/14,65
10/4/14,27
10/5/14,31
10/6/14,62
10/7/14,61
10/8/14,35
10/9/14,60
10/10/14,77
10/11/14,50
10/12/14,8
10/13/14,70
10/14/14,72
10/15/14,58
10/16/14,82
10/17/14,93
10/18/14,27
10/19/14,22
10/20/14,41
10/21/14,52
10/22/14,55
10/23/14,49
10/24/14,49
10/25/14,46
10/26/14,26
10/27/14,40
10/28/14,43
10/29/14,43
10/30/14,44
10/31/14,57
11/1/14,24
11/2/14,30
11/3/14,50
11/4/14,58
11/5/14,59
11/6/14,75
11/7/14,43
11/8/14,26
11/9/14,33
11/10/14,59
11/11/14,38
11/12/14,46
11/13/14,69
11/14/14,42
11/15/14,62
11/16/14,54
11/17/14,60
11/18/14,93
11/19/14,63
11/20/14,64
11/21/14,81
11/22/14,44
11/23/14,14
11/24/14,46
11/25/14,48
11/26/14,73
11/27/14,34
11/28/14,35
11/29/14,37
11/30/14,25
12/1/14,74
12/2/14,52
12/3/14,62
12/4/14,45
12/5/14,42
12/6/14,43
12/7/14,40
12/8/14,57
12/9/14,45
12/10/14,49
12/11/14,65
12/12/14,64
12/13/14,50
12/14/14,31
12/15/14,41
12/16/14,48
12/17/14,57
12/18/14,56
12/19/14,59
12/20/14,44
12/21/14,20
12/22/14,37
12/23/14,47
12/24/14,30
12/25/14,13
12/26/14,80
12/27/14,35
12/28/14,31
12/29/14,63
12/30/14,29
12/31/14,52
1/1/15,32
1/2/15,43
1/3/15,62
1/4/15,32
1/5/15,54
1/6/15,84
1/7/15,57
1/8/15,59
1/9/15,69
1/10/15,41
1/11/15,25
1/12/15,74
1/13/15,62
1/14/15,42
1/15/15,71
1/16/15,65
1/17/15,61
1/18/15,11
1/19/15,28
1/20/15,77
1/21/15,71
1/22/15,73
1/23/15,58
1/24/15,36
1/25/15,19
1/26/15,49
1/27/15,61
1/28/15,56
1/29/15,53
1/30/15,72
1/31/15,25
2/1/15,49
2/2/15,51
2/3/15,63
2/4/15,55
2/5/15,83
2/6/15,88
2/7/15,84
2/8/15,32
2/9/15,89
2/10/15,59
2/11/15,58
2/12/15,71
2/13/15,100
2/14/15,18
2/15/15,40
2/16/15,40
2/17/15,61
2/18/15,49
2/19/15,55
2/20/15,72
2/21/15,29
2/22/15,47
2/23/15,82
2/24/15,65
2/25/15,75
2/26/15,63
2/27/15,67
2/28/15,57
3/1/15,35
3/2/15,37
3/3/15,77
3/4/15,52
3/5/15,52
3/6/15,69
3/7/15,37
3/8/15,22
3/9/15,65
3/10/15,32
3/11/15,70
3/12/15,51
3/13/15,76
3/14/15,33
3/15/15,27
3/16/15,82
3/17/15,62
3/18/15,59
3/19/15,77
3/20/15,72
3/21/15,41
3/22/15,33
3/23/15,70
3/24/15,41
3/25/15,49
3/26/15,54
3/27/15,55
3/28/15,54
3/29/15,44
3/30/15,79
3/31/15,66
4/1/15,33
4/2/15,43
4/3/15,40
4/4/15,47
4/5/15,8
4/6/15,74
4/7/15,65
4/8/15,53
4/9/15,42
4/10/15,49
4/11/15,43
4/12/15,27
4/13/15,56
4/14/15,55
4/15/15,97
4/16/15,75
4/17/15,58
4/18/15,47
4/19/15,27
4/20/15,50
4/21/15,74
4/22/15,68
4/23/15,63
4/24/15,72
4/25/15,27
4/26/15,43
4/27/15,72
4/28/15,88
4/29/15,60
4/30/15,63
5/1/15,69
5/2/15,28
5/3/15,24
5/4/15,63
5/5/15,54
5/6/15,61
5/7/15,70
5/8/15,61
5/9/15,29
5/10/15,12
5/11/15,81
5/12/15,54
5/13/15,62
5/14/15,55
5/15/15,84
5/16/15,45
5/17/15,41
5/18/15,75
5/19/15,68
5/20/15,81
5/21/15,81
5/22/15,53
5/23/15,48
5/24/15,22
5/25/15,39
5/26/15,61
5/27/15,62
5/28/15,54
5/29/15,69
5/30/15,33
5/31/15,36
6/1/15,68
6/2/15,62
6/3/15,83
6/4/15,55
6/5/15,54
6/6/15,49
6/7/15,38
6/8/15,64
6/9/15,45
6/10/15,57
6/11/15,60
6/12/15,70
6/13/15,53
6/14/15,22
6/15/15,73
6/16/15,62
6/17/15,72
6/18/15,87
6/19/15,52
6/20/15,25
6/21/15,21
6/22/15,57
6/23/15,52
6/24/15,75
6/25/15,94
6/26/15,73
6/27/15,54
6/28/15,43
6/29/15,69
6/30/15,78
7/1/15,76
7/2/15,81
7/3/15,52
7/4/15,41
7/5/15,51
7/6/15,93
7/7/15,89
7/8/15,81
7/9/15,70
7/10/15,73
7/11/15,51
7/12/15,42
7/13/15,63
7/14/15,77
7/15/15,58
7/16/15,56
7/17/15,62
7/18/15,47
7/19/15,22
7/20/15,62
7/21/15,72
7/22/15,65
7/23/15,73
7/24/15,52
7/25/15,50
7/26/15,46
7/27/15,39
7/28/15,52
7/29/15,81
7/30/15,49
7/31/15,66
8/1/15,38
8/2/15,42
8/3/15,66
8/4/15,59
8/5/15,72
8/6/15,60
8/7/15,41
8/8/15,33
8/9/15,21
8/10/15,53
8/11/15,54
8/12/15,73
8/13/15,57
8/14/15,82
8/15/15,29
8/16/15,33
8/17/15,100
8/18/15,61
8/19/15,64
8/20/15,49
8/21/15,73
8/22/15,29
8/23/15,21
8/24/15,54
8/25/15,69
8/26/15,44
8/27/15,60
8/28/15,68
8/29/15,64
8/30/15,28
8/31/15,65
9/1/15,77
9/2/15,71
9/3/15,56
9/4/15,65
9/5/15,45
9/6/15,46
9/7/15,23
9/8/15,52
9/9/15,60
9/10/15,67
9/11/15,53
9/12/15,23
9/13/15,31
9/14/15,61
9/15/15,48
9/16/15,57
9/17/15,30
9/18/15,66
9/19/15,16
9/20/15,23
9/21/15,65
9/22/15,57
9/23/15,60
9/24/15,49
9/25/15,66
9/26/15,36
9/27/15,27
9/28/15,65
9/29/15,44
9/30/15,51
10/1/15,68
10/2/15,62
10/3/15,28
10/4/15,31
10/5/15,63
10/6/15,66
10/7/15,66
10/8/15,48
10/9/15,47
10/10/15,32
10/11/15,20
10/12/15,50
10/13/15,66
10/14/15,68
10/15/15,95
10/16/15,74
10/17/15,40
10/18/15,47
10/19/15,54
10/20/15,60
10/21/15,47
10/22/15,74
10/23/15,67
10/24/15,54
10/25/15,19
10/26/15,73
10/27/15,66
10/28/15,49
10/29/15,94
10/30/15,83
10/31/15,31
11/1/15,16
11/2/15,80
11/3/15,77
11/4/15,76
11/5/15,50
11/6/15,63
11/7/15,27
11/8/15,30
11/9/15,64
11/10/15,75
11/11/15,61
11/12/15,54
11/13/15,87
11/14/15,11
11/15/15,37
11/16/15,38
11/17/15,54
11/18/15,53
11/19/15,49
11/20/15,84
11/21/15,38
11/22/15,34
11/23/15,39
11/24/15,42
11/25/15,62
11/26/15,27
11/27/15,61
11/28/15,19
11/29/15,33
11/30/15,94
12/1/15,61
12/2/15,31
12/3/15,66
12/4/15,59
12/5/15,45
12/6/15,30
12/7/15,65
12/8/15,37
12/9/15,75
12/10/15,38
12/11/15,56
12/12/15,45
12/13/15,15
12/14/15,65
12/15/15,85
12/16/15,51
12/17/15,46
12/18/15,77
12/19/15,64
12/20/15,24
12/21/15,39
12/22/15,51
12/23/15,71
12/24/15,54
12/25/15,32
12/26/15,44
12/27/15,23
12/28/15,70
12/29/15,56
12/30/15,50
12/31/15,69
1/1/16,35
1/2/16,64
1/3/16,27
1/4/16,56
1/5/16,74
1/6/16,67
1/7/16,51
1/8/16,69
1/9/16,56
1/10/16,34
1/11/16,51
1/12/16,78
1/13/16,77
1/14/16,76
1/15/16,62
1/16/16,44
1/17/16,30
1/18/16,44
1/19/16,51
1/20/16,65
1/21/16,68
1/22/16,99
1/23/16,61
1/24/16,33
1/25/16,41
1/26/16,57
1/27/16,39
1/28/16,55
1/29/16,37
1/30/16,38
1/31/16,36
2/1/16,64
2/2/16,53
2/3/16,33
2/4/16,52
2/5/16,61
2/6/16,31
2/7/16,24
2/8/16,57
2/9/16,68
2/10/16,58
2/11/16,72
2/12/16,67
2/13/16,52
2/14/16,27
2/15/16,37
2/16/16,54
2/17/16,59
2/18/16,79
2/19/16,79
2/20/16,37
2/21/16,31
2/22/16,40
2/23/16,45
2/24/16,45
2/25/16,61
2/26/16,50
2/27/16,53
2/28/16,37
2/29/16,77
3/1/16,65
3/2/16,55
3/3/16,46
3/4/16,52
3/5/16,42
3/6/16,18
3/7/16,71
3/8/16,61
3/9/16,51
3/10/16,57
3/11/16,68
3/12/16,58
3/13/16,33
3/14/16,63
3/15/16,64
3/16/16,69
3/17/16,74
3/18/16,78
3/19/16,56
3/20/16,25
3/21/16,67
3/22/16,52
3/23/16,54
3/24/16,40
3/25/16,53
3/26/16,35
3/27/16,45
3/28/16,71
3/29/16,73
3/30/16,80
3/31/16,68
4/1/16,63
4/2/16,37
4/3/16,49
4/4/16,62
4/5/16,43
4/6/16,87
4/7/16,74
4/8/16,61
4/9/16,31
4/10/16,33
4/11/16,61
4/12/16,87
4/13/16,75
4/14/16,72
4/15/16,63
4/16/16,55
4/17/16,32
4/18/16,64
4/19/16,54
4/20/16,69
4/21/16,47
4/22/16,76
4/23/16,41
4/24/16,16
4/25/16,100
4/26/16,72
4/27/16,58
4/28/16,54
4/29/16,82
4/30/16,53
5/1/16,39
5/2/16,87
5/3/16,63
5/4/16,67
5/5/16,76
5/6/16,62
5/7/16,64
5/8/16,29
5/9/16,67
5/10/16,87
5/11/16,73
5/12/16,66
5/13/16,87
5/14/16,39
5/15/16,45
5/16/16,73
5/17/16,77
5/18/16,78
5/19/16,56
5/20/16,96
5/21/16,58
5/22/16,29
5/23/16,88
5/24/16,68
5/25/16,89
5/26/16,76
5/27/16,68
5/28/16,60
5/29/16,30
5/30/16,25
5/31/16,81
6/1/16,90
6/2/16,78
6/3/16,71
6/4/16,51
6/5/16,47
6/6/16,66
6/7/16,74
6/8/16,69
6/9/16,65
6/10/16,95
6/11/16,48
6/12/16,29
6/13/16,40
6/14/16,56
6/15/16,71
6/16/16,38
6/17/16,82
6/18/16,33
6/19/16,44
6/20/16,56
6/21/16,85
6/22/16,61
6/23/16,67
6/24/16,90
6/25/16,57
6/26/16,50
6/27/16,57
6/28/16,79
6/29/16,83
6/30/16,99
7/1/16,64
7/2/16,54
7/3/16,35
7/4/16,36
7/5/16,47
7/6/16,88
7/7/16,73
7/8/16,77
7/9/16,46
7/10/16,40
7/11/16,62
7/12/16,68
7/13/16,75
7/14/16,52
7/15/16,61
7/16/16,50
7/17/16,23
7/18/16,53
7/19/16,83
7/20/16,66
7/21/16,61
7/22/16,76
7/23/16,62
7/24/16,56
7/25/16,50
7/26/16,67
7/27/16,81
7/28/16,44
7/29/16,71
7/30/16,52
7/31/16,22
8/1/16,52
8/2/16,64
8/3/16,40
8/4/16,46
8/5/16,72
8/6/16,21
8/7/16,21
8/8/16,62
8/9/16,54
8/10/16,65
8/11/16,54
8/12/16,52
8/13/16,41
8/14/16,31
8/15/16,50
8/16/16,71
8/17/16,84
8/18/16,67
8/19/16,40
8/20/16,21
8/21/16,28
8/22/16,59
8/23/16,62
8/24/16,52
8/25/16,49
8/26/16,80
8/27/16,42
8/28/16,51
8/29/16,83
8/30/16,51
8/31/16,54
9/1/16,54
9/2/16,66
9/3/16,48
9/4/16,13
9/5/16,33
9/6/16,40
9/7/16,60
9/8/16,82
9/9/16,54
9/10/16,63
9/11/16,36
9/12/16,39
9/13/16,55
9/14/16,61
9/15/16,74
9/16/16,79
9/17/16,50
9/18/16,30
9/19/16,70
9/20/16,84
9/21/16,36
9/22/16,66
9/23/16,69
9/24/16,42
9/25/16,44
9/26/16,62
9/27/16,49
9/28/16,58
9/29/16,55
9/30/16,55
10/1/16,47
10/2/16,22
10/3/16,80
10/4/16,48
10/5/16,70
10/6/16,68
10/7/16,62
10/8/16,40
10/9/16,46
10/10/16,48
10/11/16,70
10/12/16,61
10/13/16,84
10/14/16,93
10/15/16,42
10/16/16,34
10/17/16,67
10/18/16,50
10/19/16,68
10/20/16,79
10/21/16,68
10/22/16,49
10/23/16,19
10/24/16,41
10/25/16,46
10/26/16,51
10/27/16,49
10/28/16,60
10/29/16,37
10/30/16,31
10/31/16,56
11/1/16,73
11/2/16,66
11/3/16,85
11/4/16,48
11/5/16,48
11/6/16,18
11/7/16,63
11/8/16,49
11/9/16,37
11/10/16,100
11/11/16,81
11/12/16,47
11/13/16,42
11/14/16,71
11/15/16,79
11/16/16,39
11/17/16,64
11/18/16,71
11/19/16,55
11/20/16,36
11/21/16,33
11/22/16,47
11/23/16,44
11/24/16,33
11/25/16,43
11/26/16,41
11/27/16,26
11/28/16,51
11/29/16,57
11/30/16,55
12/1/16,40
12/2/16,76
12/3/16,52
12/4/16,44
12/5/16,71
12/6/16,58
12/7/16,58
12/8/16,59
12/9/16,61
12/10/16,54
12/11/16,29
12/12/16,61
12/13/16,43
12/14/16,61
12/15/16,61
12/16/16,85
12/17/16,30
12/18/16,30
12/19/16,79
12/20/16,76
12/21/16,79
12/22/16,58
12/23/16,53
12/24/16,10
12/25/16,30
12/26/16,51
12/27/16,48
12/28/16,75
12/29/16,86
12/30/16,85
12/31/16,52
1/1/17,27
1/2/17,43
1/3/17,70
1/4/17,55
1/5/17,63
1/6/17,77
1/7/17,50
1/8/17,49
1/9/17,58
1/10/17,50
1/11/17,42
1/12/17,47
1/13/17,49
1/14/17,36
1/15/17,27
1/16/17,34
1/17/17,54
1/18/17,55
1/19/17,46
1/20/17,55
1/21/17,43
1/22/17,47
1/23/17,41
1/24/17,68
1/25/17,52
1/26/17,75
1/27/17,70
1/28/17,41
1/29/17,46
1/30/17,47
1/31/17,51
2/1/17,56
2/2/17,62
2/3/17,67
2/4/17,44
2/5/17,24
2/6/17,76
2/7/17,93
2/8/17,82
2/9/17,54
2/10/17,65
2/11/17,49
2/12/17,36
2/13/17,52
2/14/17,36
2/15/17,56
2/16/17,68
2/17/17,61
2/18/17,29
2/19/17,48
2/20/17,59
2/21/17,51
2/22/17,65
2/23/17,91
2/24/17,69
2/25/17,64
2/26/17,31
2/27/17,43
2/28/17,87
3/1/17,59
3/2/17,63
3/3/17,66
3/4/17,51
3/5/17,29
3/6/17,51
3/7/17,66
3/8/17,75
3/9/17,46
3/10/17,72
3/11/17,42
3/12/17,25
3/13/17,54
3/14/17,40
3/15/17,74
3/16/17,54
3/17/17,72
3/18/17,51
3/19/17,59
3/20/17,54
3/21/17,68
3/22/17,68
3/23/17,55
3/24/17,44
3/25/17,39
3/26/17,24
3/27/17,67
3/28/17,54
3/29/17,73
3/30/17,48
3/31/17,53
4/1/17,41
4/2/17,46
4/3/17,66
4/4/17,73
4/5/17,61
4/6/17,78
4/7/17,100
4/8/17,28
4/9/17,31
4/10/17,83
4/11/17,55
4/12/17,57
4/13/17,76
4/14/17,53
4/15/17,34
4/16/17,38
4/17/17,66
4/18/17,76
4/19/17,60
4/20/17,71
4/21/17,37
4/22/17,50
4/23/17,28
4/24/17,58
4/25/17,58
4/26/17,51
4/27/17,73
4/28/17,56
4/29/17,38
4/30/17,37
5/1/17,60
5/2/17,63
5/3/17,65
5/4/17,56
5/5/17,47
5/6/17,33
5/7/17,36
5/8/17,48
5/9/17,64
5/10/17,48
5/11/17,56
5/12/17,46
5/13/17,29
5/14/17,26
5/15/17,60
5/16/17,61
5/17/17,49
5/18/17,82
5/19/17,61
5/20/17,36
5/21/17,33
5/22/17,51
5/23/17,42
5/24/17,58
5/25/17,51
5/26/17,61
5/27/17,34
5/28/17,28
5/29/17,38
5/30/17,56
5/31/17,77
6/1/17,37
6/2/17,49
6/3/17,30
6/4/17,38
6/5/17,60
6/6/17,59
6/7/17,53
6/8/17,63
6/9/17,48
6/10/17,42
6/11/17,20
6/12/17,69
6/13/17,39
6/14/17,37
6/15/17,94
6/16/17,73
6/17/17,42
6/18/17,16
6/19/17,88
6/20/17,49
6/21/17,62
6/22/17,50
6/23/17,69
6/24/17,19
6/25/17,39
6/26/17,60
6/27/17,53
6/28/17,40
6/29/17,60
6/30/17,64
7/1/17,52
7/2/17,61
7/3/17,36
7/4/17,33
7/5/17,73
7/6/17,50
7/7/17,76
7/8/17,38
7/9/17,33
7/10/17,90
7/11/17,55
7/12/17,68
7/13/17,56
7/14/17,70
7/15/17,39
7/16/17,26
7/17/17,47
7/18/17,57
7/19/17,74
7/20/17,61
7/21/17,62
7/22/17,73
7/23/17,48
7/24/17,84
7/25/17,74
7/26/17,77
7/27/17,76
7/28/17,79
7/29/17,60
7/30/17,16
7/31/17,38
8/1/17,64
8/2/17,60
8/3/17,66
8/4/17,82
8/5/17,53
8/6/17,28
8/7/17,99
8/8/17,90
8/9/17,55
8/10/17,54
8/11/17,79
8/12/17,49
8/13/17,34
8/14/17,58
8/15/17,50
8/16/17,42
8/17/17,68
8/18/17,70
8/19/17,31
8/20/17,28
8/21/17,62
8/22/17,73
8/23/17,69
8/24/17,54
8/25/17,89
8/26/17,36
8/27/17,18
8/28/17,47
8/29/17,46
8/30/17,72
8/31/17,75
9/1/17,55
9/2/17,69
9/3/17,42
9/4/17,31
9/5/17,66
9/6/17,43
9/7/17,68
9/8/17,79
9/9/17,52
9/10/17,31
9/11/17,59
9/12/17,67
9/13/17,56
9/14/17,70
9/15/17,100
9/16/17,76
9/17/17,41
9/18/17,82
9/19/17,71
9/20/17,72
9/21/17,71
9/22/17,56
9/23/17,55
9/24/17,27
9/25/17,75
9/26/17,67
9/27/17,63
9/28/17,91
9/29/17,62
9/30/17,28
10/1/17,24
10/2/17,81
10/3/17,76
10/4/17,82
10/5/17,68
10/6/17,97
10/7/17,56
10/8/17,58
10/9/17,51
10/10/17,68
10/11/17,71
10/12/17,46
10/13/17,68
10/14/17,18
10/15/17,47
10/16/17,75
10/17/17,71
10/18/17,59
10/19/17,76
10/20/17,80
10/21/17,37
10/22/17,38
10/23/17,62
10/24/17,86
10/25/17,74
10/26/17,79
10/27/17,78
10/28/17,42
10/29/17,35
10/30/17,97
10/31/17,77
11/1/17,68
11/2/17,65
11/3/17,46
11/4/17,65
11/5/17,37
11/6/17,79
11/7/17,60
11/8/17,66
11/9/17,54
11/10/17,78
11/11/17,26
11/12/17,38
11/13/17,65
11/14/17,82
11/15/17,61
11/16/17,69
11/17/17,83
11/18/17,62
11/19/17,38
11/20/17,59
11/21/17,78
11/22/17,59
11/23/17,24
11/24/17,75
11/25/17,54
11/26/17,57
11/27/17,80
11/28/17,80
11/29/17,48
11/30/17,82
12/1/17,78
12/2/17,61
12/3/17,55
12/4/17,69
12/5/17,57
12/6/17,78
12/7/17,61
12/8/17,88
12/9/17,44
12/10/17,20
12/11/17,62
12/12/17,48
12/13/17,78
12/14/17,89
12/15/17,69
12/16/17,56
12/17/17,51
12/18/17,40
12/19/17,79
12/20/17,60
12/21/17,65
12/22/17,74
12/23/17,31
12/24/17,29
12/25/17,10
12/26/17,74
12/27/17,77
12/28/17,77
12/29/17,84
12/30/17,56
12/31/17,30
1/1/18,41
1/2/18,64
1/3/18,88
1/4/18,67
1/5/18,63
1/6/18,43
1/7/18,22
1/8/18,65
1/9/18,57
1/10/18,69
1/11/18,71
1/12/18,61
1/13/18,37
1/14/18,38
1/15/18,40
1/16/18,66
1/17/18,47
1/18/18,50
1/19/18,51
1/20/18,32
1/21/18,24
1/22/18,50
1/23/18,73
1/24/18,67
1/25/18,80
1/26/18,80
1/27/18,49
1/28/18,29
1/29/18,73
1/30/18,62
1/31/18,57
2/1/18,96
2/2/18,56
2/3/18,42
2/4/18,47
2/5/18,53
2/6/18,63
2/7/18,48
2/8/18,63
2/9/18,78
2/10/18,47
2/11/18,36
2/12/18,50
2/13/18,66
2/14/18,35
2/15/18,75
2/16/18,89
2/17/18,34
2/18/18,22
2/19/18,42
2/20/18,36
2/21/18,48
2/22/18,100
2/23/18,57
2/24/18,53
2/25/18,19
2/26/18,56
2/27/18,59
2/28/18,66
3/1/18,62
3/2/18,67
3/3/18,34
3/4/18,50
3/5/18,75
3/6/18,61
3/7/18,66
3/8/18,45
3/9/18,69
3/10/18,34
3/11/18,38
3/12/18,44
3/13/18,56
3/14/18,39
3/15/18,53
3/16/18,56
3/17/18,27
3/18/18,32
3/19/18,73
3/20/18,40
3/21/18,45
3/22/18,45
3/23/18,65
3/24/18,37
3/25/18,37
3/26/18,44
3/27/18,52
3/28/18,40
3/29/18,66
3/30/18,68
3/31/18,35
4/1/18,33
4/2/18,77
4/3/18,62
4/4/18,37
4/5/18,65
4/6/18,72
4/7/18,34
4/8/18,22
4/9/18,71
4/10/18,60
4/11/18,66
4/12/18,45
4/13/18,72
4/14/18,50
4/15/18,27
4/16/18,58
4/17/18,66
4/18/18,59
4/19/18,70
4/20/18,58
4/21/18,43
4/22/18,30
4/23/18,78
4/24/18,74
4/25/18,46
4/26/18,51
4/27/18,69
4/28/18,40
4/29/18,32
4/30/18,57
5/1/18,61
5/2/18,72
5/3/18,64
5/4/18,74
5/5/18,45
5/6/18,25
5/7/18,60
5/8/18,57
5/9/18,47
5/10/18,60
5/11/18,77
5/12/18,43
5/13/18,39
5/14/18,46
5/15/18,56
5/16/18,68
5/17/18,50
5/18/18,54
5/19/18,20
5/20/18,30
5/21/18,69
5/22/18,54
5/23/18,59
5/24/18,68
5/25/18,70
5/26/18,37
5/27/18,16
5/28/18,39
5/29/18,38
5/30/18,56
5/31/18,68
6/1/18,90
6/2/18,42
6/3/18,36
6/4/18,56
6/5/18,71
6/6/18,49
6/7/18,65
6/8/18,64
6/9/18,35
6/10/18,36
6/11/18,38
6/12/18,43
6/13/18,49
6/14/18,62
6/15/18,98
6/16/18,48
6/17/18,24
6/18/18,57
6/19/18,52
6/20/18,51
6/21/18,49
6/22/18,79
6/23/18,47
6/24/18,50
6/25/18,62
6/26/18,70
6/27/18,63
6/28/18,64
6/29/18,73
6/30/18,57
7/1/18,42
7/2/18,48
7/3/18,48
7/4/18,38
7/5/18,48
7/6/18,63
7/7/18,38
7/8/18,30
7/9/18,52
7/10/18,41
7/11/18,29
7/12/18,42
7/13/18,57
7/14/18,57
7/15/18,28
7/16/18,83
7/17/18,71
7/18/18,60
7/19/18,56
7/20/18,60
7/21/18,43
7/22/18,40
7/23/18,63
7/24/18,56
7/25/18,72
7/26/18,41
7/27/18,94
7/28/18,19
7/29/18,32
7/30/18,47
7/31/18,48
8/1/18,52
8/2/18,55
8/3/18,74
8/4/18,31
8/5/18,28
8/6/18,53
8/7/18,44
8/8/18,60
8/9/18,40
8/10/18,56
8/11/18,39
8/12/18,21
8/13/18,56
8/14/18,72
8/15/18,58
8/16/18,52
8/17/18,88
8/18/18,53
8/19/18,27
8/20/18,67
8/21/18,44
8/22/18,49
8/23/18,68
8/24/18,63
8/25/18,69
8/26/18,21
8/27/18,70
8/28/18,49
8/29/18,59
8/30/18,62
8/31/18,53
9/1/18,51
9/2/18,33
9/3/18,29
9/4/18,67
9/5/18,70
9/6/18,51
9/7/18,62
9/8/18,52
9/9/18,33
9/10/18,47
9/11/18,61
9/12/18,68
9/13/18,46
9/14/18,77
9/15/18,32
9/16/18,32
9/17/18,54
9/18/18,63
9/19/18,67
9/20/18,72
9/21/18,79
9/22/18,33
9/23/18,34
9/24/18,60
9/25/18,44
9/26/18,42
9/27/18,72
9/28/18,66
9/29/18,45
9/30/18,32
10/1/18,69
10/2/18,54
10/3/18,73
10/4/18,68
10/5/18,44
10/6/18,49
10/7/18,27
10/8/18,65
10/9/18,50
10/10/18,68
10/11/18,55
10/12/18,78
10/13/18,45
10/14/18,35
10/15/18,56
10/16/18,35
10/17/18,70
10/18/18,50
10/19/18,68
10/20/18,48
10/21/18,28
10/22/18,50
10/23/18,58
10/24/18,51
10/25/18,57
10/26/18,57
10/27/18,44
10/28/18,30
10/29/18,53
10/30/18,55
10/31/18,57
11/1/18,69
11/2/18,59
11/3/18,42
11/4/18,29
11/5/18,39
11/6/18,58
11/7/18,40
11/8/18,48
11/9/18,63
11/10/18,35
11/11/18,35
11/12/18,54
11/13/18,52
11/14/18,63
11/15/18,71
11/16/18,60
11/17/18,60
11/18/18,28
11/19/18,68
11/20/18,75
11/21/18,62
11/22/18,21
11/23/18,37
11/24/18,60
11/25/18,36
11/26/18,42
11/27/18,46
11/28/18,70
11/29/18,100
11/30/18,79
12/1/18,34
12/2/18,22
12/3/18,43
12/4/18,49
12/5/18,46
12/6/18,59
12/7/18,56
12/8/18,30
12/9/18,34
12/10/18,48
12/11/18,57
12/12/18,43
12/13/18,47
12/14/18,80
12/15/18,52
12/16/18,28
12/17/18,45
12/18/18,51
12/19/18,63
12/20/18,43
12/21/18,52
12/22/18,44
12/23/18,17
12/24/18,27
12/25/18,11
12/26/18,48
12/27/18,60
12/28/18,97
12/29/18,47
12/30/18,28
12/31/18,46
1/1/19,26
1/2/19,66
1/3/19,85
1/4/19,69
1/5/19,32
1/6/19,16
1/7/19,50
1/8/19,73
1/9/19,50
1/10/19,51
1/11/19,71
1/12/19,51
1/13/19,40
1/14/19,49
1/15/19,70
1/16/19,83
1/17/19,63
1/18/19,100
1/19/19,60
1/20/19,21
1/21/19,66
1/22/19,63
1/23/19,58
1/24/19,94
1/25/19,59
1/26/19,44
1/27/19,28
1/28/19,57
1/29/19,72
1/30/19,59
1/31/19,47
2/1/19,58
2/2/19,44
2/3/19,32
2/4/19,54
2/5/19,76
2/6/19,58
2/7/19,90
2/8/19,60
2/9/19,67
2/10/19,29
2/11/19,72
2/12/19,87
2/13/19,75
2/14/19,61
2/15/19,73
2/16/19,60
2/17/19,27
2/18/19,57
2/19/19,46
2/20/19,56
2/21/19,56
2/22/19,84
2/23/19,70
2/24/19,59
2/25/19,34
2/26/19,45
2/27/19,86
2/28/19,77
3/1/19,80
3/2/19,74
3/3/19,30
3/4/19,76
3/5/19,71
3/6/19,51
3/7/19,68
3/8/19,85
3/9/19,39
3/10/19,20
3/11/19,76
3/12/19,70
3/13/19,62
3/14/19,66
3/15/19,62
3/16/19,28
3/17/19,29
3/18/19,75
3/19/19,32
3/20/19,74
3/21/19,60
3/22/19,95
3/23/19,56
3/24/19,31
3/25/19,42
3/26/19,83
3/27/19,71
3/28/19,62
3/29/19,64
3/30/19,31
3/31/19,13
4/1/19,52
4/2/19,62
4/3/19,61
4/4/19,77
4/5/19,73
4/6/19,51
4/7/19,10
4/8/19,69
4/9/19,48
4/10/19,59
4/11/19,73
4/12/19,71
4/13/19,39
4/14/19,28
4/15/19,54
4/16/19,68
4/17/19,49
4/18/19,61
4/19/19,75
4/20/19,32
4/21/19,28
4/22/19,66
4/23/19,68
4/24/19,42
4/25/19,52
4/26/19,59
4/27/19,34
4/28/19,26
4/29/19,68
4/30/19,69
5/1/19,90
5/2/19,78
5/3/19,48
5/4/19,54
5/5/19,15
5/6/19,26
5/7/19,67
5/8/19,41
5/9/19,56
5/10/19,47
5/11/19,43
5/12/19,35
5/13/19,53
5/14/19,57
5/15/19,40
5/16/19,59
5/17/19,75
5/18/19,52
5/19/19,29
5/20/19,59
5/21/19,44
5/22/19,51
5/23/19,49
5/24/19,65
5/25/19,36
5/26/19,34
5/27/19,31
5/28/19,55
5/29/19,58
5/30/19,32
5/31/19,67
6/1/19,50
6/2/19,33
6/3/19,61
6/4/19,55
6/5/19,46
6/6/19,55
6/7/19,43
6/8/19,26
6/9/19,21
6/10/19,68
6/11/19,67
6/12/19,60
6/13/19,80
6/14/19,100
6/15/19,59
6/16/19,35
6/17/19,72
6/18/19,75
6/19/19,79
6/20/19,83
6/21/19,74
6/22/19,68
6/23/19,32
6/24/19,67
6/25/19,79
6/26/19,43
6/27/19,73
6/28/19,74
6/29/19,58
6/30/19,19
7/1/19,99
7/2/19,70
7/3/19,52
7/4/19,34
7/5/19,73
7/6/19,52
7/7/19,33
7/8/19,77
7/9/19,73
7/10/19,66
7/11/19,72
7/12/19,58
7/13/19,73
7/14/19,51
7/15/19,67
7/16/19,67
7/17/19,64
7/18/19,60
7/19/19,53
7/20/19,47
7/21/19,28
7/22/19,85
7/23/19,76
7/24/19,68
7/25/19,67
7/26/19,86
7/27/19,52
7/28/19,38
7/29/19,72
7/30/19,44
7/31/19,69
8/1/19,68
8/2/19,65
8/3/19,35
8/4/19,31
8/5/19,68
8/6/19,81
8/7/19,44
8/8/19,66
8/9/19,60
8/10/19,34
8/11/19,22
8/12/19,56
8/13/19,98
8/14/19,62
8/15/19,85
8/16/19,83
8/17/19,49
8/18/19,21
8/19/19,67
8/20/19,62
8/21/19,79
8/22/19,97
8/23/19,81
8/24/19,71
8/25/19,43
8/26/19,66
8/27/19,72
8/28/19,61
8/29/19,84
8/30/19,81
8/31/19,70
9/1/19,26
9/2/19,30
9/3/19,56
9/4/19,44
9/5/19,75
9/6/19,70
9/7/19,34
9/8/19,23
9/9/19,65
9/10/19,77
9/11/19,53
9/12/19,61
9/13/19,54
9/14/19,29
9/15/19,42
9/16/19,59
9/17/19,81
9/18/19,79
9/19/19,66
9/20/19,83
9/21/19,40
9/22/19,34
9/23/19,71
9/24/19,54
9/25/19,68
9/26/19,60
9/27/19,83
9/28/19,51
9/29/19,27
9/30/19,69
10/1/19,63
10/2/19,65
10/3/19,59
10/4/19,56
10/5/19,64
10/6/19,35
10/7/19,56
10/8/19,73
10/9/19,52
10/10/19,73
10/11/19,71
10/12/19,36
10/13/19,29
10/14/19,54
10/15/19,63
10/16/19,61
10/17/19,54
10/18/19,65
10/19/19,61
10/20/19,34
10/21/19,57
10/22/19,94
10/23/19,86
10/24/19,46
10/25/19,65
10/26/19,46
10/27/19,34
10/28/19,54
10/29/19,48
10/30/19,83
10/31/19,72
11/1/19,54
11/2/19,32
11/3/19,37
11/4/19,63
11/5/19,86
11/6/19,59
11/7/19,75
11/8/19,94
11/9/19,51
11/10/19,36
11/11/19,43
11/12/19,59
11/13/19,58
11/14/19,64
11/15/19,88
11/16/19,59
11/17/19,47
11/18/19,40
11/19/19,82
11/20/19,46
11/21/19,44
11/22/19,68
11/23/19,66
11/24/19,42
11/25/19,47
11/26/19,67
11/27/19,62
11/28/19,36
11/29/19,73
11/30/19,51
12/1/19,45
12/2/19,66
12/3/19,58
12/4/19,64
12/5/19,70
12/6/19,50
12/7/19,53
12/8/19,25
12/9/19,36
12/10/19,71
12/11/19,57
12/12/19,58
12/13/19,80
12/14/19,54
12/15/19,51
12/16/19,56
12/17/19,54
12/18/19,66
12/19/19,57
12/20/19,83
12/21/19,59
12/22/19,9
12/23/19,54
12/24/19,40
12/25/19,23
12/26/19,64
12/27/19,77
12/28/19,52
12/29/19,33
12/30/19,54
12/31/19,43
1/1/20,41
1/2/20,43
1/3/20,56
1/4/20,59
1/5/20,32
1/6/20,50
1/7/20,61
1/8/20,35
1/9/20,86
1/10/20,55
1/11/20,34
1/12/20,19
1/13/20,56
1/14/20,63
1/15/20,37
1/16/20,77
1/17/20,77
1/18/20,52
1/19/20,34
1/20/20,42
1/21/20,51
1/22/20,46
1/23/20,76
1/24/20,61
1/25/20,44
1/26/20,27
1/27/20,48
1/28/20,63
1/29/20,62
1/30/20,57
1/31/20,75
2/1/20,32
2/2/20,27
2/3/20,54
2/4/20,54
2/5/20,62
2/6/20,73
2/7/20,56
2/8/20,49
2/9/20,30
2/10/20,64
2/11/20,38
2/12/20,47
2/13/20,52
2/14/20,76
2/15/20,54
2/16/20,39
2/17/20,70
2/18/20,56
2/19/20,70
2/20/20,54
2/21/20,75
2/22/20,50
2/23/20,41
2/24/20,73
2/25/20,61
2/26/20,64
2/27/20,94
2/28/20,100
2/29/20,61
3/1/20,33
3/2/20,77
3/3/20,74
3/4/20,49
3/5/20,94
3/6/20,76
3/7/20,53
3/8/20,35
3/9/20,77
3/10/20,60
3/11/20,58
3/12/20,54
3/13/20,70
3/14/20,40
3/15/20,30
3/16/20,53
3/17/20,70
3/18/20,57
3/19/20,80
3/20/20,69
3/21/20,38
3/22/20,49
3/23/20,63
3/24/20,45
3/25/20,75
3/26/20,60
3/27/20,75
3/28/20,57
3/29/20,17
3/30/20,56
3/31/20,72
4/1/20,65
4/2/20,40
4/3/20,74
4/4/20,60
4/5/20,35
4/6/20,58
4/7/20,67
4/8/20,55
4/9/20,32
4/10/20,75
4/11/20,30
4/12/20,28
4/13/20,51
4/14/20,61
4/15/20,74
4/16/20,50
4/17/20,66
4/18/20,50
4/19/20,34
4/20/20,70
4/21/20,64
4/22/20,63
4/23/20,57
4/24/20,64
4/25/20,48
4/26/20,53
4/27/20,52
4/28/20,60
4/29/20,33
4/30/20,61
5/1/20,56
5/2/20,54
5/3/20,28
5/4/20,74
5/5/20,66
5/6/20,56
5/7/20,45
5/8/20,48
5/9/20,19
5/10/20,46
5/11/20,40
5/12/20,49
5/13/20,51
5/14/20,50
5/15/20,72
5/16/20,51
5/17/20,24
5/18/20,58
5/19/20,43
5/20/20,49
5/21/20,68
5/22/20,58
5/23/20,27
5/24/20,16
5/25/20,19
5/26/20,42
5/27/20,51
5/28/20,60
5/29/20,61
5/30/20,47
5/31/20,32
6/1/20,49
6/2/20,48
6/3/20,66
6/4/20,63
6/5/20,66
6/6/20,35
6/7/20,20
6/8/20,51
6/9/20,65
6/10/20,48
6/11/20,51
6/12/20,87
6/13/20,30
6/14/20,37
6/15/20,85
6/16/20,70
6/17/20,58
6/18/20,61
6/19/20,81
6/20/20,32
6/21/20,19
6/22/20,52
6/23/20,88
6/24/20,46
6/25/20,95
6/26/20,55
6/27/20,37
6/28/20,16
6/29/20,41
6/30/20,76
7/1/20,76
7/2/20,74
7/3/20,53
7/4/20,20
7/5/20,37
7/6/20,42
7/7/20,75
7/8/20,70
7/9/20,64
7/10/20,65
7/11/20,33
7/12/20,31
7/13/20,70
7/14/20,69
7/15/20,72
7/16/20,62
7/17/20,42
7/18/20,34
7/19/20,31
7/20/20,56
7/21/20,54
7/22/20,61
7/23/20,50
7/24/20,72
7/25/20,43
7/26/20,50
7/27/20,61
7/28/20,66
7/29/20,38
7/30/20,100
7/31/20,56
8/1/20,48
8/2/20,31
8/3/20,52
8/4/20,53
8/5/20,61
8/6/20,81
8/7/20,72
8/8/20,49
8/9/20,36
8/10/20,56
8/11/20,62
8/12/20,55
8/13/20,49
8/14/20,49
8/15/20,52
8/16/20,50
8/17/20,63
8/18/20,53
8/19/20,53
8/20/20,56
8/21/20,35
8/22/20,33
8/23/20,26
8/24/20,59
8/25/20,61
8/26/20,59
8/27/20,58
8/28/20,61
8/29/20,32
8/30/20,21
8/31/20,62
9/1/20,49
9/2/20,49
9/3/20,81
9/4/20,74
9/5/20,47
9/6/20,29
9/7/20,22
9/8/20,55
9/9/20,68
9/10/20,71
9/11/20,55
9/12/20,46
9/13/20,16
9/14/20,56
9/15/20,78
9/16/20,60
9/17/20,47
9/18/20,64
9/19/20,54
9/20/20,25
9/21/20,57
9/22/20,39
9/23/20,75
9/24/20,81
9/25/20,75
9/26/20,40
9/27/20,31
9/28/20,64
9/29/20,63
9/30/20,65
10/1/20,70
10/2/20,82
10/3/20,20
10/4/20,22
10/5/20,68
10/6/20,58
10/7/20,64
10/8/20,47
10/9/20,45
10/10/20,52
10/11/20,23
10/12/20,43
10/13/20,51
10/14/20,57
10/15/20,78
10/16/20,84
10/17/20,48
10/18/20,48
10/19/20,60
10/20/20,49
10/21/20,71
10/22/20,56
10/23/20,55
10/24/20,66
10/25/20,29
10/26/20,74
10/27/20,54
10/28/20,47
10/29/20,51
10/30/20,75
10/31/20,27
11/1/20,54
11/2/20,62
11/3/20,59
11/4/20,24
11/5/20,39
11/6/20,40
11/7/20,40
11/8/20,24
11/9/20,47
11/10/20,51
11/11/20,56
11/12/20,76
11/13/20,66
11/14/20,62
11/15/20,23
11/16/20,63
11/17/20,50
11/18/20,65
11/19/20,53
11/20/20,82
11/21/20,31
11/22/20,28
11/23/20,65
11/24/20,52
11/25/20,62
11/26/20,27
11/27/20,56
11/28/20,27
11/29/20,32
11/30/20,46
12/1/20,78
12/2/20,74
12/3/20,63
12/4/20,73
12/5/20,45
12/6/20,30
12/7/20,65
12/8/20,74
12/9/20,98
12/10/20,47
12/11/20,48
12/12/20,60
12/13/20,25
12/14/20,67
12/15/20,60
12/16/20,62
12/17/20,67
12/18/20,82
12/19/20,69
12/20/20,26
12/21/20,46
12/22/20,50
12/23/20,56
12/24/20,56
12/25/20,29
12/26/20,56
12/27/20,23
12/28/20,50
12/29/20,50
12/30/20,74
12/31/20,78
1/1/21,25
1/2/21,35
1/3/21,56
1/4/21,84
1/5/21,67
1/6/21,71
1/7/21,57
1/8/21,82
1/9/21,29
1/10/21,35
1/11/21,82
1/12/21,55
1/13/21,84
1/14/21,61
1/15/21,86
1/16/21,36
1/17/21,27
1/18/21,58
1/19/21,43
1/20/21,64
1/21/21,55
1/22/21,60
1/23/21,60
1/24/21,52
1/25/21,91
1/26/21,59
1/27/21,74
1/28/21,55
1/29/21,98
1/30/21,57
1/31/21,37
2/1/21,52
2/2/21,68
2/3/21,81
2/4/21,90
2/5/21,77
2/6/21,48
2/7/21,38
2/8/21,97
2/9/21,65
2/10/21,63
2/11/21,71
2/12/21,70
2/13/21,62
2/14/21,31
2/15/21,52
2/16/21,52
2/17/21,80
2/18/21,59
2/19/21,86
2/20/21,69
2/21/21,20
2/22/21,77
2/23/21,75
2/24/21,55
2/25/21,69
2/26/21,72
2/27/21,58
2/28/21,31
3/1/21,69
3/2/21,90
3/3/21,84
3/4/21,51
3/5/21,60
3/6/21,44
3/7/21,32
3/8/21,44
3/9/21,85
3/10/21,82
3/11/21,57
3/12/21,73
3/13/21,59
3/14/21,41
3/15/21,75
3/16/21,74
3/17/21,94
3/18/21,79
3/19/21,74
3/20/21,57
3/21/21,49
3/22/21,61
3/23/21,73
3/24/21,83
3/25/21,69
3/26/21,54
3/27/21,64
3/28/21,75
3/29/21,77
3/30/21,74
3/31/21,78
4/1/21,68
4/2/21,81
4/3/21,41
4/4/21,37
4/5/21,85
4/6/21,66
4/7/21,79
4/8/21,56
4/9/21,66
4/10/21,17
4/11/21,31
4/12/21,71
4/13/21,49
4/14/21,88
4/15/21,78
4/16/21,75
4/17/21,53
4/18/21,46
4/19/21,62
4/20/21,74
4/21/21,46
4/22/21,97
4/23/21,91
4/24/21,44
4/25/21,59
4/26/21,55
4/27/21,87
4/28/21,69
4/29/21,94
4/30/21,70
5/1/21,47
5/2/21,50
5/3/21,51
5/4/21,64
5/5/21,61
5/6/21,97
5/7/21,100
5/8/21,35
5/9/21,42
5/10/21,76
5/11/21,65
5/12/21,74
5/13/21,68
5/14/21,81
5/15/21,63
5/16/21,24
5/17/21,84
5/18/21,61
5/19/21,69
5/20/21,78
5/21/21,76
5/22/21,36
5/23/21,51
5/24/21,55
5/25/21,80
5/26/21,49
5/27/21,64
5/28/21,99
5/29/21,35
5/30/21,33
5/31/21,36
6/1/21,63
6/2/21,73
6/3/21,91
6/4/21,80
6/5/21,42
6/6/21,39
6/7/21,64
6/8/21,65
6/9/21,74
6/10/21,86
6/11/21,72
6/12/21,40
6/13/21,33
6/14/21,84
6/15/21,76
6/16/21,54
6/17/21,81
6/18/21,62
6/19/21,35
6/20/21,36
6/21/21,41
6/22/21,72
6/23/21,67
6/24/21,95
6/25/21,76
6/26/21,36
6/27/21,25
6/28/21,66
6/29/21,87
6/30/21,68
7/1/21,63
7/2/21,54
7/3/21,41
7/4/21,29
7/5/21,55
7/6/21,77
7/7/21,68
7/8/21,50
7/9/21,81
7/10/21,49
7/11/21,19
7/12/21,57
7/13/21,55
7/14/21,45
7/15/21,95
7/16/21,70
7/17/21,30
7/18/21,30
7/19/21,100
7/20/21,87
7/21/21,94
7/22/21,54
7/23/21,90
7/24/21,41
7/25/21,27
7/26/21,46
7/27/21,73
7/28/21,71
7/29/21,62
7/30/21,77
7/31/21,45
8/1/21,34
8/2/21,77
8/3/21,68
8/4/21,70
8/5/21,71
8/6/21,90
8/7/21,35
8/8/21,27
8/9/21,70
8/10/21,77
8/11/21,55
8/12/21,56
8/13/21,91
8/14/21,48
8/15/21,27
8/16/21,79
8/17/21,60
8/18/21,62
8/19/21,74
8/20/21,58
8/21/21,59
8/22/21,43
8/23/21,70
8/24/21,79
8/25/21,62
8/26/21,50
8/27/21,85
8/28/21,48
8/29/21,29
8/30/21,73
8/31/21,81
9/1/21,56
9/2/21,87
9/3/21,50
9/4/21,38
9/5/21,26
9/6/21,22
9/7/21,51
9/8/21,58
9/9/21,68
9/10/21,86
9/11/21,43
9/12/21,33
9/13/21,77
9/14/21,59
9/15/21,78
9/16/21,73
9/17/21,72
9/18/21,37
9/19/21,25
9/20/21,64
9/21/21,71
9/22/21,74
9/23/21,56
9/24/21,68
9/25/21,49
9/26/21,42
9/27/21,58
9/28/21,77
9/29/21,44
9/30/21,98
10/1/21,98
10/2/21,65
10/3/21,43
10/4/21,95
10/5/21,65
10/6/21,87
10/7/21,78
10/8/21,65