Daily,GDP: (United States)
2004-01-01,0
2004-01-02,0
2004-01-03,0
2004-01-04,0
2004-01-05,0
2004-01-06,0
2004-01-07,0
2004-01-08,0
2004-01-09,0
2004-01-10,0
2004-01-11,0
2004-01-12,0
2004-01-13,0
2004-01-14,0
2004-01-15,0
2004-01-16,0
2004-01-17,0
2004-01-18,0
2004-01-19,0
2004-01-20,0
2004-01-21,0
2004-01-22,0
2004-01-23,56
2004-01-24,0
2004-01-25,0
2004-01-26,0
2004-01-27,0
2004-01-28,0
2004-01-29,0
2004-01-30,0
2004-01-31,0
2004-02-01,0
2004-02-02,0
2004-02-03,0
2004-02-04,0
2004-02-05,0
2004-02-06,0
2004-02-07,0
2004-02-08,0
2004-02-09,0
2004-02-10,0
2004-02-11,52
2004-02-12,52
2004-02-13,0
2004-02-14,0
2004-02-15,0
2004-02-16,59
2004-02-17,0
2004-02-18,0
2004-02-19,0
2004-02-20,0
2004-02-21,0
2004-02-22,0
2004-02-23,0
2004-02-24,0
2004-02-25,0
2004-02-26,0
2004-02-27,0
2004-02-28,0
2004-02-29,0
2004-03-01,0
2004-03-02,0
2004-03-03,0
2004-03-04,0
2004-03-05,0
2004-03-06,0
2004-03-07,0
2004-03-08,0
2004-03-09,0
2004-03-10,0
2004-03-11,0
2004-03-12,0
2004-03-13,0
2004-03-14,0
2004-03-15,0
2004-03-16,0
2004-03-17,0
2004-03-18,0
2004-03-19,0
2004-03-20,0
2004-03-21,87
2004-03-22,0
2004-03-23,0
2004-03-24,71
2004-03-25,0
2004-03-26,0
2004-03-27,0
2004-03-28,0
2004-03-29,0
2004-03-30,0
2004-03-31,96
2004-04-01,0
2004-04-02,0
2004-04-03,0
2004-04-04,0
2004-04-05,0
2004-04-06,100
2004-04-07,0
2004-04-08,0
2004-04-09,0
2004-04-10,0
2004-04-11,0
2004-04-12,0
2004-04-13,0
2004-04-14,0
2004-04-15,0
2004-04-16,54
2004-04-17,0
2004-04-18,0
2004-04-19,0
2004-04-20,0
2004-04-21,0
2004-04-22,0
2004-04-23,0
2004-04-24,0
2004-04-25,0
2004-04-26,0
2004-04-27,0
2004-04-28,0
2004-04-29,0
2004-04-30,0
2004-05-01,0
2004-05-02,0
2004-05-03,0
2004-05-04,48
2004-05-05,0
2004-05-06,0
2004-05-07,0
2004-05-08,0
2004-05-09,0
2004-05-10,0
2004-05-11,0
2004-05-12,0
2004-05-13,0
2004-05-14,0
2004-05-15,0
2004-05-16,0
2004-05-17,0
2004-05-18,0
2004-05-19,0
2004-05-20,0
2004-05-21,0
2004-05-22,0
2004-05-23,0
2004-05-24,0
2004-05-25,0
2004-05-26,49
2004-05-27,0
2004-05-28,0
2004-05-29,0
2004-05-30,0
2004-05-31,0
2004-06-01,50
2004-06-02,0
2004-06-03,0
2004-06-04,0
2004-06-05,0
2004-06-06,0
2004-06-07,0
2004-06-08,50
2004-06-09,0
2004-06-10,0
2004-06-11,0
2004-06-12,0
2004-06-13,0
2004-06-14,0
2004-06-15,0
2004-06-16,0
2004-06-17,0
2004-06-18,0
2004-06-19,0
2004-06-20,0
2004-06-21,0
2004-06-22,0
2004-06-23,0
2004-06-24,0
2004-06-25,0
2004-06-26,0
2004-06-27,0
2004-06-28,0
2004-06-29,0
2004-06-30,0
2004-07-01,0
2004-07-02,0
2004-07-03,0
2004-07-04,0
2004-07-05,0
2004-07-06,0
2004-07-07,0
2004-07-08,0
2004-07-09,0
2004-07-10,0
2004-07-11,0
2004-07-12,0
2004-07-13,0
2004-07-14,0
2004-07-15,0
2004-07-16,0
2004-07-17,0
2004-07-18,0
2004-07-19,0
2004-07-20,0
2004-07-21,0
2004-07-22,0
2004-07-23,63
2004-07-24,0
2004-07-25,0
2004-07-26,0
2004-07-27,57
2004-07-28,57
2004-07-29,0
2004-07-30,0
2004-07-31,0
2004-08-01,0
2004-08-02,0
2004-08-03,0
2004-08-04,0
2004-08-05,0
2004-08-06,0
2004-08-07,0
2004-08-08,0
2004-08-09,0
2004-08-10,0
2004-08-11,0
2004-08-12,0
2004-08-13,0
2004-08-14,0
2004-08-15,0
2004-08-16,0
2004-08-17,0
2004-08-18,0
2004-08-19,0
2004-08-20,0
2004-08-21,0
2004-08-22,0
2004-08-23,0
2004-08-24,0
2004-08-25,0
2004-08-26,0
2004-08-27,0
2004-08-28,0
2004-08-29,0
2004-08-30,0
2004-08-31,0
2004-09-01,0
2004-09-02,0
2004-09-03,0
2004-09-04,96
2004-09-05,0
2004-09-06,0
2004-09-07,0
2004-09-08,0
2004-09-09,0
2004-09-10,0
2004-09-11,0
2004-09-12,0
2004-09-13,0
2004-09-14,100
2004-09-15,0
2004-09-16,0
2004-09-17,0
2004-09-18,0
2004-09-19,0
2004-09-20,0
2004-09-21,0
2004-09-22,0
2004-09-23,0
2004-09-24,0
2004-09-25,0
2004-09-26,0
2004-09-27,0
2004-09-28,0
2004-09-29,0
2004-09-30,0
2004-10-01,0
2004-10-02,0
2004-10-03,0
2004-10-04,49
2004-10-05,0
2004-10-06,0
2004-10-07,52
2004-10-08,0
2004-10-09,0
2004-10-10,0
2004-10-11,51
2004-10-12,0
2004-10-13,65
2004-10-14,0
2004-10-15,54
2004-10-16,0
2004-10-17,0
2004-10-18,0
2004-10-19,48
2004-10-20,0
2004-10-21,0
2004-10-22,0
2004-10-23,0
2004-10-24,0
2004-10-25,0
2004-10-26,0
2004-10-27,0
2004-10-28,0
2004-10-29,0
2004-10-30,0
2004-10-31,0
2004-11-01,0
2004-11-02,0
2004-11-03,0
2004-11-04,0
2004-11-05,0
2004-11-06,0
2004-11-07,0
2004-11-08,0
2004-11-09,0
2004-11-10,0
2004-11-11,0
2004-11-12,0
2004-11-13,0
2004-11-14,0
2004-11-15,0
2004-11-16,46
2004-11-17,0
2004-11-18,0
2004-11-19,0
2004-11-20,0
2004-11-21,0
2004-11-22,0
2004-11-23,0
2004-11-24,0
2004-11-25,92
2004-11-26,81
2004-11-27,0
2004-11-28,0
2004-11-29,0
2004-11-30,0
2004-12-01,0
2004-12-02,0
2004-12-03,0
2004-12-04,77
2004-12-05,0
2004-12-06,0
2004-12-07,0
2004-12-08,0
2004-12-09,0
2004-12-10,0
2004-12-11,0
2004-12-12,0
2004-12-13,0
2004-12-14,0
2004-12-15,0
2004-12-16,0
2004-12-17,0
2004-12-18,0
2004-12-19,0
2004-12-20,0
2004-12-21,0
2004-12-22,0
2004-12-23,0
2004-12-24,0
2004-12-25,0
2004-12-26,0
2004-12-27,0
2004-12-28,0
2004-12-29,0
2004-12-30,0
2004-12-31,0
2005-01-01,0
2005-01-02,0
2005-01-03,0
2005-01-04,0
2005-01-05,0
2005-01-06,0
2005-01-07,0
2005-01-08,0
2005-01-12,0
2005-01-13,49
2005-01-14,0
2005-01-15,0
2005-01-16,0
2005-01-17,0
2005-01-18,0
2005-01-19,0
2005-01-20,0
2005-01-21,0
2005-01-22,0
2005-01-23,0
2005-01-24,0
2005-01-25,0
2005-01-26,0
2005-01-27,0
2005-01-28,100
2005-01-29,0
2005-01-30,0
2005-01-31,0
2005-02-01,0
2005-02-02,0
2005-02-03,0
2005-02-04,0
2005-02-05,79
2005-02-06,0
2005-02-07,0
2005-02-08,0
2005-02-09,0
2005-02-10,47
2005-02-11,99
2005-02-12,0
2005-02-13,0
2005-02-14,0
2005-02-15,0
2005-02-16,0
2005-02-17,0
2005-02-18,0
2005-02-19,0
2005-02-20,0
2005-02-21,0
2005-02-22,0
2005-02-23,0
2005-02-24,0
2005-02-25,0
2005-02-26,0
2005-02-27,0
2005-02-28,0
2005-03-01,0
2005-03-02,0
2005-03-03,0
2005-03-04,50
2005-03-05,0
2005-03-06,0
2005-03-07,0
2005-03-08,0
2005-03-09,0
2005-03-10,0
2005-03-11,0
2005-03-12,0
2005-03-13,0
2005-03-14,0
2005-03-15,90
2005-03-16,0
2005-03-17,0
2005-03-18,0
2005-03-19,0
2005-03-20,0
2005-03-21,0
2005-03-22,0
2005-03-23,0
2005-03-24,0
2005-03-25,0
2005-03-26,0
2005-03-27,53
2005-03-28,0
2005-03-29,0
2005-03-30,0
2005-03-31,0
2005-04-01,0
2005-04-02,0
2005-04-03,0
2005-04-04,0
2005-04-05,0
2005-04-06,0
2005-04-07,47
2005-04-08,0
2005-04-09,0
2005-04-10,0
2005-04-11,0
2005-04-12,0
2005-04-13,0
2005-04-14,47
2005-04-15,0
2005-04-16,0
2005-04-17,0
2005-04-18,0
2005-04-19,0
2005-04-20,0
2005-04-21,0
2005-04-22,0
2005-04-23,0
2005-04-24,0
2005-04-25,44
2005-04-26,0
2005-04-27,0
2005-04-28,0
2005-04-29,0
2005-04-30,0
2005-05-01,74
2005-05-02,0
2005-05-03,0
2005-05-04,0
2005-05-05,43
2005-05-06,47
2005-05-07,0
2005-05-08,0
2005-05-09,0
2005-05-10,0
2005-05-11,0
2005-05-12,0
2005-05-13,0
2005-05-14,0
2005-05-15,0
2005-05-16,0
2005-05-17,43
2005-05-18,0
2005-05-19,0
2005-05-20,48
2005-05-21,0
2005-05-22,0
2005-05-23,0
2005-05-24,0
2005-05-25,0
2005-05-26,0
2005-05-27,51
2005-05-28,0
2005-05-29,0
2005-05-30,0
2005-05-31,44
2005-06-01,0
2005-06-02,0
2005-06-03,0
2005-06-04,0
2005-06-05,0
2005-06-06,0
2005-06-07,0
2005-06-08,45
2005-06-09,0
2005-06-10,0
2005-06-11,0
2005-06-12,0
2005-06-13,0
2005-06-14,0
2005-06-15,0
2005-06-16,0
2005-06-17,0
2005-06-18,0
2005-06-19,0
2005-06-20,0
2005-06-21,0
2005-06-22,0
2005-06-23,0
2005-06-24,0
2005-06-25,0
2005-06-26,100
2005-06-27,0
2005-06-28,0
2005-06-29,0
2005-06-30,0
2005-07-01,0
2005-07-02,0
2005-07-03,0
2005-07-04,0
2005-07-05,0
2005-07-06,0
2005-07-07,0
2005-07-08,0
2005-07-09,0
2005-07-10,0
2005-07-11,0
2005-07-12,0
2005-07-13,0
2005-07-14,0
2005-07-15,0
2005-07-16,0
2005-07-17,0
2005-07-18,0
2005-07-19,0
2005-07-20,0
2005-07-21,0
2005-07-22,0
2005-07-23,0
2005-07-24,0
2005-07-25,0
2005-07-26,0
2005-07-27,0
2005-07-28,0
2005-07-29,60
2005-07-30,0
2005-07-31,0
2005-08-01,0
2005-08-02,0
2005-08-03,0
2005-08-04,56
2005-08-05,0
2005-08-06,0
2005-08-07,0
2005-08-08,0
2005-08-09,0
2005-08-10,0
2005-08-11,0
2005-08-12,0
2005-08-13,0
2005-08-14,0
2005-08-15,0
2005-08-16,0
2005-08-17,0
2005-08-18,54
2005-08-19,0
2005-08-20,0
2005-08-21,0
2005-08-22,0
2005-08-23,0
2005-08-24,0
2005-08-25,0
2005-08-26,0
2005-08-27,0
2005-08-28,0
2005-08-29,0
2005-08-30,0
2005-08-31,0
2005-09-01,0
2005-09-02,0
2005-09-03,0
2005-09-04,0
2005-09-05,75
2005-09-06,0
2005-09-07,0
2005-09-08,50
2005-09-09,0
2005-09-10,0
2005-09-11,0
2005-09-12,48
2005-09-13,47
2005-09-14,0
2005-09-15,0
2005-09-16,0
2005-09-17,0
2005-09-18,0
2005-09-19,0
2005-09-20,47
2005-09-21,0
2005-09-22,0
2005-09-23,0
2005-09-24,0
2005-09-25,0
2005-09-26,0
2005-09-27,0
2005-09-28,0
2005-09-29,0
2005-09-30,0
2005-10-01,0
2005-10-02,0
2005-10-03,0
2005-10-04,0
2005-10-05,0
2005-10-06,0
2005-10-07,0
2005-10-08,0
2005-10-09,77
2005-10-10,48
2005-10-11,0
2005-10-12,0
2005-10-13,0
2005-10-14,0
2005-10-15,0
2005-10-16,0
2005-10-17,0
2005-10-18,0
2005-10-19,0
2005-10-20,0
2005-10-21,0
2005-10-22,0
2005-10-23,0
2005-10-24,0
2005-10-25,45
2005-10-26,0
2005-10-27,0
2005-10-28,0
2005-10-29,0
2005-10-30,0
2005-10-31,0
2005-11-01,0
2005-11-02,0
2005-11-03,0
2005-11-04,0
2005-11-05,0
2005-11-06,0
2005-11-07,0
2005-11-08,0
2005-11-09,0
2005-11-10,0
2005-11-11,100
2005-11-12,0
2005-11-13,0
2005-11-14,0
2005-11-15,0
2005-11-16,0
2005-11-17,0
2005-11-18,47
2005-11-19,0
2005-11-20,0
2005-11-21,0
2005-11-22,0
2005-11-23,0
2005-11-24,0
2005-11-25,70
2005-11-26,0
2005-11-27,69
2005-11-28,0
2005-11-29,40
2005-11-30,0
2005-12-01,0
2005-12-02,0
2005-12-03,0
2005-12-04,0
2005-12-05,83
2005-12-06,0
2005-12-07,0
2005-12-08,0
2005-12-09,0
2005-12-10,0
2005-12-11,0
2005-12-12,42
2005-12-13,0
2005-12-14,0
2005-12-15,0
2005-12-16,0
2005-12-17,0
2005-12-18,0
2005-12-19,45
2005-12-20,90
2005-12-21,0
2005-12-22,0
2005-12-23,61
2005-12-24,0
2005-12-25,0
2005-12-26,0
2005-12-27,0
2005-12-28,0
2005-12-29,0
2005-12-30,0
2005-12-31,0
2006-01-01,0
2006-01-02,57
2006-01-03,0
2006-01-04,0
2006-01-05,0
2006-01-06,0
2006-01-07,0
2006-01-08,0
2006-01-09,0
2006-01-10,52
2006-01-11,0
2006-01-12,0
2006-01-13,0
2006-01-14,0
2006-01-15,0
2006-01-16,0
2006-01-17,51
2006-01-18,0
2006-01-19,0
2006-01-20,0
2006-01-21,0
2006-01-22,0
2006-01-23,0
2006-01-24,49
2006-01-25,50
2006-01-26,0
2006-01-27,0
2006-01-28,0
2006-01-29,0
2006-01-30,50
2006-01-31,48
2006-02-01,50
2006-02-02,0
2006-02-03,0
2006-02-04,0
2006-02-05,0
2006-02-06,0
2006-02-07,48
2006-02-08,0
2006-02-09,100
2006-02-10,0
2006-02-11,0
2006-02-12,0
2006-02-13,0
2006-02-14,0
2006-02-15,0
2006-02-16,0
2006-02-17,0
2006-02-18,0
2006-02-19,0
2006-02-20,0
2006-02-21,0
2006-02-22,0
2006-02-23,0
2006-02-24,0
2006-02-25,0
2006-02-26,0
2006-02-27,0
2006-02-28,0
2006-03-01,0
2006-03-02,0
2006-03-03,0
2006-03-04,0
2006-03-05,0
2006-03-06,49
2006-03-07,47
2006-03-08,48
2006-03-09,0
2006-03-10,0
2006-03-11,0
2006-03-12,0
2006-03-13,0
2006-03-14,0
2006-03-15,0
2006-03-16,0
2006-03-17,0
2006-03-18,0
2006-03-19,0
2006-03-20,0
2006-03-21,0
2006-03-22,48
2006-03-23,0
2006-03-24,0
2006-03-25,0
2006-03-26,0
2006-03-27,0
2006-03-28,47
2006-03-29,47
2006-03-30,0
2006-03-31,52
2006-04-01,0
2006-04-02,0
2006-04-03,0
2006-04-04,0
2006-04-05,96
2006-04-06,0
2006-04-07,52
2006-04-08,0
2006-04-09,0
2006-04-10,96
2006-04-11,48
2006-04-12,0
2006-04-13,0
2006-04-14,0
2006-04-15,0
2006-04-16,0
2006-04-17,49
2006-04-18,0
2006-04-19,0
2006-04-20,0
2006-04-21,0
2006-04-22,0
2006-04-23,74
2006-04-24,0
2006-04-25,0
2006-04-26,93
2006-04-27,0
2006-04-28,51
2006-04-29,0
2006-04-30,0
2006-05-01,0
2006-05-02,0
2006-05-03,46
2006-05-04,0
2006-05-05,51
2006-05-06,0
2006-05-07,0
2006-05-08,0
2006-05-09,0
2006-05-10,0
2006-05-11,0
2006-05-12,0
2006-05-13,0
2006-05-14,80
2006-05-15,0
2006-05-16,0
2006-05-17,0
2006-05-18,0
2006-05-19,52
2006-05-20,0
2006-05-21,80
2006-05-22,0
2006-05-23,0
2006-05-24,0
2006-05-25,50
2006-05-26,0
2006-05-27,0
2006-05-28,0
2006-05-29,0
2006-05-30,0
2006-05-31,0
2006-06-01,0
2006-06-02,0
2006-06-03,0
2006-06-04,0
2006-06-05,0
2006-06-06,0
2006-06-07,0
2006-06-08,0
2006-06-09,0
2006-06-10,0
2006-06-11,0
2006-06-12,0
2006-06-13,0
2006-06-14,0
2006-06-15,0
2006-06-16,0
2006-06-17,0
2006-06-18,94
2006-06-19,0
2006-06-20,0
2006-06-21,0
2006-06-22,0
2006-06-23,0
2006-06-24,0
2006-06-25,0
2006-06-26,0
2006-06-27,0
2006-06-28,0
2006-06-29,0
2006-06-30,0
2006-07-01,0
2006-07-02,0
2006-07-03,0
2006-07-04,0
2006-07-05,0
2006-07-06,0
2006-07-07,0
2006-07-08,0
2006-07-09,0
2006-07-10,0
2006-07-11,0
2006-07-12,0
2006-07-13,0
2006-07-14,56
2006-07-15,0
2006-07-16,0
2006-07-17,0
2006-07-18,0
2006-07-19,0
2006-07-20,0
2006-07-21,0
2006-07-22,0
2006-07-23,0
2006-07-24,0
2006-07-25,0
2006-07-26,51
2006-07-27,0
2006-07-28,0
2006-07-29,0
2006-07-30,0
2006-07-31,0
2006-08-01,0
2006-08-02,0
2006-08-03,52
2006-08-04,0
2006-08-05,0
2006-08-06,0
2006-08-07,0
2006-08-08,100
2006-08-09,0
2006-08-10,0
2006-08-11,55
2006-08-12,0
2006-08-13,0
2006-08-14,0
2006-08-15,0
2006-08-16,0
2006-08-17,0
2006-08-18,0
2006-08-19,0
2006-08-20,0
2006-08-21,0
2006-08-22,0
2006-08-23,0
2006-08-24,0
2006-08-25,52
2006-08-26,0
2006-08-27,0
2006-08-28,0
2006-08-29,0
2006-08-30,0
2006-08-31,0
2006-09-01,0
2006-09-02,0
2006-09-03,0
2006-09-04,0
2006-09-05,0
2006-09-06,0
2006-09-07,0
2006-09-08,0
2006-09-09,0
2006-09-10,0
2006-09-11,0
2006-09-12,0
2006-09-13,0
2006-09-14,0
2006-09-15,0
2006-09-16,0
2006-09-17,0
2006-09-18,0
2006-09-19,0
2006-09-20,0
2006-09-21,0
2006-09-22,50
2006-09-23,0
2006-09-24,0
2006-09-25,45
2006-09-26,0
2006-09-27,0
2006-09-28,0
2006-09-29,0
2006-09-30,0
2006-10-01,0
2006-10-02,0
2006-10-03,0
2006-10-04,45
2006-10-05,0
2006-10-06,0
2006-10-07,0
2006-10-08,0
2006-10-09,47
2006-10-10,0
2006-10-11,0
2006-10-12,45
2006-10-13,0
2006-10-14,0
2006-10-15,0
2006-10-16,0
2006-10-17,0
2006-10-18,0
2006-10-19,45
2006-10-20,0
2006-10-21,0
2006-10-22,0
2006-10-23,0
2006-10-24,0
2006-10-25,0
2006-10-26,0
2006-10-27,47
2006-10-28,0
2006-10-29,0
2006-10-30,0
2006-10-31,0
2006-11-01,0
2006-11-02,44
2006-11-03,46
2006-11-04,0
2006-11-05,0
2006-11-06,0
2006-11-07,0
2006-11-08,0
2006-11-09,0
2006-11-10,0
2006-11-11,0
2006-11-12,0
2006-11-13,0
2006-11-14,0
2006-11-15,0
2006-11-16,0
2006-11-17,0
2006-11-18,0
2006-11-19,0
2006-11-20,43
2006-11-21,43
2006-11-22,0
2006-11-23,0
2006-11-24,0
2006-11-25,0
2006-11-26,66
2006-11-27,0
2006-11-28,0
2006-11-29,0
2006-11-30,0
2006-12-01,0
2006-12-02,0
2006-12-03,0
2006-12-04,0
2006-12-05,40
2006-12-06,0
2006-12-07,0
2006-12-08,0
2006-12-09,0
2006-12-10,0
2006-12-11,0
2006-12-12,0
2006-12-13,0
2006-12-14,0
2006-12-15,0
2006-12-16,65
2006-12-17,0
2006-12-18,0
2006-12-19,0
2006-12-20,0
2006-12-21,0
2006-12-22,53
2006-12-23,0
2006-12-24,0
2006-12-25,0
2006-12-26,0
2006-12-27,0
2006-12-28,0
2006-12-29,0
2006-12-30,0
2006-12-31,0
2007-01-01,0
2007-01-02,0
2007-01-03,0
2007-01-04,0
2007-01-05,0
2007-01-06,0
2007-01-07,0
2007-01-08,0
2007-01-09,0
2007-01-10,0
2007-01-11,0
2007-01-12,0
2007-01-13,0
2007-01-14,0
2007-01-15,0
2007-01-16,0
2007-01-17,0
2007-01-18,0
2007-01-19,0
2007-01-20,0
2007-01-21,0
2007-01-22,0
2007-01-23,0
2007-01-24,51
2007-01-25,0
2007-01-26,0
2007-01-27,0
2007-01-28,0
2007-01-29,0
2007-01-30,0
2007-01-31,0
2007-02-01,50
2007-02-02,0
2007-02-03,0
2007-02-04,0
2007-02-05,0
2007-02-06,0
2007-02-07,0
2007-02-08,0
2007-02-09,52
2007-02-10,0
2007-02-11,0
2007-02-12,0
2007-02-13,0
2007-02-14,0
2007-02-15,0
2007-02-16,0
2007-02-17,0
2007-02-18,0
2007-02-19,0
2007-02-20,0
2007-02-21,100
2007-02-22,50
2007-02-23,0
2007-02-24,0
2007-02-25,0
2007-02-26,0
2007-02-27,0
2007-02-28,49
2007-03-01,0
2007-03-02,0
2007-03-03,0
2007-03-04,0
2007-03-05,0
2007-03-06,48
2007-03-07,0
2007-03-08,0
2007-03-09,0
2007-03-10,0
2007-03-11,0
2007-03-12,0
2007-03-13,0
2007-03-14,0
2007-03-15,0
2007-03-16,0
2007-03-17,0
2007-03-18,0
2007-03-19,0
2007-03-20,0
2007-03-21,0
2007-03-22,0
2007-03-23,0
2007-03-24,0
2007-03-25,0
2007-03-26,0
2007-03-27,0
2007-03-28,0
2007-03-29,49
2007-03-30,53
2007-03-31,0
2007-04-01,0
2007-04-02,0
2007-04-03,0
2007-04-04,0
2007-04-05,0
2007-04-06,0
2007-04-07,0
2007-04-08,0
2007-04-09,0
2007-04-10,0
2007-04-11,47
2007-04-12,0
2007-04-13,0
2007-04-14,0
2007-04-15,0
2007-04-16,0
2007-04-17,0
2007-04-18,0
2007-04-19,48
2007-04-20,0
2007-04-21,78
2007-04-22,0
2007-04-23,0
2007-04-24,0
2007-04-25,47
2007-04-26,47
2007-04-27,0
2007-04-28,0
2007-04-29,0
2007-04-30,0
2007-05-01,0
2007-05-02,0
2007-05-03,0
2007-05-04,0
2007-05-05,0
2007-05-06,0
2007-05-07,0
2007-05-08,0
2007-05-09,0
2007-05-10,0
2007-05-11,0
2007-05-12,75
2007-05-13,0
2007-05-14,0
2007-05-15,0
2007-05-16,0
2007-05-17,0
2007-05-18,0
2007-05-19,0
2007-05-20,0
2007-05-21,0
2007-05-22,0
2007-05-23,0
2007-05-24,0
2007-05-25,0
2007-05-26,0
2007-05-27,0
2007-05-28,0
2007-05-29,0
2007-05-30,0
2007-05-31,0
2007-06-01,48
2007-06-02,0
2007-06-03,0
2007-06-04,0
2007-06-05,0
2007-06-06,0
2007-06-07,0
2007-06-08,0
2007-06-09,0
2007-06-10,61
2007-06-11,0
2007-06-12,0
2007-06-13,0
2007-06-14,0
2007-06-15,0
2007-06-16,0
2007-06-17,0
2007-06-18,81
2007-06-19,0
2007-06-20,0
2007-06-21,0
2007-06-22,0
2007-06-23,0
2007-06-24,0
2007-06-25,37
2007-06-26,0
2007-06-27,0
2007-06-28,0
2007-06-29,0
2007-06-30,0
2007-07-01,0
2007-07-02,0
2007-07-03,0
2007-07-04,0
2007-07-05,0
2007-07-06,0
2007-07-07,0
2007-07-08,0
2007-07-09,0
2007-07-10,0
2007-07-11,37
2007-07-12,0
2007-07-13,0
2007-07-14,0
2007-07-15,0
2007-07-16,0
2007-07-17,36
2007-07-18,0
2007-07-19,0
2007-07-20,0
2007-07-21,0
2007-07-22,0
2007-07-23,0
2007-07-24,37
2007-07-25,0
2007-07-26,0
2007-07-27,0
2007-07-28,0
2007-07-29,0
2007-07-30,0
2007-07-31,72
2007-08-01,0
2007-08-02,0
2007-08-03,40
2007-08-04,0
2007-08-05,0
2007-08-06,0
2007-08-07,0
2007-08-08,0
2007-08-09,0
2007-08-10,0
2007-08-11,0
2007-08-12,0
2007-08-13,0
2007-08-14,36
2007-08-15,0
2007-08-16,0
2007-08-17,0
2007-08-18,0
2007-08-19,0
2007-08-20,0
2007-08-21,34
2007-08-22,0
2007-08-23,0
2007-08-24,0
2007-08-25,0
2007-08-26,0
2007-08-27,0
2007-08-28,0
2007-08-29,35
2007-08-30,36
2007-08-31,0
2007-09-01,0
2007-09-02,0
2007-09-03,0
2007-09-04,0
2007-09-05,0
2007-09-06,0
2007-09-07,0
2007-09-08,0
2007-09-09,0
2007-09-10,100
2007-09-11,0
2007-09-12,0
2007-09-13,0
2007-09-14,0
2007-09-15,0
2007-09-16,0
2007-09-17,67
2007-09-18,0
2007-09-19,0
2007-09-20,34
2007-09-21,0
2007-09-22,0
2007-09-23,0
2007-09-24,0
2007-09-25,33
2007-09-26,66
2007-09-27,0
2007-09-28,0
2007-09-29,52
2007-09-30,0
2007-10-01,0
2007-10-02,32
2007-10-03,0
2007-10-04,34
2007-10-05,0
2007-10-06,0
2007-10-07,0
2007-10-08,0
2007-10-09,0
2007-10-10,0
2007-10-11,0
2007-10-12,36
2007-10-13,52
2007-10-14,0
2007-10-15,0
2007-10-16,32
2007-10-17,32
2007-10-18,0
2007-10-19,0
2007-10-20,0
2007-10-21,0
2007-10-22,0
2007-10-23,0
2007-10-24,0
2007-10-25,65
2007-10-26,0
2007-10-27,0
2007-10-28,0
2007-10-29,0
2007-10-30,64
2007-10-31,0
2007-11-01,0
2007-11-02,0
2007-11-03,0
2007-11-04,0
2007-11-05,32
2007-11-06,0
2007-11-07,0
2007-11-08,0
2007-11-09,0
2007-11-10,0
2007-11-11,0
2007-11-12,32
2007-11-13,62
2007-11-14,0
2007-11-15,0
2007-11-16,0
2007-11-17,0
2007-11-18,0
2007-11-19,31
2007-11-20,64
2007-11-21,0
2007-11-22,0
2007-11-23,0
2007-11-24,0
2007-11-25,46
2007-11-26,30
2007-11-27,29
2007-11-28,30
2007-11-29,30
2007-11-30,32
2007-12-01,0
2007-12-02,0
2007-12-03,60
2007-12-04,29
2007-12-05,30
2007-12-06,31
2007-12-07,0
2007-12-08,0
2007-12-09,0
2007-12-10,0
2007-12-11,0
2007-12-12,0
2007-12-13,0
2007-12-14,33
2007-12-15,0
2007-12-16,46
2007-12-17,0
2007-12-18,31
2007-12-19,32
2007-12-20,0
2007-12-21,0
2007-12-22,0
2007-12-23,0
2007-12-24,0
2007-12-25,0
2007-12-26,42
2007-12-27,0
2007-12-28,0
2007-12-29,0
2007-12-30,0
2007-12-31,0
2008-01-01,0
2008-01-02,0
2008-01-03,0
2008-01-04,0
2008-01-05,0
2008-01-06,0
2008-01-07,0
2008-01-08,0
2008-01-09,0
2008-01-10,23
2008-01-11,0
2008-01-12,34
2008-01-13,0
2008-01-14,0
2008-01-15,22
2008-01-16,0
2008-01-17,0
2008-01-18,24
2008-01-19,33
2008-01-20,0
2008-01-21,0
2008-01-22,0
2008-01-23,22
2008-01-24,0
2008-01-25,23
2008-01-26,33
2008-01-27,0
2008-01-28,0
2008-01-29,0
2008-01-30,0
2008-01-31,23
2008-02-01,0
2008-02-02,0
2008-02-03,68
2008-02-04,47
2008-02-05,0
2008-02-06,0
2008-02-07,23
2008-02-08,71
2008-02-09,100
2008-02-10,33
2008-02-11,0
2008-02-12,0
2008-02-13,0
2008-02-14,46
2008-02-15,25
2008-02-16,0
2008-02-17,0
2008-02-18,24
2008-02-19,0
2008-02-20,0
2008-02-21,44
2008-02-22,0
2008-02-23,0
2008-02-24,0
2008-02-25,45
2008-02-26,0
2008-02-27,0
2008-02-28,22
2008-02-29,0
2008-03-01,0
2008-03-02,0
2008-03-03,23
2008-03-04,0
2008-03-05,0
2008-03-06,0
2008-03-07,0
2008-03-08,0
2008-03-09,0
2008-03-10,22
2008-03-11,22
2008-03-12,23
2008-03-13,0
2008-03-14,0
2008-03-15,0
2008-03-16,0
2008-03-17,45
2008-03-18,0
2008-03-19,48
2008-03-20,0
2008-03-21,0
2008-03-22,0
2008-03-23,0
2008-03-24,24
2008-03-25,0
2008-03-26,0
2008-03-27,0
2008-03-28,24
2008-03-29,0
2008-03-30,0
2008-03-31,0
2008-04-01,0
2008-04-02,22
2008-04-03,0
2008-04-04,0
2008-04-05,0
2008-04-06,0
2008-04-07,22
2008-04-08,0
2008-04-09,0
2008-04-10,0
2008-04-11,0
2008-04-12,0
2008-04-13,0
2008-04-14,0
2008-04-15,0
2008-04-16,22
2008-04-17,23
2008-04-18,0
2008-04-19,36
2008-04-20,0
2008-04-21,0
2008-04-22,22
2008-04-23,0
2008-04-24,0
2008-04-25,0
2008-04-26,35
2008-04-27,0
2008-04-28,0
2008-04-29,0
2008-04-30,22
2008-05-01,23
2008-05-02,0
2008-05-03,0
2008-05-04,0
2008-05-05,0
2008-05-06,21
2008-05-07,0
2008-05-08,0
2008-05-09,46
2008-05-10,0
2008-05-11,0
2008-05-12,44
2008-05-13,0
2008-05-14,22
2008-05-15,0
2008-05-16,0
2008-05-17,0
2008-05-18,0
2008-05-19,0
2008-05-20,22
2008-05-21,22
2008-05-22,45
2008-05-23,25
2008-05-24,0
2008-05-25,0
2008-05-26,0
2008-05-27,0
2008-05-28,0
2008-05-29,22
2008-05-30,0
2008-05-31,0
2008-06-01,35
2008-06-02,45
2008-06-03,22
2008-06-04,66
2008-06-05,0
2008-06-06,24
2008-06-07,0
2008-06-08,0
2008-06-09,50
2008-06-10,0
2008-06-11,25
2008-06-12,0
2008-06-13,0
2008-06-14,0
2008-06-15,0
2008-06-16,0
2008-06-17,0
2008-06-18,25
2008-06-19,0
2008-06-20,0
2008-06-21,0
2008-06-22,0
2008-06-23,0
2008-06-24,0
2008-06-25,0
2008-06-26,0
2008-06-27,0
2008-06-28,39
2008-06-29,0
2008-06-30,0
2008-07-01,25
2008-07-02,0
2008-07-03,0
2008-07-04,0
2008-07-05,0
2008-07-06,0
2008-07-07,0
2008-07-08,0
2008-07-09,0
2008-07-10,0
2008-07-11,0
2008-07-12,0
2008-07-13,0
2008-07-14,0
2008-07-15,0
2008-07-16,25
2008-07-17,0
2008-07-18,0
2008-07-19,38
2008-07-20,0
2008-07-21,0
2008-07-22,0
2008-07-23,0
2008-07-24,0
2008-07-25,0
2008-07-26,0
2008-07-27,38
2008-07-28,24
2008-07-29,23
2008-07-30,24
2008-07-31,25
2008-08-01,0
2008-08-02,0
2008-08-03,0
2008-08-04,24
2008-08-05,0
2008-08-06,0
2008-08-07,0
2008-08-08,0
2008-08-09,0
2008-08-10,0
2008-08-11,0
2008-08-12,0
2008-08-13,0
2008-08-14,0
2008-08-15,26
2008-08-16,0
2008-08-17,0
2008-08-18,0
2008-08-19,24
2008-08-20,0
2008-08-21,25
2008-08-22,0
2008-08-23,0
2008-08-24,36
2008-08-25,0
2008-08-26,0
2008-08-27,0
2008-08-28,48
2008-08-29,0
2008-08-30,36
2008-08-31,0
2008-09-01,0
2008-09-02,0
2008-09-03,23
2008-09-04,0
2008-09-05,49
2008-09-06,0
2008-09-07,0
2008-09-08,0
2008-09-09,0
2008-09-10,0
2008-09-11,0
2008-09-12,24
2008-09-13,0
2008-09-14,33
2008-09-15,0
2008-09-16,22
2008-09-17,23
2008-09-18,23
2008-09-19,0
2008-09-20,35
2008-09-21,0
2008-09-22,22
2008-09-23,66
2008-09-24,0
2008-09-25,23
2008-09-26,71
2008-09-27,0
2008-09-28,66
2008-09-29,22
2008-09-30,0
2008-10-01,22
2008-10-02,0
2008-10-03,24
2008-10-04,0
2008-10-05,100
2008-10-06,22
2008-10-07,21
2008-10-08,21
2008-10-09,0
2008-10-10,0
2008-10-11,0
2008-10-12,34
2008-10-13,68
2008-10-14,42
2008-10-15,0
2008-10-16,22
2008-10-17,24
2008-10-18,0
2008-10-19,0
2008-10-20,0
2008-10-21,0
2008-10-22,22
2008-10-23,0
2008-10-24,24
2008-10-25,33
2008-10-26,0
2008-10-27,64
2008-10-28,0
2008-10-29,72
2008-10-30,0
2008-10-31,49
2008-11-01,0
2008-11-02,33
2008-11-03,0
2008-11-04,0
2008-11-05,20
2008-11-06,43
2008-11-07,0
2008-11-08,0
2008-11-09,0
2008-11-10,42
2008-11-11,22
2008-11-12,21
2008-11-13,21
2008-11-14,23
2008-11-15,62
2008-11-16,0
2008-11-17,22
2008-11-18,0
2008-11-19,22
2008-11-20,22
2008-11-21,0
2008-11-22,31
2008-11-23,0
2008-11-24,0
2008-11-25,0
2008-11-26,48
2008-11-27,0
2008-11-28,0
2008-11-29,33
2008-11-30,31
2008-12-01,41
2008-12-02,20
2008-12-03,0
2008-12-04,42
2008-12-05,0
2008-12-06,0
2008-12-07,0
2008-12-08,0
2008-12-09,0
2008-12-10,21
2008-12-11,0
2008-12-12,45
2008-12-13,0
2008-12-14,0
2008-12-15,0
2008-12-16,0
2008-12-17,22
2008-12-18,0
2008-12-19,0
2008-12-20,0
2008-12-21,35
2008-12-22,0
2008-12-23,0
2008-12-24,0
2008-12-25,0
2008-12-26,0
2008-12-27,0
2008-12-28,0
2008-12-29,0
2008-12-30,0
2008-12-31,0
2009-01-01,0
2009-01-02,0
2009-01-03,0
2009-01-04,0
2009-01-05,22
2009-01-06,21
2009-01-07,0
2009-01-08,0
2009-01-09,0
2009-01-10,0
2009-01-11,0
2009-01-12,0
2009-01-13,25
2009-01-14,0
2009-01-15,0
2009-01-16,0
2009-01-17,0
2009-01-18,0
2009-01-19,0
2009-01-20,25
2009-01-21,0
2009-01-22,0
2009-01-23,26
2009-01-24,0
2009-01-25,36
2009-01-26,0
2009-01-27,49
2009-01-28,0
2009-01-29,0
2009-01-30,26
2009-01-31,0
2009-02-01,37
2009-02-02,51
2009-02-03,24
2009-02-04,24
2009-02-05,25
2009-02-06,0
2009-02-07,0
2009-02-08,0
2009-02-09,24
2009-02-10,0
2009-02-11,24
2009-02-12,50
2009-02-13,53
2009-02-14,0
2009-02-15,39
2009-02-16,0
2009-02-17,0
2009-02-18,48
2009-02-19,0
2009-02-20,0
2009-02-21,0
2009-02-22,36
2009-02-23,0
2009-02-24,24
2009-02-25,24
2009-02-26,0
2009-02-27,25
2009-02-28,0
2009-03-01,0
2009-03-02,48
2009-03-03,24
2009-03-04,24
2009-03-05,0
2009-03-06,0
2009-03-07,0
2009-03-08,74
2009-03-09,49
2009-03-10,24
2009-03-11,0
2009-03-12,0
2009-03-13,0
2009-03-14,0
2009-03-15,0
2009-03-16,0
2009-03-17,25
2009-03-18,50
2009-03-19,0
2009-03-20,0
2009-03-21,0
2009-03-22,0
2009-03-23,0
2009-03-24,24
2009-03-25,48
2009-03-26,24
2009-03-27,0
2009-03-28,36
2009-03-29,0
2009-03-30,0
2009-03-31,0
2009-04-01,24
2009-04-02,24
2009-04-03,51
2009-04-04,38
2009-04-05,76
2009-04-06,24
2009-04-07,0
2009-04-08,0
2009-04-09,0
2009-04-10,58
2009-04-11,38
2009-04-12,41
2009-04-13,0
2009-04-14,0
2009-04-15,0
2009-04-16,100
2009-04-17,0
2009-04-18,39
2009-04-19,0
2009-04-20,0
2009-04-21,23
2009-04-22,0
2009-04-23,24
2009-04-24,0
2009-04-25,0
2009-04-26,0
2009-04-27,24
2009-04-28,70
2009-04-29,0
2009-04-30,72
2009-05-01,0
2009-05-02,0
2009-05-03,0
2009-05-04,0
2009-05-05,23
2009-05-06,0
2009-05-07,0
2009-05-08,52
2009-05-09,0
2009-05-10,0
2009-05-11,24
2009-05-12,0
2009-05-13,0
2009-05-14,0
2009-05-15,26
2009-05-16,0
2009-05-17,0
2009-05-18,0
2009-05-19,0
2009-05-20,24
2009-05-21,0
2009-05-22,0
2009-05-23,0
2009-05-24,0
2009-05-25,0
2009-05-26,0
2009-05-27,24
2009-05-28,0
2009-05-29,0
2009-05-30,0
2009-05-31,0
2009-06-01,0
2009-06-02,24
2009-06-03,0
2009-06-04,25
2009-06-05,0
2009-06-06,0
2009-06-07,0
2009-06-08,0
2009-06-09,0
2009-06-10,0
2009-06-11,25
2009-06-12,27
2009-06-13,0
2009-06-14,0
2009-06-15,0
2009-06-16,0
2009-06-17,0
2009-06-18,0
2009-06-19,0
2009-06-20,0
2009-06-21,0
2009-06-22,0
2009-06-23,0
2009-06-24,25
2009-06-25,25
2009-06-26,0
2009-06-27,0
2009-06-28,39
2009-06-29,0
2009-06-30,49
2009-07-01,25
2009-07-02,0
2009-07-03,68
2009-07-04,0
2009-07-05,0
2009-07-06,25
2009-07-07,0
2009-07-08,0
2009-07-09,0
2009-07-10,0
2009-07-11,38
2009-07-12,0
2009-07-13,0
2009-07-14,0
2009-07-15,49
2009-07-16,0
2009-07-17,27
2009-07-18,0
2009-07-19,0
2009-07-20,0
2009-07-21,0
2009-07-22,0
2009-07-23,0
2009-07-24,0
2009-07-25,0
2009-07-26,0
2009-07-27,24
2009-07-28,24
2009-07-29,0
2009-07-30,74
2009-07-31,0
2009-08-01,38
2009-08-02,0
2009-08-03,0
2009-08-04,0
2009-08-05,0
2009-08-06,25
2009-08-07,0
2009-08-08,75
2009-08-09,38
2009-08-10,25
2009-08-11,0
2009-08-12,0
2009-08-13,0
2009-08-14,0
2009-08-15,0
2009-08-16,38
2009-08-17,0
2009-08-18,0
2009-08-19,0
2009-08-20,24
2009-08-21,0
2009-08-22,0
2009-08-23,0
2009-08-24,0
2009-08-25,0
2009-08-26,0
2009-08-27,24
2009-08-28,0
2009-08-29,34
2009-08-30,0
2009-08-31,0
2009-09-01,0
2009-09-02,23
2009-09-03,0
2009-09-04,0
2009-09-05,0
2009-09-06,0
2009-09-07,0
2009-09-08,23
2009-09-09,23
2009-09-10,23
2009-09-11,0
2009-09-12,0
2009-09-13,34
2009-09-14,0
2009-09-15,22
2009-09-16,0
2009-09-17,46
2009-09-18,25
2009-09-19,0
2009-09-20,34
2009-09-21,22
2009-09-22,22
2009-09-23,22
2009-09-24,23
2009-09-25,0
2009-09-26,0
2009-09-27,0
2009-09-28,22
2009-09-29,0
2009-09-30,22
2009-10-01,23
2009-10-02,24
2009-10-03,0
2009-10-04,34
2009-10-05,0
2009-10-06,0
2009-10-07,0
2009-10-08,45
2009-10-09,24
2009-10-10,0
2009-10-11,0
2009-10-12,24
2009-10-13,0
2009-10-14,22
2009-10-15,0
2009-10-16,73
2009-10-17,0
2009-10-18,0
2009-10-19,0
2009-10-20,0
2009-10-21,0
2009-10-22,45
2009-10-23,0
2009-10-24,33
2009-10-25,100
2009-10-26,0
2009-10-27,0
2009-10-28,0
2009-10-29,0
2009-10-30,48
2009-10-31,0
2009-11-01,35
2009-11-02,0
2009-11-03,21
2009-11-04,43
2009-11-05,0
2009-11-06,47
2009-11-07,33
2009-11-08,0
2009-11-09,22
2009-11-10,21
2009-11-11,45
2009-11-12,0
2009-11-13,0
2009-11-14,0
2009-11-15,32
2009-11-16,43
2009-11-17,84
2009-11-18,43
2009-11-19,0
2009-11-20,46
2009-11-21,0
2009-11-22,32
2009-11-23,0
2009-11-24,22
2009-11-25,0
2009-11-26,0
2009-11-27,0
2009-11-28,0
2009-11-29,32
2009-11-30,0
2009-12-01,41
2009-12-02,0
2009-12-03,0
2009-12-04,0
2009-12-05,0
2009-12-06,31
2009-12-07,21
2009-12-08,0
2009-12-09,0
2009-12-10,0
2009-12-11,0
2009-12-12,0
2009-12-13,0
2009-12-14,21
2009-12-15,0
2009-12-16,22
2009-12-17,0
2009-12-18,24
2009-12-19,32
2009-12-20,0
2009-12-21,0
2009-12-22,0
2009-12-23,0
2009-12-24,33
2009-12-25,0
2009-12-26,0
2009-12-27,37
2009-12-28,0
2009-12-29,0
2009-12-30,0
2009-12-31,0
2010-01-01,0
2010-01-02,0
2010-01-03,32
2010-01-04,0
2010-01-05,0
2010-01-06,0
2010-01-07,0
2010-01-08,0
2010-01-09,0
2010-01-10,39
2010-01-11,26
2010-01-12,0
2010-01-13,25
2010-01-14,0
2010-01-15,27
2010-01-16,0
2010-01-17,0
2010-01-18,0
2010-01-19,0
2010-01-20,0
2010-01-21,0
2010-01-22,0
2010-01-23,0
2010-01-24,0
2010-01-25,25
2010-01-26,0
2010-01-27,0
2010-01-28,25
2010-01-29,0
2010-01-30,71
2010-01-31,0
2010-02-01,25
2010-02-02,0
2010-02-03,0
2010-02-04,25
2010-02-05,26
2010-02-06,0
2010-02-07,0
2010-02-08,0
2010-02-09,24
2010-02-10,0
2010-02-11,0
2010-02-12,0
2010-02-13,0
2010-02-14,77
2010-02-15,28
2010-02-16,51
2010-02-17,100
2010-02-18,0
2010-02-19,0
2010-02-20,72
2010-02-21,37
2010-02-22,0
2010-02-23,0
2010-02-24,73
2010-02-25,24
2010-02-26,0
2010-02-27,0
2010-02-28,0
2010-03-01,0
2010-03-02,0
2010-03-03,0
2010-03-04,25
2010-03-05,79
2010-03-06,0
2010-03-07,0
2010-03-08,76
2010-03-09,0
2010-03-10,50
2010-03-11,0
2010-03-12,0
2010-03-13,36
2010-03-14,0
2010-03-15,0
2010-03-16,0
2010-03-17,0
2010-03-18,27
2010-03-19,28
2010-03-20,0
2010-03-21,37
2010-03-22,49
2010-03-23,25
2010-03-24,25
2010-03-25,0
2010-03-26,0
2010-03-27,38
2010-03-28,0
2010-03-29,25
2010-03-30,0
2010-03-31,0
2010-04-01,0
2010-04-02,0
2010-04-03,0
2010-04-04,0
2010-04-05,0
2010-04-06,50
2010-04-07,0
2010-04-08,25
2010-04-09,82
2010-04-10,38
2010-04-11,0
2010-04-12,49
2010-04-13,48
2010-04-14,0
2010-04-15,25
2010-04-16,0
2010-04-17,0
2010-04-18,37
2010-04-19,0
2010-04-20,0
2010-04-21,0
2010-04-22,0
2010-04-23,0
2010-04-24,0
2010-04-25,0
2010-04-26,0
2010-04-27,24
2010-04-28,0
2010-04-29,0
2010-04-30,27
2010-05-01,0
2010-05-02,0
2010-05-03,0
2010-05-04,25
2010-05-05,0
2010-05-06,53
2010-05-07,83
2010-05-08,0
2010-05-09,0
2010-05-10,0
2010-05-11,0
2010-05-12,0
2010-05-13,0
2010-05-14,28
2010-05-15,41
2010-05-16,0
2010-05-17,0
2010-05-18,75
2010-05-19,0
2010-05-20,27
2010-05-21,0
2010-05-22,0
2010-05-23,81
2010-05-24,0
2010-05-25,26
2010-05-26,0
2010-05-27,27
2010-05-28,0
2010-05-29,0
2010-05-30,0
2010-05-31,0
2010-06-01,0
2010-06-02,26
2010-06-03,54
2010-06-04,0
2010-06-05,0
2010-06-06,0
2010-06-07,26
2010-06-08,0
2010-06-09,30
2010-06-10,31
2010-06-11,33
2010-06-12,0
2010-06-13,0
2010-06-14,31
2010-06-15,0
2010-06-16,0
2010-06-17,32
2010-06-18,34
2010-06-19,0
2010-06-20,100
2010-06-21,0
2010-06-22,0
2010-06-23,30
2010-06-24,0
2010-06-25,0
2010-06-26,0
2010-06-27,47
2010-06-28,91
2010-06-29,0
2010-06-30,61
2010-07-01,0
2010-07-02,64
2010-07-03,0
2010-07-04,0
2010-07-05,37
2010-07-06,27
2010-07-07,0
2010-07-08,54
2010-07-09,0
2010-07-10,0
2010-07-11,38
2010-07-12,0
2010-07-13,26
2010-07-14,26
2010-07-15,27
2010-07-16,29
2010-07-17,0
2010-07-18,0
2010-07-19,0
2010-07-20,0
2010-07-21,80
2010-07-22,54
2010-07-23,0
2010-07-24,0
2010-07-25,0
2010-07-26,0
2010-07-27,26
2010-07-28,0
2010-07-29,0
2010-07-30,0
2010-07-31,37
2010-08-01,38
2010-08-02,0
2010-08-03,0
2010-08-04,0
2010-08-05,27
2010-08-06,0
2010-08-07,0
2010-08-08,0
2010-08-09,0
2010-08-10,0
2010-08-11,26
2010-08-12,0
2010-08-13,28
2010-08-14,36
2010-08-15,0
2010-08-16,26
2010-08-17,0
2010-08-18,0
2010-08-19,0
2010-08-20,0
2010-08-21,36
2010-08-22,0
2010-08-23,0
2010-08-24,25
2010-08-25,0
2010-08-26,53
2010-08-27,27
2010-08-28,71
2010-08-29,36
2010-08-30,0
2010-08-31,49
2010-09-01,0
2010-09-02,25
2010-09-03,0
2010-09-04,0
2010-09-05,0
2010-09-06,0
2010-09-07,50
2010-09-08,0
2010-09-09,25
2010-09-10,0
2010-09-11,0
2010-09-12,0
2010-09-13,24
2010-09-14,24
2010-09-15,0
2010-09-16,0
2010-09-17,53
2010-09-18,0
2010-09-19,0
2010-09-20,0
2010-09-21,0
2010-09-22,24
2010-09-23,24
2010-09-24,0
2010-09-25,0
2010-09-26,0
2010-09-27,24
2010-09-28,0
2010-09-29,24
2010-09-30,24
2010-10-01,0
2010-10-02,34
2010-10-03,0
2010-10-04,0
2010-10-05,0
2010-10-06,0
2010-10-07,0
2010-10-08,0
2010-10-09,0
2010-10-10,0
2010-10-11,76
2010-10-12,0
2010-10-13,25
2010-10-14,24
2010-10-15,26
2010-10-16,34
2010-10-17,0
2010-10-18,0
2010-10-19,47
2010-10-20,0
2010-10-21,24
2010-10-22,25
2010-10-23,0
2010-10-24,0
2010-10-25,47
2010-10-26,47
2010-10-27,24
2010-10-28,0
2010-10-29,78
2010-10-30,34
2010-10-31,0
2010-11-01,0
2010-11-02,23
2010-11-03,0
2010-11-04,0
2010-11-05,25
2010-11-06,0
2010-11-07,0
2010-11-08,0
2010-11-09,23
2010-11-10,0
2010-11-11,0
2010-11-12,0
2010-11-13,33
2010-11-14,0
2010-11-15,24
2010-11-16,22
2010-11-17,0
2010-11-18,23
2010-11-19,0
2010-11-20,0
2010-11-21,0
2010-11-22,0
2010-11-23,71
2010-11-24,0
2010-11-25,0
2010-11-26,0
2010-11-27,65
2010-11-28,32
2010-11-29,0
2010-11-30,22
2010-12-01,45
2010-12-02,46
2010-12-03,48
2010-12-04,31
2010-12-05,0
2010-12-06,68
2010-12-07,0
2010-12-08,23
2010-12-09,23
2010-12-10,73
2010-12-11,0
2010-12-12,31
2010-12-13,0
2010-12-14,0
2010-12-15,23
2010-12-16,48
2010-12-17,0
2010-12-18,0
2010-12-19,0
2010-12-20,0
2010-12-21,0
2010-12-22,0
2010-12-23,0
2010-12-24,0
2010-12-25,0
2010-12-26,0
2010-12-27,0
2010-12-28,27
2010-12-29,27
2010-12-30,27
2010-12-31,0
2011-01-01,33
2011-01-02,27
2011-01-03,0
2011-01-04,0
2011-01-05,39
2011-01-06,0
2011-01-07,0
2011-01-08,25
2011-01-09,19
2011-01-10,0
2011-01-11,59
2011-01-12,0
2011-01-13,0
2011-01-14,0
2011-01-15,38
2011-01-16,19
2011-01-17,31
2011-01-18,15
2011-01-19,0
2011-01-20,15
2011-01-21,15
2011-01-22,0
2011-01-23,0
2011-01-24,29
2011-01-25,29
2011-01-26,29
2011-01-27,15
2011-01-28,0
2011-01-29,0
2011-01-30,0
2011-01-31,55
2011-02-01,14
2011-02-02,13
2011-02-03,14
2011-02-04,0
2011-02-05,0
2011-02-06,0
2011-02-07,14
2011-02-08,0
2011-02-09,43
2011-02-10,0
2011-02-11,30
2011-02-12,0
2011-02-13,0
2011-02-14,29
2011-02-15,14
2011-02-16,14
2011-02-17,14
2011-02-18,31
2011-02-19,0
2011-02-20,19
2011-02-21,0
2011-02-22,0
2011-02-23,0
2011-02-24,0
2011-02-25,29
2011-02-26,0
2011-02-27,37
2011-02-28,56
2011-03-01,0
2011-03-02,0
2011-03-03,0
2011-03-04,0
2011-03-05,0
2011-03-06,36
2011-03-07,0
2011-03-08,42
2011-03-09,0
2011-03-10,28
2011-03-11,0
2011-03-12,0
2011-03-13,0
2011-03-14,16
2011-03-15,0
2011-03-16,0
2011-03-17,15
2011-03-18,47
2011-03-19,19
2011-03-20,19
2011-03-21,0
2011-03-22,0
2011-03-23,42
2011-03-24,29
2011-03-25,30
2011-03-26,18
2011-03-27,36
2011-03-28,14
2011-03-29,14
2011-03-30,14
2011-03-31,0
2011-04-01,15
2011-04-02,0
2011-04-03,19
2011-04-04,14
2011-04-05,28
2011-04-06,14
2011-04-07,29
2011-04-08,59
2011-04-09,19
2011-04-10,0
2011-04-11,28
2011-04-12,0
2011-04-13,14
2011-04-14,29
2011-04-15,15
2011-04-16,0
2011-04-17,19
2011-04-18,14
2011-04-19,0
2011-04-20,100
2011-04-21,0
2011-04-22,31
2011-04-23,38
2011-04-24,20
2011-04-25,0
2011-04-26,0
2011-04-27,27
2011-04-28,0
2011-04-29,0
2011-04-30,38
2011-05-01,0
2011-05-02,13
2011-05-03,0
2011-05-04,27
2011-05-05,0
2011-05-06,0
2011-05-07,0
2011-05-08,0
2011-05-09,0
2011-05-10,14
2011-05-11,14
2011-05-12,14
2011-05-13,0
2011-05-14,0
2011-05-15,19
2011-05-16,42
2011-05-17,0
2011-05-18,0
2011-05-19,14
2011-05-20,30
2011-05-21,0
2011-05-22,0
2011-05-23,28
2011-05-24,14
2011-05-25,14
2011-05-26,14
2011-05-27,16
2011-05-28,20
2011-05-29,0
2011-05-30,37
2011-05-31,29
2011-06-01,14
2011-06-02,14
2011-06-03,30
2011-06-04,0
2011-06-05,0
2011-06-06,0
2011-06-07,0
2011-06-08,14
2011-06-09,0
2011-06-10,0
2011-06-11,28
2011-06-12,29
2011-06-13,21
2011-06-14,42
2011-06-15,21
2011-06-16,43
2011-06-17,23
2011-06-18,0
2011-06-19,29
2011-06-20,62
2011-06-21,0
2011-06-22,21
2011-06-23,21
2011-06-24,22
2011-06-25,28
2011-06-26,0
2011-06-27,21
2011-06-28,0
2011-06-29,42
2011-06-30,0
2011-07-01,46
2011-07-02,0
2011-07-03,30
2011-07-04,28
2011-07-05,0
2011-07-06,0
2011-07-07,21
2011-07-08,22
2011-07-09,0
2011-07-10,0
2011-07-11,84
2011-07-12,21
2011-07-13,61
2011-07-14,0
2011-07-15,0
2011-07-16,0
2011-07-17,0
2011-07-18,21
2011-07-19,20
2011-07-20,83
2011-07-21,0
2011-07-22,0
2011-07-23,0
2011-07-24,27
2011-07-25,61
2011-07-26,0
2011-07-27,0
2011-07-28,0
2011-07-29,0
2011-07-30,81
2011-07-31,27
2011-08-01,41
2011-08-02,20
2011-08-03,100
2011-08-04,41
2011-08-05,0
2011-08-06,26
2011-08-07,27
2011-08-08,81
2011-08-09,79
2011-08-10,61
2011-08-11,42
2011-08-12,43
2011-08-13,0
2011-08-14,0
2011-08-15,82
2011-08-16,20
2011-08-17,21
2011-08-18,0
2011-08-19,0
2011-08-20,26
2011-08-21,26
2011-08-22,40
2011-08-23,20
2011-08-24,40
2011-08-25,0
2011-08-26,20
2011-08-27,0
2011-08-28,0
2011-08-29,20
2011-08-30,20
2011-08-31,0
2011-09-01,0
2011-09-02,0
2011-09-03,25
2011-09-04,26
2011-09-05,70
2011-09-06,19
2011-09-07,0
2011-09-08,20
2011-09-09,61
2011-09-10,49
2011-09-11,0
2011-09-12,39
2011-09-13,57
2011-09-14,19
2011-09-15,0
2011-09-16,41
2011-09-17,25
2011-09-18,0
2011-09-19,19
2011-09-20,19
2011-09-21,19
2011-09-22,57
2011-09-23,0
2011-09-24,25
2011-09-25,0
2011-09-26,38
2011-09-27,38
2011-09-28,19
2011-09-29,0
2011-09-30,20
2011-10-01,0
2011-10-02,24
2011-10-03,0
2011-10-04,56
2011-10-05,19
2011-10-06,0
2011-10-07,20
2011-10-08,0
2011-10-09,24
2011-10-10,38
2011-10-11,0
2011-10-12,0
2011-10-13,38
2011-10-14,0
2011-10-15,48
2011-10-16,0
2011-10-17,0
2011-10-18,19
2011-10-19,18
2011-10-20,0
2011-10-21,40
2011-10-22,0
2011-10-23,24
2011-10-24,37
2011-10-25,0
2011-10-26,37
2011-10-27,37
2011-10-28,20
2011-10-29,0
2011-10-30,0
2011-10-31,39
2011-11-01,19
2011-11-02,0
2011-11-03,37
2011-11-04,0
2011-11-05,0
2011-11-06,23
2011-11-07,91
2011-11-08,18
2011-11-09,36
2011-11-10,18
2011-11-11,0
2011-11-12,23
2011-11-13,23
2011-11-14,0
2011-11-15,18
2011-11-16,18
2011-11-17,37
2011-11-18,77
2011-11-19,23
2011-11-20,23
2011-11-21,36
2011-11-22,0
2011-11-23,20
2011-11-24,0
2011-11-25,23
2011-11-26,0
2011-11-27,0
2011-11-28,52
2011-11-29,34
2011-11-30,0
2011-12-01,18
2011-12-02,37
2011-12-03,0
2011-12-04,44
2011-12-05,35
2011-12-06,17
2011-12-07,17
2011-12-08,89
2011-12-09,0
2011-12-10,66
2011-12-11,22
2011-12-12,17
2011-12-13,35
2011-12-14,18
2011-12-15,36
2011-12-16,38
2011-12-17,0
2011-12-18,0
2011-12-19,36
2011-12-20,36
2011-12-21,19
2011-12-22,0
2011-12-23,43
2011-12-24,0
2011-12-25,0
2011-12-26,23
2011-12-27,19
2011-12-28,0
2011-12-29,19
2011-12-30,20
2011-12-31,0
2012-01-01,0
2012-01-02,0
2012-01-03,0
2012-01-04,17
2012-01-05,0
2012-01-06,36
2012-01-07,0
2012-01-08,21
2012-01-09,40
2012-01-10,20
2012-01-11,60
2012-01-12,20
2012-01-13,42
2012-01-14,25
2012-01-15,25
2012-01-16,0
2012-01-17,0
2012-01-18,20
2012-01-19,40
2012-01-20,21
2012-01-21,0
2012-01-22,0
2012-01-23,0
2012-01-24,19
2012-01-25,20
2012-01-26,0
2012-01-27,61
2012-01-28,49
2012-01-29,25
2012-01-30,20
2012-01-31,20
2012-02-01,39
2012-02-02,39
2012-02-03,61
2012-02-04,24
2012-02-05,48
2012-02-06,0
2012-02-07,58
2012-02-08,19
2012-02-09,0
2012-02-10,20
2012-02-11,23
2012-02-12,23
2012-02-13,19
2012-02-14,40
2012-02-15,0
2012-02-16,0
2012-02-17,0
2012-02-18,0
2012-02-19,0
2012-02-20,20
2012-02-21,0
2012-02-22,19
2012-02-23,39
2012-02-24,0
2012-02-25,48
2012-02-26,0
2012-02-27,19
2012-02-28,19
2012-02-29,0
2012-03-01,63
2012-03-02,0
2012-03-03,0
2012-03-04,0
2012-03-05,21
2012-03-06,20
2012-03-07,0
2012-03-08,59
2012-03-09,20
2012-03-10,0
2012-03-11,49
2012-03-12,0
2012-03-13,80
2012-03-14,20
2012-03-15,20
2012-03-16,62
2012-03-17,0
2012-03-18,25
2012-03-19,20
2012-03-20,19
2012-03-21,0
2012-03-22,0
2012-03-23,41
2012-03-24,25
2012-03-25,0
2012-03-26,0
2012-03-27,20
2012-03-28,0
2012-03-29,20
2012-03-30,0
2012-03-31,0
2012-04-01,0
2012-04-02,40
2012-04-03,0
2012-04-04,20
2012-04-05,20
2012-04-06,0
2012-04-07,26
2012-04-08,27
2012-04-09,0
2012-04-10,0
2012-04-11,0
2012-04-12,20
2012-04-13,21
2012-04-14,0
2012-04-15,25
2012-04-16,19
2012-04-17,57
2012-04-18,39
2012-04-19,0
2012-04-20,0
2012-04-21,25
2012-04-22,24
2012-04-23,58
2012-04-24,0
2012-04-25,39
2012-04-26,20
2012-04-27,41
2012-04-28,25
2012-04-29,0
2012-04-30,77
2012-05-01,0
2012-05-02,38
2012-05-03,19
2012-05-04,20
2012-05-05,25
2012-05-06,0
2012-05-07,19
2012-05-08,38
2012-05-09,0
2012-05-10,0
2012-05-11,21
2012-05-12,0
2012-05-13,0
2012-05-14,39
2012-05-15,38
2012-05-16,20
2012-05-17,0
2012-05-18,21
2012-05-19,0
2012-05-20,51
2012-05-21,0
2012-05-22,19
2012-05-23,0
2012-05-24,20
2012-05-25,42
2012-05-26,0
2012-05-27,28
2012-05-28,0
2012-05-29,0
2012-05-30,0
2012-05-31,20
2012-06-01,20
2012-06-02,0
2012-06-03,0
2012-06-04,0
2012-06-05,0
2012-06-06,20
2012-06-07,100
2012-06-08,0
2012-06-09,0
2012-06-10,0
2012-06-11,20
2012-06-12,0
2012-06-13,20
2012-06-14,41
2012-06-15,0
2012-06-16,26
2012-06-17,0
2012-06-18,0
2012-06-19,40
2012-06-20,20
2012-06-21,0
2012-06-22,0
2012-06-23,26
2012-06-24,0
2012-06-25,0
2012-06-26,0
2012-06-27,20
2012-06-28,0
2012-06-29,0
2012-06-30,0
2012-07-01,0
2012-07-02,40
2012-07-03,0
2012-07-04,0
2012-07-05,0
2012-07-06,0
2012-07-07,25
2012-07-08,0
2012-07-09,0
2012-07-10,59
2012-07-11,20
2012-07-12,20
2012-07-13,41
2012-07-14,25
2012-07-15,50
2012-07-16,0
2012-07-17,19
2012-07-18,20
2012-07-19,40
2012-07-20,20
2012-07-21,50
2012-07-22,0
2012-07-23,0
2012-07-24,0
2012-07-25,59
2012-07-26,20
2012-07-27,60
2012-07-28,0
2012-07-29,100
2012-07-30,39
2012-07-31,0
2012-08-01,0
2012-08-02,0
2012-08-03,0
2012-08-04,0
2012-08-05,0
2012-08-06,19
2012-08-07,0
2012-08-08,0
2012-08-09,0
2012-08-10,0
2012-08-11,0
2012-08-12,25
2012-08-13,0
2012-08-14,0
2012-08-15,0
2012-08-16,0
2012-08-17,0
2012-08-18,0
2012-08-19,0
2012-08-20,20
2012-08-21,0
2012-08-22,20
2012-08-23,20
2012-08-24,0
2012-08-25,0
2012-08-26,24
2012-08-27,19
2012-08-28,0
2012-08-29,19
2012-08-30,39
2012-08-31,20
2012-09-01,24
2012-09-02,0
2012-09-03,22
2012-09-04,0
2012-09-05,74
2012-09-06,38
2012-09-07,19
2012-09-08,23
2012-09-09,23
2012-09-10,0
2012-09-11,55
2012-09-12,0
2012-09-13,0
2012-09-14,0
2012-09-15,23
2012-09-16,0
2012-09-17,37
2012-09-18,54
2012-09-19,19
2012-09-20,38
2012-09-21,58
2012-09-22,23
2012-09-23,0
2012-09-24,18
2012-09-25,19
2012-09-26,37
2012-09-27,93
2012-09-28,19
2012-09-29,23
2012-09-30,23
2012-10-01,74
2012-10-02,36
2012-10-03,55
2012-10-04,56
2012-10-05,38
2012-10-06,46
2012-10-07,22
2012-10-08,18
2012-10-09,0
2012-10-10,54
2012-10-11,36
2012-10-12,19
2012-10-13,0
2012-10-14,0
2012-10-15,0
2012-10-16,18
2012-10-17,0
2012-10-18,18
2012-10-19,56
2012-10-20,0
2012-10-21,45
2012-10-22,36
2012-10-23,17
2012-10-24,35
2012-10-25,53
2012-10-26,0
2012-10-27,22
2012-10-28,43
2012-10-29,0
2012-10-30,35
2012-10-31,37
2012-11-01,19
2012-11-02,37
2012-11-03,0
2012-11-04,0
2012-11-05,0
2012-11-06,17
2012-11-07,17
2012-11-08,18
2012-11-09,56
2012-11-10,45
2012-11-11,0
2012-11-12,18
2012-11-13,18
2012-11-14,36
2012-11-15,18
2012-11-16,0
2012-11-17,22
2012-11-18,22
2012-11-19,18
2012-11-20,18
2012-11-21,0
2012-11-22,0
2012-11-23,0
2012-11-24,0
2012-11-25,43
2012-11-26,0
2012-11-27,33
2012-11-28,51
2012-11-29,17
2012-11-30,0
2012-12-01,0
2012-12-02,42
2012-12-03,68
2012-12-04,0
2012-12-05,34
2012-12-06,17
2012-12-07,72
2012-12-08,42
2012-12-09,21
2012-12-10,17
2012-12-11,34
2012-12-12,34
2012-12-13,52
2012-12-14,35
2012-12-15,21
2012-12-16,42
2012-12-17,35
2012-12-18,35
2012-12-19,0
2012-12-20,0
2012-12-21,19
2012-12-22,23
2012-12-23,23
2012-12-24,0
2012-12-25,0
2012-12-26,0
2012-12-27,19
2012-12-28,38
2012-12-29,21
2012-12-30,0
2012-12-31,39
2013-01-01,0
2013-01-02,18
2013-01-03,17
2013-01-04,18
2013-01-05,0
2013-01-06,20
2013-01-07,17
2013-01-08,34
2013-01-09,21
2013-01-10,42
2013-01-11,0
2013-01-12,25
2013-01-13,0
2013-01-14,82
2013-01-15,20
2013-01-16,41
2013-01-17,61
2013-01-18,21
2013-01-19,0
2013-01-20,0
2013-01-21,43
2013-01-22,61
2013-01-23,0
2013-01-24,21
2013-01-25,21
2013-01-26,0
2013-01-27,25
2013-01-28,0
2013-01-29,40
2013-01-30,100
2013-01-31,40
2013-02-01,21
2013-02-02,25
2013-02-03,0
2013-02-04,0
2013-02-05,60
2013-02-06,20
2013-02-07,80
2013-02-08,41
2013-02-09,25
2013-02-10,25
2013-02-11,59
2013-02-12,40
2013-02-13,0
2013-02-14,42
2013-02-15,22
2013-02-16,49
2013-02-17,0
2013-02-18,21
2013-02-19,20
2013-02-20,80
2013-02-21,20
2013-02-22,0
2013-02-23,0
2013-02-24,24
2013-02-25,98
2013-02-26,19
2013-02-27,0
2013-02-28,40
2013-03-01,21
2013-03-02,0
2013-03-03,25
2013-03-04,80
2013-03-05,20
2013-03-06,40
2013-03-07,20
2013-03-08,62
2013-03-09,0
2013-03-10,24
2013-03-11,61
2013-03-12,40
2013-03-13,60
2013-03-14,41
2013-03-15,0
2013-03-16,0
2013-03-17,0
2013-03-18,0
2013-03-19,40
2013-03-20,0
2013-03-21,20
2013-03-22,21
2013-03-23,0
2013-03-24,24
2013-03-25,20
2013-03-26,20
2013-03-27,0
2013-03-28,0
2013-03-29,22
2013-03-30,0
2013-03-31,0
2013-04-01,0
2013-04-02,20
2013-04-03,20
2013-04-04,41
2013-04-05,63
2013-04-06,0
2013-04-07,50
2013-04-08,80
2013-04-09,20
2013-04-10,40
2013-04-11,40
2013-04-12,21
2013-04-13,25
2013-04-14,0
2013-04-15,0
2013-04-16,0
2013-04-17,0
2013-04-18,40
2013-04-19,0
2013-04-20,0
2013-04-21,0
2013-04-22,20
2013-04-23,79
2013-04-24,0
2013-04-25,62
2013-04-26,0
2013-04-27,26
2013-04-28,25
2013-04-29,79
2013-04-30,81
2013-05-01,0
2013-05-02,21
2013-05-03,42
2013-05-04,26
2013-05-05,26
2013-05-06,40
2013-05-07,60
2013-05-08,40
2013-05-09,0
2013-05-10,0
2013-05-11,0
2013-05-12,0
2013-05-13,21
2013-05-14,61
2013-05-15,20
2013-05-16,0
2013-05-17,22
2013-05-18,53
2013-05-19,0
2013-05-20,40
2013-05-21,20
2013-05-22,21
2013-05-23,0
2013-05-24,22
2013-05-25,0
2013-05-26,0
2013-05-27,0
2013-05-28,20
2013-05-29,20
2013-05-30,21
2013-05-31,22
2013-06-01,0
2013-06-02,26
2013-06-03,42
2013-06-04,0
2013-06-05,0
2013-06-06,21
2013-06-07,21
2013-06-08,26
2013-06-09,26
2013-06-10,0
2013-06-11,20
2013-06-12,21
2013-06-13,21
2013-06-14,0
2013-06-15,0
2013-06-16,27
2013-06-17,21
2013-06-18,21
2013-06-19,62
2013-06-20,21
2013-06-21,22
2013-06-22,0
2013-06-23,0
2013-06-24,21
2013-06-25,0
2013-06-26,41
2013-06-27,21
2013-06-28,22
2013-06-29,0
2013-06-30,80
2013-07-01,0
2013-07-02,0
2013-07-03,0
2013-07-04,0
2013-07-05,25
2013-07-06,0
2013-07-07,26
2013-07-08,0
2013-07-09,0
2013-07-10,0
2013-07-11,42
2013-07-12,22
2013-07-13,26
2013-07-14,0
2013-07-15,21
2013-07-16,0
2013-07-17,21
2013-07-18,21
2013-07-19,43
2013-07-20,0
2013-07-21,26
2013-07-22,0
2013-07-23,20
2013-07-24,42
2013-07-25,21
2013-07-26,22
2013-07-27,26
2013-07-28,0
2013-07-29,0
2013-07-30,21
2013-07-31,0
2013-08-01,41
2013-08-02,22
2013-08-03,26
2013-08-04,0
2013-08-05,21
2013-08-06,21
2013-08-07,21
2013-08-08,21
2013-08-09,0
2013-08-10,0
2013-08-11,0
2013-08-12,41
2013-08-13,0
2013-08-14,41
2013-08-15,21
2013-08-16,22
2013-08-17,0
2013-08-18,0
2013-08-19,21
2013-08-20,20
2013-08-21,21
2013-08-22,21
2013-08-23,21
2013-08-24,25
2013-08-25,0
2013-08-26,20
2013-08-27,20
2013-08-28,20
2013-08-29,20
2013-08-30,42
2013-08-31,0
2013-09-01,25
2013-09-02,46
2013-09-03,39
2013-09-04,40
2013-09-05,0
2013-09-06,0
2013-09-07,25
2013-09-08,24
2013-09-09,0
2013-09-10,0
2013-09-11,39
2013-09-12,0
2013-09-13,0
2013-09-14,0
2013-09-15,23
2013-09-16,19
2013-09-17,19
2013-09-18,39
2013-09-19,39
2013-09-20,0
2013-09-21,0
2013-09-22,49
2013-09-23,20
2013-09-24,59
2013-09-25,20
2013-09-26,0
2013-09-27,21
2013-09-28,0
2013-09-29,25
2013-09-30,20
2013-10-01,19
2013-10-02,0
2013-10-03,60
2013-10-04,41
2013-10-05,0
2013-10-06,24
2013-10-07,39
2013-10-08,59
2013-10-09,40
2013-10-10,100
2013-10-11,63
2013-10-12,0
2013-10-13,25
2013-10-14,0
2013-10-15,39
2013-10-16,0
2013-10-17,20
2013-10-18,42
2013-10-19,0
2013-10-20,49
2013-10-21,99
2013-10-22,58
2013-10-23,0
2013-10-24,0
2013-10-25,21
2013-10-26,0
2013-10-27,24
2013-10-28,0
2013-10-29,19
2013-10-30,98
2013-10-31,0
2013-11-01,43
2013-11-02,25
2013-11-03,24
2013-11-04,0
2013-11-05,0
2013-11-06,59
2013-11-07,0
2013-11-08,20
2013-11-09,0
2013-11-10,24
2013-11-11,59
2013-11-12,19
2013-11-13,19
2013-11-14,39
2013-11-15,20
2013-11-16,72
2013-11-17,0
2013-11-18,0
2013-11-19,38
2013-11-20,19
2013-11-21,19
2013-11-22,20
2013-11-23,0
2013-11-24,24
2013-11-25,77
2013-11-26,19
2013-11-27,0
2013-11-28,50
2013-11-29,0
2013-11-30,0
2013-12-01,0
2013-12-02,18
2013-12-03,55
2013-12-04,75
2013-12-05,57
2013-12-06,19
2013-12-07,23
2013-12-08,46
2013-12-09,19
2013-12-10,19
2013-12-11,0
2013-12-12,20
2013-12-13,0
2013-12-14,0
2013-12-15,0
2013-12-16,20
2013-12-17,0
2013-12-18,0
2013-12-19,0
2013-12-20,43
2013-12-21,0
2013-12-22,0
2013-12-23,22
2013-12-24,24
2013-12-25,29
2013-12-26,0
2013-12-27,44
2013-12-28,0
2013-12-29,25
2013-12-30,0
2013-12-31,0
2014-01-01,0
2014-01-02,20
2014-01-03,0
2014-01-04,23
2014-01-05,23
2014-01-06,38
2014-01-07,38
2014-01-08,20
2014-01-09,0
2014-01-10,29
2014-01-11,0
2014-01-12,17
2014-01-13,55
2014-01-14,0
2014-01-15,0
2014-01-16,42
2014-01-17,29
2014-01-18,0
2014-01-19,17
2014-01-20,14
2014-01-21,13
2014-01-22,0
2014-01-23,0
2014-01-24,28
2014-01-25,0
2014-01-26,17
2014-01-27,39
2014-01-28,13
2014-01-29,0
2014-01-30,56
2014-01-31,14
2014-02-01,0
2014-02-02,32
2014-02-03,27
2014-02-04,27
2014-02-05,27
2014-02-06,0
2014-02-07,65
2014-02-08,33
2014-02-09,32
2014-02-10,13
2014-02-11,13
2014-02-12,26
2014-02-13,14
2014-02-14,0
2014-02-15,17
2014-02-16,34
2014-02-17,28
2014-02-18,0
2014-02-19,54
2014-02-20,40
2014-02-21,14
2014-02-22,0
2014-02-23,0
2014-02-24,13
2014-02-25,52
2014-02-26,13
2014-02-27,40
2014-02-28,28
2014-03-01,33
2014-03-02,16
2014-03-03,51
2014-03-04,13
2014-03-05,55
2014-03-06,14
2014-03-07,14
2014-03-08,0
2014-03-09,17
2014-03-10,28
2014-03-11,14
2014-03-12,27
2014-03-13,14
2014-03-14,29
2014-03-15,0
2014-03-16,17
2014-03-17,14
2014-03-18,0
2014-03-19,28
2014-03-20,14
2014-03-21,29
2014-03-22,34
2014-03-23,0
2014-03-24,55
2014-03-25,13
2014-03-26,14
2014-03-27,0
2014-03-28,14
2014-03-29,0
2014-03-30,0
2014-03-31,0
2014-04-01,0
2014-04-02,27
2014-04-03,41
2014-04-04,14
2014-04-05,17
2014-04-06,0
2014-04-07,27
2014-04-08,0
2014-04-09,14
2014-04-10,0
2014-04-11,44
2014-04-12,18
2014-04-13,52
2014-04-14,13
2014-04-15,26
2014-04-16,0
2014-04-17,0
2014-04-18,15
2014-04-19,0
2014-04-20,19
2014-04-21,0
2014-04-22,41
2014-04-23,55
2014-04-24,14
2014-04-25,15
2014-04-26,18
2014-04-27,52
2014-04-28,27
2014-04-29,26
2014-04-30,41
2014-05-01,68
2014-05-02,0
2014-05-03,35
2014-05-04,0
2014-05-05,56
2014-05-06,0
2014-05-07,28
2014-05-08,14
2014-05-09,14
2014-05-10,18
2014-05-11,0
2014-05-12,0
2014-05-13,27
2014-05-14,14
2014-05-15,100
2014-05-16,29
2014-05-17,36
2014-05-18,0
2014-05-19,14
2014-05-20,29
2014-05-21,0
2014-05-22,16
2014-05-23,0
2014-05-24,0
2014-05-25,22
2014-05-26,0
2014-05-27,16
2014-05-28,31
2014-05-29,32
2014-05-30,50
2014-05-31,0
2014-06-01,0
2014-06-02,16
2014-06-03,16
2014-06-04,16
2014-06-05,16
2014-06-06,0
2014-06-07,0
2014-06-08,21
2014-06-09,22
2014-06-10,0
2014-06-11,22
2014-06-12,0
2014-06-13,23
2014-06-14,0
2014-06-15,0
2014-06-16,0
2014-06-17,0
2014-06-18,22
2014-06-19,0
2014-06-20,0
2014-06-21,0
2014-06-22,0
2014-06-23,23
2014-06-24,0
2014-06-25,45
2014-06-26,23
2014-06-27,0
2014-06-28,0
2014-06-29,0
2014-06-30,22
2014-07-01,0
2014-07-02,23
2014-07-03,0
2014-07-04,29
2014-07-05,31
2014-07-06,29
2014-07-07,0
2014-07-08,0
2014-07-09,44
2014-07-10,0
2014-07-11,0
2014-07-12,0
2014-07-13,0
2014-07-14,22
2014-07-15,22
2014-07-16,22
2014-07-17,0
2014-07-18,24
2014-07-19,28
2014-07-20,0
2014-07-21,22
2014-07-22,22
2014-07-23,22
2014-07-24,22
2014-07-25,0
2014-07-26,0
2014-07-27,0
2014-07-28,0
2014-07-29,44
2014-07-30,22
2014-07-31,22
2014-08-01,23
2014-08-02,0
2014-08-03,0
2014-08-04,0
2014-08-05,22
2014-08-06,0
2014-08-07,0
2014-08-08,0
2014-08-09,84
2014-08-10,0
2014-08-11,0
2014-08-12,21
2014-08-13,22
2014-08-14,0
2014-08-15,0
2014-08-16,0
2014-08-17,55
2014-08-18,22
2014-08-19,0
2014-08-20,22
2014-08-21,22
2014-08-22,0
2014-08-23,54
2014-08-24,27
2014-08-25,22
2014-08-26,0
2014-08-27,22
2014-08-28,22
2014-08-29,22
2014-08-30,0
2014-08-31,0
2014-09-01,25
2014-09-02,21
2014-09-03,0
2014-09-04,21
2014-09-05,0
2014-09-06,0
2014-09-07,0
2014-09-08,41
2014-09-09,0
2014-09-10,41
2014-09-11,0
2014-09-12,85
2014-09-13,0
2014-09-14,0
2014-09-15,41
2014-09-16,20
2014-09-17,42
2014-09-18,21
2014-09-19,44
2014-09-20,0
2014-09-21,51
2014-09-22,81
2014-09-23,0
2014-09-24,0
2014-09-25,63
2014-09-26,0
2014-09-27,0
2014-09-28,26
2014-09-29,41
2014-09-30,20
2014-10-01,20
2014-10-02,21
2014-10-03,43
2014-10-04,26
2014-10-05,0
2014-10-06,83
2014-10-07,20
2014-10-08,41
2014-10-09,62
2014-10-10,43
2014-10-11,0
2014-10-12,0
2014-10-13,62
2014-10-14,0
2014-10-15,61
2014-10-16,41
2014-10-17,0
2014-10-18,53
2014-10-19,53
2014-10-20,20
2014-10-21,20
2014-10-22,81
2014-10-23,41
2014-10-24,21
2014-10-25,53
2014-10-26,0
2014-10-27,20
2014-10-28,40
2014-10-29,0
2014-10-30,61
2014-10-31,22
2014-11-01,0
2014-11-02,26
2014-11-03,20
2014-11-04,60
2014-11-05,20
2014-11-06,40
2014-11-07,42
2014-11-08,0
2014-11-09,52
2014-11-10,40
2014-11-11,41
2014-11-12,61
2014-11-13,40
2014-11-14,41
2014-11-15,0
2014-11-16,0
2014-11-17,39
2014-11-18,43
2014-11-19,42
2014-11-20,61
2014-11-21,0
2014-11-22,100
2014-11-23,0
2014-11-24,40
2014-11-25,20
2014-11-26,44
2014-11-27,26
2014-11-28,0
2014-11-29,50
2014-11-30,0
2014-12-01,19
2014-12-02,38
2014-12-03,80
2014-12-04,40
2014-12-05,0
2014-12-06,25
2014-12-07,24
2014-12-08,80
2014-12-09,78
2014-12-10,40
2014-12-11,41
2014-12-12,43
2014-12-13,53
2014-12-14,26
2014-12-15,21
2014-12-16,41
2014-12-17,42
2014-12-18,0
2014-12-19,0
2014-12-20,0
2014-12-21,0
2014-12-22,0
2014-12-23,23
2014-12-24,52
2014-12-25,0
2014-12-26,0
2014-12-27,0
2014-12-28,0
2014-12-29,23
2014-12-30,45
2014-12-31,0
2015-01-01,27
2015-01-02,23
2015-01-03,0
2015-01-04,0
2015-01-05,0
2015-01-06,0
2015-01-07,20
2015-01-08,41
2015-01-09,53
2015-01-10,21
2015-01-11,0
2015-01-12,0
2015-01-13,50
2015-01-14,0
2015-01-15,17
2015-01-16,36
2015-01-17,43
2015-01-18,21
2015-01-19,18
2015-01-20,17
2015-01-21,16
2015-01-22,0
2015-01-23,17
2015-01-24,21
2015-01-25,0
2015-01-26,0
2015-01-27,0
2015-01-28,17
2015-01-29,17
2015-01-30,51
2015-01-31,21
2015-02-01,20
2015-02-02,16
2015-02-03,0
2015-02-04,49
2015-02-05,17
2015-02-06,17
2015-02-07,0
2015-02-08,0
2015-02-09,16
2015-02-10,32
2015-02-11,17
2015-02-12,16
2015-02-13,69
2015-02-14,21
2015-02-15,42
2015-02-16,35
2015-02-17,100
2015-02-18,67
2015-02-19,17
2015-02-20,17
2015-02-21,21
2015-02-22,21
2015-02-23,16
2015-02-24,49
2015-02-25,49
2015-02-26,34
2015-02-27,83
2015-02-28,0
2015-03-01,61
2015-03-02,82
2015-03-03,16
2015-03-04,66
2015-03-05,0
2015-03-06,51
2015-03-07,21
2015-03-08,64
2015-03-09,0
2015-03-10,17
2015-03-11,0
2015-03-12,0
2015-03-13,35
2015-03-14,43
2015-03-15,22
2015-03-16,17
2015-03-17,17
2015-03-18,17
2015-03-19,34
2015-03-20,51
2015-03-21,0
2015-03-22,0
2015-03-23,50
2015-03-24,0
2015-03-25,0
2015-03-26,20
2015-03-27,0
2015-03-28,0
2015-03-29,0
2015-03-30,17
2015-03-31,69
2015-04-01,0
2015-04-02,18
2015-04-03,0
2015-04-04,0
2015-04-05,23
2015-04-06,18
2015-04-07,51
2015-04-08,17
2015-04-09,51
2015-04-10,18
2015-04-11,45
2015-04-12,0
2015-04-13,17
2015-04-14,17
2015-04-15,34
2015-04-16,51
2015-04-17,18
2015-04-18,0
2015-04-19,0
2015-04-20,17
2015-04-21,34
2015-04-22,17
2015-04-23,0
2015-04-24,36
2015-04-25,0
2015-04-26,0
2015-04-27,17
2015-04-28,0
2015-04-29,68
2015-04-30,34
2015-05-01,0
2015-05-02,0
2015-05-03,22
2015-05-04,17
2015-05-05,17
2015-05-06,52
2015-05-07,35
2015-05-08,37
2015-05-09,0
2015-05-10,24
2015-05-11,18
2015-05-12,34
2015-05-13,0
2015-05-14,35
2015-05-15,18
2015-05-16,0
2015-05-17,23
2015-05-18,53
2015-05-19,0
2015-05-20,0
2015-05-21,37
2015-05-22,39
2015-05-23,0
2015-05-24,0
2015-05-25,23
2015-05-26,0
2015-05-27,35
2015-05-28,18
2015-05-29,37
2015-05-30,0
2015-05-31,0
2015-06-01,53
2015-06-02,36
2015-06-03,55
2015-06-04,18
2015-06-05,0
2015-06-06,24
2015-06-07,0
2015-06-08,0
2015-06-09,41
2015-06-10,21
2015-06-11,42
2015-06-12,44
2015-06-13,0
2015-06-14,0
2015-06-15,0
2015-06-16,21
2015-06-17,0
2015-06-18,21
2015-06-19,22
2015-06-20,0
2015-06-21,0
2015-06-22,0
2015-06-23,0
2015-06-24,0
2015-06-25,84
2015-06-26,0
2015-06-27,0
2015-06-28,0
2015-06-29,21
2015-06-30,41
2015-07-01,21
2015-07-02,64
2015-07-03,0
2015-07-04,0
2015-07-05,29
2015-07-06,21
2015-07-07,62
2015-07-08,61
2015-07-09,21
2015-07-10,0
2015-07-11,0
2015-07-12,53
2015-07-13,61
2015-07-14,41
2015-07-15,20
2015-07-16,21
2015-07-17,44
2015-07-18,0
2015-07-19,0
2015-07-20,43
2015-07-21,41
2015-07-22,20
2015-07-23,0
2015-07-24,0
2015-07-25,53
2015-07-26,0
2015-07-27,20
2015-07-28,0
2015-07-29,0
2015-07-30,84
2015-07-31,22
2015-08-01,53
2015-08-02,0
2015-08-03,42
2015-08-04,0
2015-08-05,0
2015-08-06,0
2015-08-07,22
2015-08-08,27
2015-08-09,27
2015-08-10,21
2015-08-11,20
2015-08-12,41
2015-08-13,42
2015-08-14,0
2015-08-15,0
2015-08-16,0
2015-08-17,0
2015-08-18,0
2015-08-19,20
2015-08-20,0
2015-08-21,83
2015-08-22,0
2015-08-23,26
2015-08-24,0
2015-08-25,40
2015-08-26,20
2015-08-27,40
2015-08-28,0
2015-08-29,0
2015-08-30,25
2015-08-31,39
2015-09-01,38
2015-09-02,39
2015-09-03,60
2015-09-04,41
2015-09-05,25
2015-09-06,26
2015-09-07,0
2015-09-08,19
2015-09-09,19
2015-09-10,19
2015-09-11,20
2015-09-12,0
2015-09-13,25
2015-09-14,38
2015-09-15,0
2015-09-16,19
2015-09-17,77
2015-09-18,100
2015-09-19,50
2015-09-20,0
2015-09-21,0
2015-09-22,0
2015-09-23,57
2015-09-24,0
2015-09-25,20
2015-09-26,0
2015-09-27,0
2015-09-28,55
2015-09-29,37
2015-09-30,37
2015-10-01,0
2015-10-02,59
2015-10-03,25
2015-10-04,48
2015-10-05,19
2015-10-06,19
2015-10-07,57
2015-10-08,19
2015-10-09,0
2015-10-10,0
2015-10-11,0
2015-10-12,39
2015-10-13,19
2015-10-14,37
2015-10-15,57
2015-10-16,19
2015-10-17,25
2015-10-18,24
2015-10-19,56
2015-10-20,18
2015-10-21,0
2015-10-22,37
2015-10-23,38
2015-10-24,0
2015-10-25,0
2015-10-26,19
2015-10-27,54
2015-10-28,54
2015-10-29,19
2015-10-30,39
2015-10-31,0
2015-11-01,0
2015-11-02,0
2015-11-03,0
2015-11-04,18
2015-11-05,18
2015-11-06,38
2015-11-07,48
2015-11-08,0
2015-11-09,37
2015-11-10,36
2015-11-11,0
2015-11-12,75
2015-11-13,19
2015-11-14,24
2015-11-15,24
2015-11-16,92
2015-11-17,55
2015-11-18,74
2015-11-19,37
2015-11-20,19
2015-11-21,0
2015-11-22,0
2015-11-23,0
2015-11-24,19
2015-11-25,41
2015-11-26,25
2015-11-27,0
2015-11-28,0
2015-11-29,47
2015-11-30,0
2015-12-01,0
2015-12-02,18
2015-12-03,36
2015-12-04,37
2015-12-05,24
2015-12-06,47
2015-12-07,54
2015-12-08,18
2015-12-09,18
2015-12-10,55
2015-12-11,19
2015-12-12,48
2015-12-13,0
2015-12-14,36
2015-12-15,74
2015-12-16,19
2015-12-17,19
2015-12-18,0
2015-12-19,50
2015-12-20,0
2015-12-21,20
2015-12-22,0
2015-12-23,0
2015-12-24,0
2015-12-25,28
2015-12-26,0
2015-12-27,0
2015-12-28,0
2015-12-29,0
2015-12-30,0
2015-12-31,0
2016-01-01,0
2016-01-02,0
2016-01-03,19
2016-01-04,48
2016-01-05,32
2016-01-06,16
2016-01-07,16
2016-01-08,49
2016-01-09,0
2016-01-10,0
2016-01-11,19
2016-01-12,20
2016-01-13,20
2016-01-14,0
2016-01-15,40
2016-01-16,23
2016-01-17,0
2016-01-18,21
2016-01-19,79
2016-01-20,0
2016-01-21,20
2016-01-22,60
2016-01-23,23
2016-01-24,0
2016-01-25,39
2016-01-26,39
2016-01-27,98
2016-01-28,60
2016-01-29,20
2016-01-30,24
2016-01-31,46
2016-02-01,19
2016-02-02,75
2016-02-03,19
2016-02-04,78
2016-02-05,59
2016-02-06,0
2016-02-07,69
2016-02-08,94
2016-02-09,57
2016-02-10,19
2016-02-11,19
2016-02-12,20
2016-02-13,46
2016-02-14,0
2016-02-15,39
2016-02-16,19
2016-02-17,38
2016-02-18,19
2016-02-19,59
2016-02-20,71
2016-02-21,23
2016-02-22,76
2016-02-23,19
2016-02-24,37
2016-02-25,77
2016-02-26,59
2016-02-27,23
2016-02-28,0
2016-02-29,37
2016-03-01,75
2016-03-02,19
2016-03-03,38
2016-03-04,19
2016-03-05,46
2016-03-06,45
2016-03-07,58
2016-03-08,19
2016-03-09,57
2016-03-10,19
2016-03-11,40
2016-03-12,0
2016-03-13,23
2016-03-14,19
2016-03-15,76
2016-03-16,19
2016-03-17,0
2016-03-18,0
2016-03-19,46
2016-03-20,23
2016-03-21,77
2016-03-22,0
2016-03-23,0
2016-03-24,0
2016-03-25,21
2016-03-26,24
2016-03-27,25
2016-03-28,20
2016-03-29,0
2016-03-30,39
2016-03-31,59
2016-04-01,20
2016-04-02,23
2016-04-03,0
2016-04-04,19
2016-04-05,19
2016-04-06,57
2016-04-07,38
2016-04-08,0
2016-04-09,0
2016-04-10,45
2016-04-11,38
2016-04-12,38
2016-04-13,19
2016-04-14,19
2016-04-15,40
2016-04-16,24
2016-04-17,24
2016-04-18,58
2016-04-19,0
2016-04-20,77
2016-04-21,19
2016-04-22,20
2016-04-23,48
2016-04-24,24
2016-04-25,76
2016-04-26,0
2016-04-27,38
2016-04-28,19
2016-04-29,80
2016-04-30,0
2016-05-01,69
2016-05-02,38
2016-05-03,38
2016-05-04,57
2016-05-05,58
2016-05-06,0
2016-05-07,24
2016-05-08,0
2016-05-09,39
2016-05-10,19
2016-05-11,0
2016-05-12,100
2016-05-13,0
2016-05-14,72
2016-05-15,24
2016-05-16,0
2016-05-17,0
2016-05-18,98
2016-05-19,20
2016-05-20,41
2016-05-21,0
2016-05-22,24
2016-05-23,20
2016-05-24,60
2016-05-25,20
2016-05-26,20
2016-05-27,0
2016-05-28,0
2016-05-29,25
2016-05-30,23
2016-05-31,0
2016-06-01,20
2016-06-02,20
2016-06-03,21
2016-06-04,24
2016-06-05,0
2016-06-06,20
2016-06-07,0
2016-06-08,0
2016-06-09,0
2016-06-10,8
2016-06-11,0
2016-06-12,9
2016-06-13,7
2016-06-14,0
2016-06-15,0
2016-06-16,7
2016-06-17,8
2016-06-18,0
2016-06-19,0
2016-06-20,22
2016-06-21,0
2016-06-22,0
2016-06-23,8
2016-06-24,100
2016-06-25,36
2016-06-26,9
2016-06-27,22
2016-06-28,37
2016-06-29,0
2016-06-30,0
2016-07-01,16
2016-07-02,9
2016-07-03,0
2016-07-04,0
2016-07-05,0
2016-07-06,23
2016-07-07,0
2016-07-08,15
2016-07-09,9
2016-07-10,9
2016-07-11,8
2016-07-12,31
2016-07-13,24
2016-07-14,0
2016-07-15,0
2016-07-16,9
2016-07-17,0
2016-07-18,8
2016-07-19,15
2016-07-20,0
2016-07-21,0
2016-07-22,8
2016-07-23,9
2016-07-24,0
2016-07-25,8
2016-07-26,8
2016-07-27,15
2016-07-28,15
2016-07-29,8
2016-07-30,0
2016-07-31,0
2016-08-01,8
2016-08-02,8
2016-08-03,8
2016-08-04,0
2016-08-05,0
2016-08-06,9
2016-08-07,0
2016-08-08,0
2016-08-09,0
2016-08-10,16
2016-08-11,8
2016-08-12,8
2016-08-13,0
2016-08-14,9
2016-08-15,24
2016-08-16,8
2016-08-17,8
2016-08-18,0
2016-08-19,0
2016-08-20,10
2016-08-21,10
2016-08-22,8
2016-08-23,8
2016-08-24,0
2016-08-25,15
2016-08-26,0
2016-08-27,9
2016-08-28,9
2016-08-29,0
2016-08-30,15
2016-08-31,7
2016-09-01,22
2016-09-02,8
2016-09-03,0
2016-09-04,18
2016-09-05,0
2016-09-06,0
2016-09-07,0
2016-09-08,7
2016-09-09,0
2016-09-10,17
2016-09-11,16
2016-09-12,7
2016-09-13,0
2016-09-14,7
2016-09-15,14
2016-09-16,0
2016-09-17,9
2016-09-18,0
2016-09-19,14
2016-09-20,7
2016-09-21,0
2016-09-22,7
2016-09-23,44
2016-09-24,0
2016-09-25,17
2016-09-26,14
2016-09-27,7
2016-09-28,28
2016-09-29,14
2016-09-30,7
2016-10-01,9
2016-10-02,8
2016-10-03,21
2016-10-04,14
2016-10-05,0
2016-10-06,0
2016-10-07,14
2016-10-08,0
2016-10-09,8
2016-10-10,7
2016-10-11,14
2016-10-12,14
2016-10-13,14
2016-10-14,0
2016-10-15,0
2016-10-16,17
2016-10-17,28
2016-10-18,0
2016-10-19,0
2016-10-20,14
2016-10-21,7
2016-10-22,0
2016-10-23,0
2016-10-24,7
2016-10-25,21
2016-10-26,14
2016-10-27,0
2016-10-28,22
2016-10-29,9
2016-10-30,8
2016-10-31,7
2016-11-01,29
2016-11-02,0
2016-11-03,13
2016-11-04,15
2016-11-05,0
2016-11-06,8
2016-11-07,0
2016-11-08,27
2016-11-09,28
2016-11-10,14
2016-11-11,7
2016-11-12,42
2016-11-13,16
2016-11-14,7
2016-11-15,7
2016-11-16,21
2016-11-17,21
2016-11-18,7
2016-11-19,0
2016-11-20,16
2016-11-21,21
2016-11-22,7
2016-11-23,0
2016-11-24,0
2016-11-25,0
2016-11-26,16
2016-11-27,8
2016-11-28,0
2016-11-29,6
2016-11-30,20
2016-12-01,20
2016-12-02,20
2016-12-03,8
2016-12-04,30
2016-12-05,24
2016-12-06,6
2016-12-07,40
2016-12-08,0
2016-12-09,0
2016-12-10,8
2016-12-11,0
2016-12-12,13
2016-12-13,7
2016-12-14,20
2016-12-15,13
2016-12-16,14
2016-12-17,25
2016-12-18,8
2016-12-19,14
2016-12-20,7
2016-12-21,22
2016-12-22,0
2016-12-23,0
2016-12-24,9
2016-12-25,9
2016-12-26,8
2016-12-27,0
2016-12-28,0
2016-12-29,0
2016-12-30,0
2016-12-31,0
2017-01-01,8
2017-01-02,7
2017-01-03,7
2017-01-04,14
2017-01-05,7
2017-01-06,0
2017-01-07,0
2017-01-08,16
2017-01-09,43
2017-01-10,14
2017-01-11,57
2017-01-12,29
2017-01-13,14
2017-01-14,17
2017-01-15,16
2017-01-16,30
2017-01-17,14
2017-01-18,43
2017-01-19,14
2017-01-20,14
2017-01-21,17
2017-01-22,0
2017-01-23,0
2017-01-24,0
2017-01-25,14
2017-01-26,0
2017-01-27,72
2017-01-28,34
2017-01-29,17
2017-01-30,41
2017-01-31,0
2017-02-01,13
2017-02-02,14
2017-02-03,29
2017-02-04,33
2017-02-05,65
2017-02-06,26
2017-02-07,27
2017-02-08,83
2017-02-09,27
2017-02-10,100
2017-02-11,34
2017-02-12,17
2017-02-13,40
2017-02-14,14
2017-02-15,42
2017-02-16,14
2017-02-17,14
2017-02-18,17
2017-02-19,17
2017-02-20,72
2017-02-21,27
2017-02-22,27
2017-02-23,0
2017-02-24,14
2017-02-25,16
2017-02-26,16
2017-02-27,51
2017-02-28,51
2017-03-01,26
2017-03-02,52
2017-03-03,14
2017-03-04,0
2017-03-05,16
2017-03-06,0
2017-03-07,38
2017-03-08,41
2017-03-09,27
2017-03-10,14
2017-03-11,16
2017-03-12,30
2017-03-13,26
2017-03-14,14
2017-03-15,14
2017-03-16,14
2017-03-17,0
2017-03-18,0
2017-03-19,16
2017-03-20,0
2017-03-21,41
2017-03-22,56
2017-03-23,28
2017-03-24,0
2017-03-25,0
2017-03-26,16
2017-03-27,41
2017-03-28,41
2017-03-29,42
2017-03-30,0
2017-03-31,14
2017-04-01,0
2017-04-02,17
2017-04-03,0
2017-04-04,14
2017-04-05,14
2017-04-06,0
2017-04-07,14
2017-04-08,34
2017-04-09,35
2017-04-10,28
2017-04-11,0
2017-04-12,42
2017-04-13,0
2017-04-14,0
2017-04-15,0
2017-04-16,18
2017-04-17,42
2017-04-18,27
2017-04-19,14
2017-04-20,28
2017-04-21,57
2017-04-22,17
2017-04-23,51
2017-04-24,0
2017-04-25,27
2017-04-26,54
2017-04-27,14
2017-04-28,28
2017-04-29,17
2017-04-30,50
2017-05-01,27
2017-05-02,54
2017-05-03,14
2017-05-04,69
2017-05-05,43
2017-05-06,0
2017-05-07,17
2017-05-08,28
2017-05-09,42
2017-05-10,28
2017-05-11,43
2017-05-12,15
2017-05-13,0
2017-05-14,0
2017-05-15,0
2017-05-16,0
2017-05-17,30
2017-05-18,30
2017-05-19,15
2017-05-20,0
2017-05-21,0
2017-05-22,44
2017-05-23,28
2017-05-24,45
2017-05-25,45
2017-05-26,48
2017-05-27,19
2017-05-28,38
2017-05-29,0
2017-05-30,0
2017-05-31,0
2017-06-01,30
2017-06-02,0
2017-06-03,18
2017-06-04,0
2017-06-05,0
2017-06-06,0
2017-06-07,15
2017-06-08,30
2017-06-09,0
2017-06-10,0
2017-06-11,46
2017-06-12,18
2017-06-13,18
2017-06-14,0
2017-06-15,19
2017-06-16,0
2017-06-17,0
2017-06-18,0
2017-06-19,37
2017-06-20,18
2017-06-21,0
2017-06-22,0
2017-06-23,0
2017-06-24,22
2017-06-25,22
2017-06-26,0
2017-06-27,19
2017-06-28,0
2017-06-29,20
2017-06-30,20
2017-07-01,0
2017-07-02,23
2017-07-03,41
2017-07-04,0
2017-07-05,20
2017-07-06,19
2017-07-07,20
2017-07-08,0
2017-07-09,45
2017-07-10,0
2017-07-11,19
2017-07-12,0
2017-07-13,19
2017-07-14,0
2017-07-15,0
2017-07-16,0
2017-07-17,0
2017-07-18,0
2017-07-19,57
2017-07-20,0
2017-07-21,59
2017-07-22,0
2017-07-23,22
2017-07-24,19
2017-07-25,0
2017-07-26,19
2017-07-27,19
2017-07-28,19
2017-07-29,0
2017-07-30,23
2017-07-31,19
2017-08-01,18
2017-08-02,17
2017-08-03,0
2017-08-04,38
2017-08-05,22
2017-08-06,0
2017-08-07,0
2017-08-08,0
2017-08-09,0
2017-08-10,19
2017-08-11,19
2017-08-12,0
2017-08-13,43
2017-08-14,37
2017-08-15,55
2017-08-16,18
2017-08-17,18
2017-08-18,0
2017-08-19,22
2017-08-20,21
2017-08-21,17
2017-08-22,0
2017-08-23,18
2017-08-24,0
2017-08-25,18
2017-08-26,0
2017-08-27,0
2017-08-28,18
2017-08-29,18
2017-08-30,35
2017-08-31,0
2017-09-01,18
2017-09-02,0
2017-09-03,0
2017-09-04,0
2017-09-05,0
2017-09-06,0
2017-09-07,34
2017-09-08,17
2017-09-09,20
2017-09-10,0
2017-09-11,17
2017-09-12,34
2017-09-13,35
2017-09-14,35
2017-09-15,18
2017-09-16,21
2017-09-17,20
2017-09-18,34
2017-09-19,0
2017-09-20,52
2017-09-21,0
2017-09-22,0
2017-09-23,0
2017-09-24,21
2017-09-25,17
2017-09-26,35
2017-09-27,87
2017-09-28,35
2017-09-29,35
2017-09-30,0
2017-10-01,83
2017-10-02,0
2017-10-03,0
2017-10-04,69
2017-10-05,17
2017-10-06,35
2017-10-07,0
2017-10-08,20
2017-10-09,51
2017-10-10,17
2017-10-11,17
2017-10-12,34
2017-10-13,18
2017-10-14,41
2017-10-15,0
2017-10-16,68
2017-10-17,17
2017-10-18,68
2017-10-19,35
2017-10-20,36
2017-10-21,21
2017-10-22,40
2017-10-23,0
2017-10-24,0
2017-10-25,85
2017-10-26,52
2017-10-27,71
2017-10-28,42
2017-10-29,0
2017-10-30,34
2017-10-31,35
2017-11-01,18
2017-11-02,33
2017-11-03,69
2017-11-04,20
2017-11-05,20
2017-11-06,100
2017-11-07,0
2017-11-08,17
2017-11-09,51
2017-11-10,18
2017-11-11,20
2017-11-12,0
2017-11-13,67
2017-11-14,67
2017-11-15,33
2017-11-16,34
2017-11-17,53
2017-11-18,20
2017-11-19,40
2017-11-20,51
2017-11-21,0
2017-11-22,38
2017-11-23,0
2017-11-24,0
2017-11-25,59
2017-11-26,20
2017-11-27,47
2017-11-28,49
2017-11-29,16
2017-11-30,34
2017-12-01,34
2017-12-02,61
2017-12-03,20
2017-12-04,84
2017-12-05,66
2017-12-06,67
2017-12-07,50
2017-12-08,34
2017-12-09,41
2017-12-10,61
2017-12-11,34
2017-12-12,84
2017-12-13,17
2017-12-14,34
2017-12-15,35
2017-12-16,63
2017-12-17,41
2017-12-18,52
2017-12-19,35
2017-12-20,36
2017-12-21,37
2017-12-22,0
2017-12-23,22
2017-12-24,22
2017-12-25,48
2017-12-26,20
2017-12-27,38
2017-12-28,0
2017-12-29,58
2017-12-30,0
2017-12-31,20
2018-01-01,0
2018-01-02,18
2018-01-03,17
2018-01-04,17
2018-01-05,53
2018-01-06,20
2018-01-07,19
2018-01-08,33
2018-01-09,58
2018-01-10,0
2018-01-11,20
2018-01-12,20
2018-01-13,46
2018-01-14,46
2018-01-15,41
2018-01-16,39
2018-01-17,58
2018-01-18,59
2018-01-19,61
2018-01-20,23
2018-01-21,46
2018-01-22,57
2018-01-23,0
2018-01-24,97
2018-01-25,59
2018-01-26,20
2018-01-27,47
2018-01-28,23
2018-01-29,0
2018-01-30,77
2018-01-31,19
2018-02-01,77
2018-02-02,20
2018-02-03,46
2018-02-04,22
2018-02-05,38
2018-02-06,38
2018-02-07,19
2018-02-08,19
2018-02-09,40
2018-02-10,0
2018-02-11,0
2018-02-12,76
2018-02-13,19
2018-02-14,58
2018-02-15,20
2018-02-16,40
2018-02-17,0
2018-02-18,0
2018-02-19,40
2018-02-20,19
2018-02-21,19
2018-02-22,38
2018-02-23,20
2018-02-24,45
2018-02-25,0
2018-02-26,19
2018-02-27,38
2018-02-28,58
2018-03-01,18
2018-03-02,58
2018-03-03,46
2018-03-04,23
2018-03-05,0
2018-03-06,38
2018-03-07,38
2018-03-08,0
2018-03-09,20
2018-03-10,23
2018-03-11,23
2018-03-12,20
2018-03-13,19
2018-03-14,0
2018-03-15,19
2018-03-16,0
2018-03-17,23
2018-03-18,23
2018-03-19,39
2018-03-20,58
2018-03-21,38
2018-03-22,19
2018-03-23,20
2018-03-24,0
2018-03-25,0
2018-03-26,40
2018-03-27,20
2018-03-28,100
2018-03-29,20
2018-03-30,65
2018-03-31,71
2018-04-01,0
2018-04-02,20
2018-04-03,58
2018-04-04,20
2018-04-05,20
2018-04-06,20
2018-04-07,46
2018-04-08,0
2018-04-09,78
2018-04-10,58
2018-04-11,39
2018-04-12,39
2018-04-13,0
2018-04-14,23
2018-04-15,23
2018-04-16,93
2018-04-17,38
2018-04-18,59
2018-04-19,0
2018-04-20,20
2018-04-21,0
2018-04-22,0
2018-04-23,0
2018-04-24,57
2018-04-25,19
2018-04-26,77
2018-04-27,20
2018-04-28,24
2018-04-29,0
2018-04-30,58
2018-05-01,58
2018-05-02,78
2018-05-03,59
2018-05-04,20
2018-05-05,95
2018-05-06,0
2018-05-07,39
2018-05-08,0
2018-05-09,39
2018-05-10,79
2018-05-11,20
2018-05-12,0
2018-05-13,25
2018-05-14,40
2018-05-15,20
2018-05-16,39
2018-05-17,40
2018-05-18,20
2018-05-19,0
2018-05-20,0
2018-05-21,20
2018-05-22,20
2018-05-23,20
2018-05-24,42
2018-05-25,21
2018-05-26,0
2018-05-27,0
2018-05-28,47
2018-05-29,60
2018-05-30,20
2018-05-31,41
2018-06-01,0
2018-06-02,25
2018-06-03,49
2018-06-04,20
2018-06-05,0
2018-06-06,21
2018-06-07,0
2018-06-08,84
2018-06-09,7
2018-06-10,0
2018-06-11,18
2018-06-12,6
2018-06-13,6
2018-06-14,0
2018-06-15,26
2018-06-16,0
2018-06-17,0
2018-06-18,6
2018-06-19,19
2018-06-20,6
2018-06-21,6
2018-06-22,7
2018-06-23,15
2018-06-24,7
2018-06-25,0
2018-06-26,19
2018-06-27,6
2018-06-28,6
2018-06-29,26
2018-06-30,0
2018-07-01,7
2018-07-02,6
2018-07-03,13
2018-07-04,0
2018-07-05,0
2018-07-06,0
2018-07-07,0
2018-07-08,0
2018-07-09,0
2018-07-10,12
2018-07-11,24
2018-07-12,26
2018-07-13,7
2018-07-14,30
2018-07-15,15
2018-07-16,6
2018-07-17,6
2018-07-18,0
2018-07-19,0
2018-07-20,7
2018-07-21,7
2018-07-22,15
2018-07-23,6
2018-07-24,6
2018-07-25,6
2018-07-26,6
2018-07-27,100
2018-07-28,7
2018-07-29,0
2018-07-30,39
2018-07-31,6
2018-08-01,6
2018-08-02,12
2018-08-03,13
2018-08-04,7
2018-08-05,0
2018-08-06,0
2018-08-07,19
2018-08-08,6
2018-08-09,6
2018-08-10,0
2018-08-11,0
2018-08-12,15
2018-08-13,13
2018-08-14,13
2018-08-15,7
2018-08-16,19
2018-08-17,0
2018-08-18,0
2018-08-19,15
2018-08-20,6
2018-08-21,19
2018-08-22,13
2018-08-23,0
2018-08-24,13
2018-08-25,0
2018-08-26,0
2018-08-27,13
2018-08-28,25
2018-08-29,6
2018-08-30,19
2018-08-31,13
2018-09-01,0
2018-09-02,0
2018-09-03,28
2018-09-04,6
2018-09-05,6
2018-09-06,6
2018-09-07,12
2018-09-08,7
2018-09-09,7
2018-09-10,6
2018-09-11,12
2018-09-12,6
2018-09-13,6
2018-09-14,31
2018-09-15,15
2018-09-16,7
2018-09-17,6
2018-09-18,24
2018-09-19,6
2018-09-20,6
2018-09-21,6
2018-09-22,0
2018-09-23,0
2018-09-24,12
2018-09-25,6
2018-09-26,18
2018-09-27,0
2018-09-28,0
2018-09-29,7
2018-09-30,29
2018-10-01,12
2018-10-02,0
2018-10-03,18
2018-10-04,6
2018-10-05,6
2018-10-06,7
2018-10-07,7
2018-10-08,12
2018-10-09,0
2018-10-10,18
2018-10-11,12
2018-10-12,0
2018-10-13,0
2018-10-14,15
2018-10-15,6
2018-10-16,19
2018-10-17,43
2018-10-18,13
2018-10-19,19
2018-10-20,7
2018-10-21,7
2018-10-22,18
2018-10-23,12
2018-10-24,18
2018-10-25,19
2018-10-26,13
2018-10-27,7
2018-10-28,0
2018-10-29,6
2018-10-30,12
2018-10-31,6
2018-11-01,19
2018-11-02,13
2018-11-03,15
2018-11-04,7
2018-11-05,11
2018-11-06,12
2018-11-07,16
2018-11-08,0
2018-11-09,12
2018-11-10,0
2018-11-11,0
2018-11-12,12
2018-11-13,12
2018-11-14,6
2018-11-15,6
2018-11-16,13
2018-11-17,0
2018-11-18,15
2018-11-19,6
2018-11-20,0
2018-11-21,0
2018-11-22,7
2018-11-23,0
2018-11-24,0
2018-11-25,7
2018-11-26,17
2018-11-27,6
2018-11-28,30
2018-11-29,6
2018-11-30,12
2018-12-01,0
2018-12-02,7
2018-12-03,12
2018-12-04,24
2018-12-05,30
2018-12-06,18
2018-12-07,12
2018-12-08,0
2018-12-09,7
2018-12-10,12
2018-12-11,12
2018-12-12,6
2018-12-13,12
2018-12-14,6
2018-12-15,7
2018-12-16,15
2018-12-17,11
2018-12-18,24
2018-12-19,13
2018-12-20,0
2018-12-21,27
2018-12-22,0
2018-12-23,0
2018-12-24,0
2018-12-25,8
2018-12-26,7
2018-12-27,7
2018-12-28,0
2018-12-29,0
2018-12-30,7
2018-12-31,7
2019-01-01,0
2019-01-02,19
2019-01-03,25
2019-01-04,19
2019-01-05,7
2019-01-06,7
2019-01-07,6
2019-01-08,6
2019-01-09,34
2019-01-10,34
2019-01-11,0
2019-01-12,0
2019-01-13,20
2019-01-14,33
2019-01-15,17
2019-01-16,34
2019-01-17,33
2019-01-18,68
2019-01-19,0
2019-01-20,19
2019-01-21,17
2019-01-22,33
2019-01-23,17
2019-01-24,17
2019-01-25,35
2019-01-26,20
2019-01-27,40
2019-01-28,50
2019-01-29,49
2019-01-30,16
2019-01-31,68
2019-02-01,33
2019-02-02,59
2019-02-03,0
2019-02-04,0
2019-02-05,49
2019-02-06,33
2019-02-07,65
2019-02-08,67
2019-02-09,20
2019-02-10,39
2019-02-11,48
2019-02-12,32
2019-02-13,33
2019-02-14,49
2019-02-15,35
2019-02-16,39
2019-02-17,78
2019-02-18,17
2019-02-19,33
2019-02-20,33
2019-02-21,65
2019-02-22,33
2019-02-23,0
2019-02-24,79
2019-02-25,48
2019-02-26,65
2019-02-27,64
2019-02-28,16
2019-03-01,67
2019-03-02,20
2019-03-03,19
2019-03-04,33
2019-03-05,83
2019-03-06,48
2019-03-07,50
2019-03-08,35
2019-03-09,0
2019-03-10,40
2019-03-11,51
2019-03-12,0
2019-03-13,17
2019-03-14,17
2019-03-15,17
2019-03-16,0
2019-03-17,0
2019-03-18,52
2019-03-19,17
2019-03-20,17
2019-03-21,34
2019-03-22,53
2019-03-23,0
2019-03-24,0
2019-03-25,52
2019-03-26,0
2019-03-27,53
2019-03-28,34
2019-03-29,35
2019-03-30,61
2019-03-31,0
2019-04-01,0
2019-04-02,67
2019-04-03,34
2019-04-04,0
2019-04-05,0
2019-04-06,0
2019-04-07,0
2019-04-08,17
2019-04-09,34
2019-04-10,0
2019-04-11,50
2019-04-12,71
2019-04-13,0
2019-04-14,81
2019-04-15,34
2019-04-16,34
2019-04-17,0
2019-04-18,0
2019-04-19,37
2019-04-20,42
2019-04-21,0
2019-04-22,36
2019-04-23,18
2019-04-24,87
2019-04-25,0
2019-04-26,34
2019-04-27,0
2019-04-28,0
2019-04-29,0
2019-04-30,100
2019-05-01,67
2019-05-02,17
2019-05-03,35
2019-05-04,0
2019-05-05,41
2019-05-06,17
2019-05-07,51
2019-05-08,34
2019-05-09,34
2019-05-10,53
2019-05-11,21
2019-05-12,0
2019-05-13,17
2019-05-14,35
2019-05-15,34
2019-05-16,17
2019-05-17,0
2019-05-18,42
2019-05-19,63
2019-05-20,35
2019-05-21,35
2019-05-22,52
2019-05-23,35
2019-05-24,0
2019-05-25,0
2019-05-26,22
2019-05-27,0
2019-05-28,70
2019-05-29,0
2019-05-30,51
2019-05-31,71
2019-06-01,21
2019-06-02,0
2019-06-03,0
2019-06-04,34
2019-06-05,35
2019-06-06,35
2019-06-07,71
2019-06-08,21
2019-06-09,18
2019-06-10,15
2019-06-11,0
2019-06-12,31
2019-06-13,31
2019-06-14,31
2019-06-15,36
2019-06-16,0
2019-06-17,31
2019-06-18,0
2019-06-19,30
2019-06-20,30
2019-06-21,0
2019-06-22,37
2019-06-23,18
2019-06-24,16
2019-06-25,0
2019-06-26,31
2019-06-27,31
2019-06-28,33
2019-06-29,18
2019-06-30,0
2019-07-01,31
2019-07-02,16
2019-07-03,0
2019-07-04,18
2019-07-05,35
2019-07-06,0
2019-07-07,0
2019-07-08,15
2019-07-09,16
2019-07-10,0
2019-07-11,0
2019-07-12,31
2019-07-13,18
2019-07-14,18
2019-07-15,46
2019-07-16,0
2019-07-17,0
2019-07-18,0
2019-07-19,16
2019-07-20,18
2019-07-21,0
2019-07-22,16
2019-07-23,0
2019-07-24,0
2019-07-25,16
2019-07-26,100
2019-07-27,19
2019-07-28,0
2019-07-29,16
2019-07-30,0
2019-07-31,32
2019-08-01,31
2019-08-02,0
2019-08-03,0
2019-08-04,0
2019-08-05,16
2019-08-06,0
2019-08-07,16
2019-08-08,31
2019-08-09,0
2019-08-10,0
2019-08-11,18
2019-08-12,0
2019-08-13,30
2019-08-14,29
2019-08-15,45
2019-08-16,0
2019-08-17,18
2019-08-18,35
2019-08-19,0
2019-08-20,15
2019-08-21,15
2019-08-22,15
2019-08-23,15
2019-08-24,0
2019-08-25,52
2019-08-26,44
2019-08-27,15
2019-08-28,44
2019-08-29,58
2019-08-30,14
2019-08-31,17
2019-09-01,17
2019-09-02,31
2019-09-03,14
2019-09-04,14
2019-09-05,55
2019-09-06,41
2019-09-07,49
2019-09-08,16
2019-09-09,14
2019-09-10,83
2019-09-11,42
2019-09-12,28
2019-09-13,14
2019-09-14,17
2019-09-15,16
2019-09-16,68
2019-09-17,0
2019-09-18,69
2019-09-19,70
2019-09-20,28
2019-09-21,16
2019-09-22,16
2019-09-23,41
2019-09-24,0
2019-09-25,56
2019-09-26,57
2019-09-27,14
2019-09-28,17
2019-09-29,17
2019-09-30,14
2019-10-01,70
2019-10-02,27
2019-10-03,0
2019-10-04,14
2019-10-05,0
2019-10-06,33
2019-10-07,28
2019-10-08,28
2019-10-09,14
2019-10-10,56
2019-10-11,14
2019-10-12,34
2019-10-13,16
2019-10-14,0
2019-10-15,14
2019-10-16,14
2019-10-17,42
2019-10-18,28
2019-10-19,0
2019-10-20,0
2019-10-21,27
2019-10-22,27
2019-10-23,27
2019-10-24,0
2019-10-25,43
2019-10-26,33
2019-10-27,16
2019-10-28,27
2019-10-29,42
2019-10-30,41
2019-10-31,28
2019-11-01,0
2019-11-02,17
2019-11-03,0
2019-11-04,41
2019-11-05,55
2019-11-06,41
2019-11-07,14
2019-11-08,27
2019-11-09,16
2019-11-10,32
2019-11-11,0
2019-11-12,53
2019-11-13,0
2019-11-14,14
2019-11-15,14
2019-11-16,0
2019-11-17,16
2019-11-18,54
2019-11-19,14
2019-11-20,42
2019-11-21,27
2019-11-22,28
2019-11-23,16
2019-11-24,0
2019-11-25,14
2019-11-26,29
2019-11-27,0
2019-11-28,0
2019-11-29,15
2019-11-30,16
2019-12-01,15
2019-12-02,0
2019-12-03,39
2019-12-04,14
2019-12-05,28
2019-12-06,41
2019-12-07,33
2019-12-08,0
2019-12-09,28
2019-12-10,14
2019-12-11,14
2019-12-12,55
2019-12-13,14
2019-12-14,0
2019-12-15,0
2019-12-16,0
2019-12-17,27
2019-12-18,0
2019-12-19,14
2019-12-20,45
2019-12-21,0
2019-12-22,0
2019-12-23,0
2019-12-24,33
2019-12-25,18
2019-12-26,16
2019-12-27,31
2019-12-28,0
2019-12-29,0
2019-12-30,0
2019-12-31,0
2020-01-01,17
2020-01-02,15
2020-01-03,28
2020-01-04,0
2020-01-05,46
2020-01-06,0
2020-01-07,0
2020-01-08,28
2020-01-09,15
2020-01-10,0
2020-01-11,17
2020-01-12,17
2020-01-13,0
2020-01-14,66
2020-01-15,14
2020-01-16,44
2020-01-17,30
2020-01-18,0
2020-01-19,0
2020-01-20,16
2020-01-21,15
2020-01-22,30
2020-01-23,15
2020-01-24,15
2020-01-25,17
2020-01-26,0
2020-01-27,28
2020-01-28,0
2020-01-29,59
2020-01-30,46
2020-01-31,15
2020-02-01,0
2020-02-02,34
2020-02-03,0
2020-02-04,29
2020-02-05,44
2020-02-06,15
2020-02-07,15
2020-02-08,0
2020-02-09,0
2020-02-10,14
2020-02-11,14
2020-02-12,43
2020-02-13,44
2020-02-14,31
2020-02-15,86
2020-02-16,17
2020-02-17,46
2020-02-18,14
2020-02-19,14
2020-02-20,43
2020-02-21,29
2020-02-22,0
2020-02-23,34
2020-02-24,14
2020-02-25,28
2020-02-26,55
2020-02-27,42
2020-02-28,29
2020-02-29,49
2020-03-01,50
2020-03-02,28
2020-03-03,14
2020-03-04,14
2020-03-05,28
2020-03-06,0
2020-03-07,17
2020-03-08,0
2020-03-09,70
2020-03-10,0
2020-03-11,0
2020-03-12,13
2020-03-13,0
2020-03-14,0
2020-03-15,16
2020-03-16,0
2020-03-17,41
2020-03-18,56
2020-03-19,56
2020-03-20,41
2020-03-21,47
2020-03-22,31
2020-03-23,52
2020-03-24,41
2020-03-25,14
2020-03-26,28
2020-03-27,53
2020-03-28,15
2020-03-29,92
2020-03-30,53
2020-03-31,13
2020-04-01,13
2020-04-02,26
2020-04-03,0
2020-04-04,45
2020-04-05,31
2020-04-06,26
2020-04-07,27
2020-04-08,40
2020-04-09,40
2020-04-10,27
2020-04-11,30
2020-04-12,15
2020-04-13,26
2020-04-14,13
2020-04-15,25
2020-04-16,0
2020-04-17,51
2020-04-18,15
2020-04-19,0
2020-04-20,13
2020-04-21,90
2020-04-22,13
2020-04-23,0
2020-04-24,25
2020-04-25,15
2020-04-26,88
2020-04-27,91
2020-04-28,66
2020-04-29,64
2020-04-30,100
2020-05-01,65
2020-05-02,15
2020-05-03,0
2020-05-04,13
2020-05-05,24
2020-05-06,79
2020-05-07,39
2020-05-08,26
2020-05-09,15
2020-05-10,0
2020-05-11,66
2020-05-12,26
2020-05-13,66
2020-05-14,26
2020-05-15,27
2020-05-16,15
2020-05-17,31
2020-05-18,13
2020-05-19,13
2020-05-20,13
2020-05-21,27
2020-05-22,0
2020-05-23,16
2020-05-24,32
2020-05-25,31
2020-05-26,0
2020-05-27,0
2020-05-28,13
2020-05-29,14
2020-05-30,0
2020-05-31,31
2020-06-01,27
2020-06-02,13
2020-06-03,52
2020-06-04,26
2020-06-05,27
2020-06-06,0
2020-06-07,16
2020-06-08,39
2020-06-09,15
2020-06-10,8
2020-06-11,0
2020-06-12,8
2020-06-13,18
2020-06-14,9
2020-06-15,0
2020-06-16,8
2020-06-17,16
2020-06-18,8
2020-06-19,0
2020-06-20,9
2020-06-21,0
2020-06-22,8
2020-06-23,16
2020-06-24,0
2020-06-25,8
2020-06-26,17
2020-06-27,9
2020-06-28,0
2020-06-29,24
2020-06-30,17
2020-07-01,17
2020-07-02,33
2020-07-03,18
2020-07-04,0
2020-07-05,20
2020-07-06,0
2020-07-07,0
2020-07-08,25
2020-07-09,25
2020-07-10,17
2020-07-11,9
2020-07-12,28
2020-07-13,0
2020-07-14,16
2020-07-15,0
2020-07-16,0
2020-07-17,8
2020-07-18,0
2020-07-19,0
2020-07-20,17
2020-07-21,8
2020-07-22,33
2020-07-23,25
2020-07-24,17
2020-07-25,19
2020-07-26,29
2020-07-27,8
2020-07-28,0
2020-07-29,17
2020-07-30,100
2020-07-31,26
2020-08-01,0
2020-08-02,47
2020-08-03,0
2020-08-04,16
2020-08-05,0
2020-08-06,17
2020-08-07,43
2020-08-08,9
2020-08-09,10
2020-08-10,0
2020-08-11,0
2020-08-12,8
2020-08-13,16
2020-08-14,8
2020-08-15,19
2020-08-16,0
2020-08-17,16
2020-08-18,16
2020-08-19,24
2020-08-20,24
2020-08-21,0
2020-08-22,0
2020-08-23,9
2020-08-24,8
2020-08-25,8
2020-08-26,16
2020-08-27,15
2020-08-28,16
2020-08-29,18
2020-08-30,9
2020-08-31,16
2020-09-01,31
2020-09-02,8
2020-09-03,45
2020-09-04,0
2020-09-05,10
2020-09-06,9
2020-09-07,9
2020-09-08,22
2020-09-09,30
2020-09-10,0
2020-09-11,16
2020-09-12,0
2020-09-13,9
2020-09-14,7
2020-09-15,8
2020-09-16,8
2020-09-17,0
2020-09-18,8
2020-09-19,0
2020-09-20,19
2020-09-21,15
2020-09-22,7
2020-09-23,15
2020-09-24,30
2020-09-25,0
2020-09-26,10
2020-09-27,0
2020-09-28,8
2020-09-29,0
2020-09-30,0
2020-10-01,25
2020-10-02,17
2020-10-03,20
2020-10-04,0
2020-10-05,41
2020-10-06,17
2020-10-07,41
2020-10-08,8
2020-10-09,10
2020-10-10,11
2020-10-11,0
2020-10-12,0
2020-10-13,28
2020-10-14,9
2020-10-15,46
2020-10-16,10
2020-10-17,11
2020-10-18,21
2020-10-19,9
2020-10-20,9
2020-10-21,0
2020-10-22,0
2020-10-23,9
2020-10-24,11
2020-10-25,0
2020-10-26,19
2020-10-27,19
2020-10-28,37
2020-10-29,37
2020-10-30,39
2020-10-31,11
2020-11-01,0
2020-11-02,9
2020-11-03,18
2020-11-04,6
2020-11-05,20
2020-11-06,8
2020-11-07,27
2020-11-08,29
2020-11-09,54
2020-11-10,36
2020-11-11,0
2020-11-12,9
2020-11-13,18
2020-11-14,10
2020-11-15,0
2020-11-16,18
2020-11-17,9
2020-11-18,0
2020-11-19,0
2020-11-20,9
2020-11-21,10
2020-11-22,20
2020-11-23,19
2020-11-24,10
2020-11-25,10
2020-11-26,0
2020-11-27,0
2020-11-28,0
2020-11-29,0
2020-11-30,9
2020-12-01,18
2020-12-02,0
2020-12-03,27
2020-12-04,0
2020-12-05,20
2020-12-06,10
2020-12-07,36
2020-12-08,45
2020-12-09,28
2020-12-10,0
2020-12-11,46
2020-12-12,20
2020-12-13,10
2020-12-14,0
2020-12-15,9
2020-12-16,18
2020-12-17,18
2020-12-18,0
2020-12-19,0
2020-12-20,0
2020-12-21,0
2020-12-22,10
2020-12-23,0
2020-12-24,10
2020-12-25,34
2020-12-26,0
2020-12-27,0
2020-12-28,0
2020-12-29,10
2020-12-30,0
2020-12-31,9
2021-01-01,0
2021-01-02,0
2021-01-03,10
2021-01-04,0
2021-01-05,9
2021-01-06,0
2021-01-07,9
2021-01-08,17
2021-01-09,15
2021-01-10,31
2021-01-11,41
2021-01-12,42
2021-01-13,0
2021-01-14,14
2021-01-15,28
2021-01-16,31
2021-01-17,31
2021-01-18,0
2021-01-19,0
2021-01-20,0
2021-01-21,57
2021-01-22,28
2021-01-23,47
2021-01-24,15
2021-01-25,14
2021-01-26,56
2021-01-27,28
2021-01-28,14
2021-01-29,14
2021-01-30,32
2021-01-31,16
2021-02-01,42
2021-02-02,14
2021-02-03,57
2021-02-04,29
2021-02-05,0
2021-02-06,63
2021-02-07,46
2021-02-08,14
2021-02-09,15
2021-02-10,0
2021-02-11,0
2021-02-12,29
2021-02-13,32
2021-02-14,16
2021-02-15,30
2021-02-16,30
2021-02-17,58
2021-02-18,14
2021-02-19,29
2021-02-20,0
2021-02-21,49
2021-02-22,42
2021-02-23,0
2021-02-24,14
2021-02-25,43
2021-02-26,29
2021-02-27,33
2021-02-28,32
2021-03-01,0
2021-03-02,14
2021-03-03,0
2021-03-04,29
2021-03-05,15
2021-03-06,0
2021-03-07,0
2021-03-08,0
2021-03-09,15
2021-03-10,100
2021-03-11,14
2021-03-12,58
2021-03-13,31
2021-03-14,31
2021-03-15,23
2021-03-16,25
2021-03-17,14
2021-03-18,57
2021-03-19,0
2021-03-20,16
2021-03-21,16
2021-03-22,14
2021-03-23,28
2021-03-24,14
2021-03-25,43
2021-03-26,29
2021-03-27,0
2021-03-28,16
2021-03-29,58
2021-03-30,44
2021-03-31,42
2021-04-01,15
2021-04-02,0
2021-04-03,0
2021-04-04,35
2021-04-05,45
2021-04-06,43
2021-04-07,14
2021-04-08,57
2021-04-09,0
2021-04-10,0
2021-04-11,32
2021-04-12,14
2021-04-13,15
2021-04-14,0
2021-04-15,0
2021-04-16,44
2021-04-17,0
2021-04-18,16
2021-04-19,14
2021-04-20,14
2021-04-21,14
2021-04-22,73
2021-04-23,30
2021-04-24,17
2021-04-25,0
2021-04-26,29
2021-04-27,29
2021-04-28,0
2021-04-29,14
2021-04-30,28
2021-05-01,33
2021-05-02,17
2021-05-03,14
2021-05-04,14
2021-05-05,14
2021-05-06,29
2021-05-07,45
2021-05-08,16
2021-05-09,17
2021-05-10,15
2021-05-11,15
2021-05-12,14
2021-05-13,15
2021-05-14,60
2021-05-15,0
2021-05-16,0
2021-05-17,14
2021-05-18,15
2021-05-19,43
2021-05-20,0
2021-05-21,0
2021-05-22,0
2021-05-23,17
2021-05-24,15
2021-05-25,0
2021-05-26,15
2021-05-27,0
2021-05-28,15
2021-05-29,17
2021-05-30,0
2021-05-31,0
2021-06-01,15
2021-06-02,14
2021-06-03,0
2021-06-04,0
2021-06-05,17
2021-06-06,17
2021-06-07,0
2021-06-08,0
2021-06-09,29
2021-06-10,23
2021-06-11,46
2021-06-12,0
2021-06-13,0
2021-06-14,44
2021-06-15,0
2021-06-16,0
2021-06-17,46
2021-06-18,47
2021-06-19,0
2021-06-20,26
2021-06-21,23
2021-06-22,0
2021-06-23,23
2021-06-24,23
2021-06-25,70
2021-06-26,26
2021-06-27,0
2021-06-28,0
2021-06-29,23
2021-06-30,22
2021-07-01,0
2021-07-02,23
2021-07-03,0
2021-07-04,27
2021-07-05,77
2021-07-06,0
2021-07-07,0
2021-07-08,23
2021-07-09,47
2021-07-10,26
2021-07-11,0
2021-07-12,23
2021-07-13,45
2021-07-14,22
2021-07-15,45
2021-07-16,0
2021-07-17,0
2021-07-18,0
2021-07-19,23
2021-07-20,0
2021-07-21,45
2021-07-22,46
2021-07-23,0
2021-07-24,0
2021-07-25,26
2021-07-26,0
2021-07-27,0
2021-07-28,45
2021-07-29,22
2021-07-30,23
2021-07-31,25
2021-08-01,49
2021-08-02,46
2021-08-03,0
2021-08-04,46
2021-08-05,23
2021-08-06,24
2021-08-07,0
2021-08-08,0
2021-08-09,23
2021-08-10,0
2021-08-11,0
2021-08-12,23
2021-08-13,24
2021-08-14,26
2021-08-15,0
2021-08-16,23
2021-08-17,0
2021-08-18,23
2021-08-19,0
2021-08-20,23
2021-08-21,0
2021-08-22,25
2021-08-23,23
2021-08-24,100
2021-08-25,0
2021-08-26,47
2021-08-27,23
2021-08-28,0
2021-08-29,0
2021-08-30,0
2021-08-31,0
2021-09-01,0
2021-09-02,24
2021-09-03,0
2021-09-04,0
2021-09-05,82
2021-09-06,0
2021-09-07,48
2021-09-08,23
2021-09-09,0
2021-09-10,0
2021-09-11,0
2021-09-12,0
2021-09-13,48
2021-09-14,23
2021-09-15,0
2021-09-16,95
2021-09-17,24
2021-09-18,27
2021-09-19,0
2021-09-20,47
2021-09-21,24
2021-09-22,46
2021-09-23,72
2021-09-24,24
2021-09-25,0
2021-09-26,79
2021-09-27,47
2021-09-28,47
2021-09-29,23
2021-09-30,48
2021-10-01,24
2021-10-02,0
2021-10-03,76
2021-10-04,23
2021-10-05,24
2021-10-06,23
