Daily,inflation
1/1/04,0
1/2/04,43
1/3/04,0
1/4/04,53
1/5/04,0
1/6/04,0
1/7/04,32
1/8/04,31
1/9/04,0
1/10/04,51
1/11/04,52
1/12/04,0
1/13/04,30
1/14/04,30
1/15/04,0
1/16/04,32
1/17/04,0
1/18/04,0
1/19/04,0
1/20/04,0
1/21/04,30
1/22/04,0
1/23/04,62
1/24/04,0
1/25/04,0
1/26/04,0
1/27/04,0
1/28/04,0
1/29/04,30
1/30/04,0
1/31/04,0
2/1/04,0
2/2/04,28
2/3/04,27
2/4/04,0
2/5/04,0
2/6/04,0
2/7/04,0
2/8/04,0
2/9/04,57
2/10/04,0
2/11/04,0
2/12/04,29
2/13/04,0
2/14/04,0
2/15/04,0
2/16/04,0
2/17/04,0
2/18/04,0
2/19/04,0
2/20/04,0
2/21/04,0
2/22/04,46
2/23/04,28
2/24/04,0
2/25/04,0
2/26/04,28
2/27/04,0
2/28/04,0
2/29/04,0
3/1/04,0
3/2/04,27
3/3/04,0
3/4/04,0
3/5/04,0
3/6/04,0
3/7/04,0
3/8/04,0
3/9/04,0
3/10/04,39
3/11/04,0
3/12/04,0
3/13/04,0
3/14/04,0
3/15/04,0
3/16/04,55
3/17/04,56
3/18/04,29
3/19/04,0
3/20/04,0
3/21/04,0
3/22/04,0
3/23/04,0
3/24/04,39
3/25/04,0
3/26/04,0
3/27/04,0
3/28/04,0
3/29/04,0
3/30/04,0
3/31/04,0
4/1/04,0
4/2/04,0
4/3/04,0
4/4/04,0
4/5/04,0
4/6/04,28
4/7/04,0
4/8/04,0
4/9/04,0
4/10/04,0
4/11/04,0
4/12/04,0
4/13/04,0
4/14/04,0
4/15/04,0
4/16/04,0
4/17/04,100
4/18/04,0
4/19/04,0
4/20/04,0
4/21/04,26
4/22/04,54
4/23/04,0
4/24/04,0
4/25/04,46
4/26/04,52
4/27/04,26
4/28/04,26
4/29/04,0
4/30/04,29
5/1/04,0
5/2/04,45
5/3/04,0
5/4/04,53
5/5/04,27
5/6/04,27
5/7/04,0
5/8/04,0
5/9/04,0
5/10/04,0
5/11/04,52
5/12/04,26
5/13/04,0
5/14/04,0
5/15/04,0
5/16/04,0
5/17/04,0
5/18/04,0
5/19/04,27
5/20/04,0
5/21/04,0
5/22/04,0
5/23/04,0
5/24/04,0
5/25/04,0
5/26/04,27
5/27/04,0
5/28/04,0
5/29/04,0
5/30/04,0
5/31/04,0
6/1/04,55
6/2/04,0
6/3/04,0
6/4/04,0
6/5/04,0
6/6/04,0
6/7/04,0
6/8/04,55
6/9/04,29
6/10/04,0
6/11/04,0
6/12/04,0
6/13/04,53
6/14/04,0
6/15/04,58
6/16/04,0
6/17/04,0
6/18/04,0
6/19/04,0
6/20/04,0
6/21/04,30
6/22/04,0
6/23/04,0
6/24/04,0
6/25/04,0
6/26/04,0
6/27/04,0
6/28/04,0
6/29/04,29
6/30/04,0
7/1/04,0
7/2/04,0
7/3/04,0
7/4/04,0
7/5/04,49
7/6/04,0
7/7/04,0
7/8/04,0
7/9/04,0
7/10/04,0
7/11/04,52
7/12/04,29
7/13/04,0
7/14/04,0
7/15/04,0
7/16/04,0
7/17/04,51
7/18/04,0
7/19/04,0
7/20/04,0
7/21/04,0
7/22/04,0
7/23/04,0
7/24/04,0
7/25/04,0
7/26/04,30
7/27/04,0
7/28/04,0
7/29/04,0
7/30/04,0
7/31/04,0
8/1/04,100
8/2/04,0
8/3/04,0
8/4/04,28
8/5/04,0
8/6/04,31
8/7/04,0
8/8/04,51
8/9/04,0
8/10/04,28
8/11/04,0
8/12/04,0
8/13/04,31
8/14/04,0
8/15/04,0
8/16/04,0
8/17/04,57
8/18/04,0
8/19/04,29
8/20/04,90
8/21/04,0
8/22/04,0
8/23/04,0
8/24/04,0
8/25/04,55
8/26/04,28
8/27/04,0
8/28/04,0
8/29/04,0
8/30/04,27
8/31/04,0
9/1/04,0
9/2/04,0
9/3/04,0
9/4/04,48
9/5/04,0
9/6/04,0
9/7/04,0
9/8/04,0
9/9/04,0
9/10/04,0
9/11/04,43
9/12/04,0
9/13/04,25
9/14/04,25
9/15/04,26
9/16/04,0
9/17/04,27
9/18/04,0
9/19/04,0
9/20/04,0
9/21/04,25
9/22/04,0
9/23/04,0
9/24/04,27
9/25/04,0
9/26/04,0
9/27/04,49
9/28/04,0
9/29/04,0
9/30/04,25
10/1/04,28
10/2/04,43
10/3/04,0
10/4/04,0
10/5/04,24
10/6/04,0
10/7/04,0
10/8/04,28
10/9/04,0
10/10/04,43
10/11/04,26
10/12/04,0
10/13/04,65
10/14/04,0
10/15/04,0
10/16/04,44
10/17/04,42
10/18/04,24
10/19/04,0
10/20/04,0
10/21/04,0
10/22/04,27
10/23/04,42
10/24/04,41
10/25/04,24
10/26/04,23
10/27/04,24
10/28/04,25
10/29/04,0
10/30/04,62
10/31/04,0
11/1/04,0
11/2/04,0
11/3/04,23
11/4/04,0
11/5/04,0
11/6/04,0
11/7/04,0
11/8/04,0
11/9/04,0
11/10/04,32
11/11/04,0
11/12/04,51
11/13/04,0
11/14/04,0
11/15/04,0
11/16/04,23
11/17/04,0
11/18/04,0
11/19/04,0
11/20/04,0
11/21/04,78
11/22/04,0
11/23/04,0
11/24/04,0
11/25/04,0
11/26/04,0
11/27/04,0
11/28/04,39
11/29/04,67
11/30/04,22
12/1/04,0
12/2/04,0
12/3/04,72
12/4/04,0
12/5/04,76
12/6/04,0
12/7/04,43
12/8/04,22
12/9/04,22
12/10/04,24
12/11/04,0
12/12/04,0
12/13/04,0
12/14/04,22
12/15/04,0
12/16/04,0
12/17/04,26
12/18/04,0
12/19/04,0
12/20/04,0
12/21/04,0
12/22/04,56
12/23/04,0
12/24/04,0
12/25/04,0
12/26/04,0
12/27/04,0
12/28/04,0
12/29/04,0
12/30/04,0
12/31/04,0
1/1/05,0
1/2/05,0
1/3/05,47
1/4/05,0
1/5/05,22
1/6/05,0
1/7/05,23
1/8/05,0
1/9/05,0
1/10/05,22
1/11/05,21
1/12/05,0
1/13/05,43
1/14/05,23
1/15/05,36
1/16/05,0
1/17/05,24
1/18/05,0
1/19/05,21
1/20/05,0
1/21/05,0
1/22/05,0
1/23/05,0
1/24/05,21
1/25/05,20
1/26/05,21
1/27/05,21
1/28/05,0
1/29/05,0
1/30/05,0
1/31/05,0
2/1/05,0
2/2/05,0
2/3/05,0
2/4/05,22
2/5/05,0
2/6/05,0
2/7/05,42
2/8/05,0
2/9/05,20
2/10/05,0
2/11/05,0
2/12/05,33
2/13/05,34
2/14/05,61
2/15/05,41
2/16/05,0
2/17/05,20
2/18/05,22
2/19/05,34
2/20/05,35
2/21/05,0
2/22/05,0
2/23/05,0
2/24/05,0
2/25/05,21
2/26/05,0
2/27/05,0
2/28/05,0
3/1/05,59
3/2/05,20
3/3/05,21
3/4/05,0
3/5/05,67
3/6/05,0
3/7/05,0
3/8/05,19
3/9/05,20
3/10/05,20
3/11/05,0
3/12/05,33
3/13/05,100
3/14/05,60
3/15/05,39
3/16/05,40
3/17/05,41
3/18/05,0
3/19/05,0
3/20/05,0
3/21/05,20
3/22/05,40
3/23/05,20
3/24/05,42
3/25/05,0
3/26/05,0
3/27/05,0
3/28/05,17
3/29/05,20
3/30/05,41
3/31/05,21
4/1/05,22
4/2/05,0
4/3/05,0
4/4/05,0
4/5/05,0
4/6/05,0
4/7/05,20
4/8/05,0
4/9/05,0
4/10/05,36
4/11/05,20
4/12/05,56
4/13/05,39
4/14/05,41
4/15/05,0
4/16/05,0
4/17/05,70
4/18/05,20
4/19/05,58
4/20/05,20
4/21/05,0
4/22/05,0
4/23/05,0
4/24/05,32
4/25/05,0
4/26/05,19
4/27/05,0
4/28/05,19
4/29/05,0
4/30/05,32
5/1/05,32
5/2/05,0
5/3/05,18
5/4/05,19
5/5/05,0
5/6/05,41
5/7/05,0
5/8/05,0
5/9/05,19
5/10/05,0
5/11/05,19
5/12/05,0
5/13/05,0
5/14/05,0
5/15/05,33
5/16/05,19
5/17/05,0
5/18/05,0
5/19/05,0
5/20/05,0
5/21/05,0
5/22/05,0
5/23/05,19
5/24/05,19
5/25/05,38
5/26/05,20
5/27/05,22
5/28/05,0
5/29/05,0
5/30/05,0
5/31/05,0
6/1/05,0
6/2/05,0
6/3/05,21
6/4/05,0
6/5/05,0
6/6/05,0
6/7/05,19
6/8/05,39
6/9/05,21
6/10/05,0
6/11/05,0
6/12/05,0
6/13/05,0
6/14/05,21
6/15/05,21
6/16/05,0
6/17/05,0
6/18/05,0
6/19/05,39
6/20/05,0
6/21/05,0
6/22/05,0
6/23/05,66
6/24/05,47
6/25/05,0
6/26/05,37
6/27/05,0
6/28/05,41
6/29/05,21
6/30/05,22
7/1/05,24
7/2/05,0
7/3/05,0
7/4/05,36
7/5/05,0
7/6/05,0
7/7/05,41
7/8/05,44
7/9/05,0
7/10/05,0
7/11/05,0
7/12/05,40
7/13/05,0
7/14/05,21
7/15/05,0
7/16/05,0
7/17/05,0
7/18/05,0
7/19/05,20
7/20/05,0
7/21/05,21
7/22/05,0
7/23/05,0
7/24/05,36
7/25/05,20
7/26/05,0
7/27/05,0
7/28/05,0
7/29/05,0
7/30/05,0
7/31/05,35
8/1/05,21
8/2/05,0
8/3/05,0
8/4/05,0
8/5/05,22
8/6/05,0
8/7/05,0
8/8/05,20
8/9/05,0
8/10/05,20
8/11/05,0
8/12/05,0
8/13/05,33
8/14/05,100
8/15/05,0
8/16/05,0
8/17/05,20
8/18/05,20
8/19/05,21
8/20/05,32
8/21/05,0
8/22/05,20
8/23/05,19
8/24/05,0
8/25/05,26
8/26/05,21
8/27/05,0
8/28/05,0
8/29/05,38
8/30/05,0
8/31/05,0
9/1/05,19
9/2/05,21
9/3/05,32
9/4/05,0
9/5/05,0
9/6/05,57
9/7/05,37
9/8/05,19
9/9/05,0
9/10/05,0
9/11/05,0
9/12/05,0
9/13/05,0
9/14/05,0
9/15/05,18
9/16/05,0
9/17/05,0
9/18/05,0
9/19/05,18
9/20/05,17
9/21/05,53
9/22/05,37
9/23/05,19
9/24/05,0
9/25/05,0
9/26/05,0
9/27/05,0
9/28/05,0
9/29/05,0
9/30/05,0
10/1/05,0
10/2/05,0
10/3/05,35
10/4/05,17
10/5/05,17
10/6/05,0
10/7/05,19
10/8/05,29
10/9/05,0
10/10/05,18
10/11/05,0
10/12/05,0
10/13/05,52
10/14/05,19
10/15/05,0
10/16/05,0
10/17/05,52
10/18/05,0
10/19/05,17
10/20/05,17
10/21/05,37
10/22/05,0
10/23/05,0
10/24/05,34
10/25/05,34
10/26/05,0
10/27/05,52
10/28/05,0
10/29/05,0
10/30/05,57
10/31/05,18
11/1/05,34
11/2/05,0
11/3/05,17
11/4/05,0
11/5/05,28
11/6/05,0
11/7/05,33
11/8/05,0
11/9/05,0
11/10/05,24
11/11/05,0
11/12/05,0
11/13/05,0
11/14/05,0
11/15/05,0
11/16/05,0
11/17/05,0
11/18/05,18
11/19/05,0
11/20/05,0
11/21/05,33
11/22/05,16
11/23/05,19
11/24/05,0
11/25/05,26
11/26/05,0
11/27/05,0
11/28/05,16
11/29/05,0
11/30/05,31
12/1/05,16
12/2/05,17
12/3/05,0
12/4/05,50
12/5/05,31
12/6/05,0
12/7/05,15
12/8/05,16
12/9/05,0
12/10/05,25
12/11/05,0
12/12/05,16
12/13/05,0
12/14/05,16
12/15/05,32
12/16/05,0
12/17/05,0
12/18/05,55
12/19/05,17
12/20/05,17
12/21/05,18
12/22/05,19
12/23/05,0
12/24/05,0
12/25/05,0
12/26/05,29
12/27/05,0
12/28/05,0
12/29/05,19
12/30/05,0
12/31/05,0
1/1/06,0
1/2/06,0
1/3/06,16
1/4/06,16
1/5/06,32
1/6/06,16
1/7/06,0
1/8/06,0
1/9/06,23
1/10/06,22
1/11/06,22
1/12/06,0
1/13/06,0
1/14/06,0
1/15/06,0
1/16/06,0
1/17/06,22
1/18/06,22
1/19/06,0
1/20/06,0
1/21/06,0
1/22/06,0
1/23/06,0
1/24/06,21
1/25/06,21
1/26/06,22
1/27/06,0
1/28/06,100
1/29/06,33
1/30/06,42
1/31/06,21
2/1/06,21
2/2/06,0
2/3/06,0
2/4/06,0
2/5/06,33
2/6/06,44
2/7/06,62
2/8/06,21
2/9/06,21
2/10/06,22
2/11/06,32
2/12/06,0
2/13/06,42
2/14/06,42
2/15/06,21
2/16/06,42
2/17/06,0
2/18/06,0
2/19/06,0
2/20/06,0
2/21/06,0
2/22/06,20
2/23/06,21
2/24/06,22
2/25/06,0
2/26/06,0
2/27/06,0
2/28/06,20
3/1/06,0
3/2/06,0
3/3/06,22
3/4/06,0
3/5/06,65
3/6/06,42
3/7/06,40
3/8/06,21
3/9/06,21
3/10/06,0
3/11/06,0
3/12/06,33
3/13/06,21
3/14/06,0
3/15/06,21
3/16/06,0
3/17/06,22
3/18/06,0
3/19/06,65
3/20/06,0
3/21/06,20
3/22/06,0
3/23/06,41
3/24/06,0
3/25/06,65
3/26/06,33
3/27/06,41
3/28/06,0
3/29/06,60
3/30/06,21
3/31/06,0
4/1/06,65
4/2/06,33
4/3/06,20
4/4/06,60
4/5/06,0
4/6/06,21
4/7/06,44
4/8/06,0
4/9/06,0
4/10/06,0
4/11/06,41
4/12/06,21
4/13/06,44
4/14/06,0
4/15/06,68
4/16/06,36
4/17/06,21
4/18/06,20
4/19/06,41
4/20/06,41
4/21/06,0
4/22/06,65
4/23/06,0
4/24/06,0
4/25/06,58
4/26/06,59
4/27/06,61
4/28/06,0
4/29/06,33
4/30/06,0
5/1/06,59
5/2/06,19
5/3/06,0
5/4/06,0
5/5/06,22
5/6/06,34
5/7/06,66
5/8/06,0
5/9/06,19
5/10/06,60
5/11/06,20
5/12/06,66
5/13/06,0
5/14/06,34
5/15/06,0
5/16/06,0
5/17/06,60
5/18/06,0
5/19/06,22
5/20/06,69
5/21/06,68
5/22/06,0
5/23/06,0
5/24/06,41
5/25/06,63
5/26/06,0
5/27/06,0
5/28/06,39
5/29/06,33
5/30/06,41
5/31/06,20
6/1/06,21
6/2/06,44
6/3/06,33
6/4/06,0
6/5/06,41
6/6/06,20
6/7/06,20
6/8/06,43
6/9/06,23
6/10/06,34
6/11/06,0
6/12/06,21
6/13/06,42
6/14/06,22
6/15/06,0
6/16/06,24
6/17/06,37
6/18/06,38
6/19/06,43
6/20/06,63
6/21/06,22
6/22/06,43
6/23/06,23
6/24/06,34
6/25/06,0
6/26/06,21
6/27/06,0
6/28/06,0
6/29/06,0
6/30/06,23
7/1/06,0
7/2/06,0
7/3/06,0
7/4/06,32
7/5/06,45
7/6/06,21
7/7/06,22
7/8/06,32
7/9/06,0
7/10/06,20
7/11/06,20
7/12/06,20
7/13/06,0
7/14/06,22
7/15/06,66
7/16/06,100
7/17/06,0
7/18/06,20
7/19/06,41
7/20/06,0
7/21/06,44
7/22/06,0
7/23/06,0
7/24/06,0
7/25/06,20
7/26/06,41
7/27/06,21
7/28/06,22
7/29/06,0
7/30/06,0
7/31/06,0
8/1/06,20
8/2/06,40
8/3/06,21
8/4/06,44
8/5/06,0
8/6/06,0
8/7/06,40
8/8/06,60
8/9/06,20
8/10/06,0
8/11/06,0
8/12/06,0
8/13/06,33
8/14/06,40
8/15/06,19
8/16/06,20
8/17/06,40
8/18/06,22
8/19/06,0
8/20/06,31
8/21/06,0
8/22/06,19
8/23/06,20
8/24/06,20
8/25/06,21
8/26/06,0
8/27/06,0
8/28/06,0
8/29/06,0
8/30/06,19
8/31/06,20
9/1/06,21
9/2/06,0
9/3/06,0
9/4/06,0
9/5/06,0
9/6/06,37
9/7/06,38
9/8/06,0
9/9/06,0
9/10/06,28
9/11/06,0
9/12/06,55
9/13/06,19
9/14/06,19
9/15/06,40
9/16/06,0
9/17/06,29
9/18/06,18
9/19/06,18
9/20/06,18
9/21/06,0
9/22/06,0
9/23/06,57
9/24/06,0
9/25/06,0
9/26/06,54
9/27/06,18
9/28/06,37
9/29/06,0
9/30/06,29
10/1/06,28
10/2/06,18
10/3/06,0
10/4/06,18
10/5/06,36
10/6/06,20
10/7/06,0
10/8/06,0
10/9/06,19
10/10/06,0
10/11/06,17
10/12/06,54
10/13/06,19
10/14/06,0
10/15/06,0
10/16/06,0
10/17/06,69
10/18/06,17
10/19/06,72
10/20/06,0
10/21/06,0
10/22/06,55
10/23/06,17
10/24/06,17
10/25/06,0
10/26/06,18
10/27/06,56
10/28/06,0
10/29/06,0
10/30/06,0
10/31/06,34
11/1/06,36
11/2/06,17
11/3/06,18
11/4/06,53
11/5/06,0
11/6/06,69
11/7/06,0
11/8/06,16
11/9/06,0
11/10/06,19
11/11/06,53
11/12/06,0
11/13/06,0
11/14/06,0
11/15/06,0
11/16/06,34
11/17/06,0
11/18/06,26
11/19/06,26
11/20/06,68
11/21/06,17
11/22/06,0
11/23/06,29
11/24/06,0
11/25/06,0
11/26/06,26
11/27/06,0
11/28/06,16
11/29/06,16
11/30/06,16
12/1/06,34
12/2/06,0
12/3/06,25
12/4/06,0
12/5/06,0
12/6/06,33
12/7/06,33
12/8/06,17
12/9/06,25
12/10/06,0
12/11/06,16
12/12/06,0
12/13/06,16
12/14/06,17
12/15/06,36
12/16/06,0
12/17/06,0
12/18/06,0
12/19/06,17
12/20/06,36
12/21/06,38
12/22/06,21
12/23/06,0
12/24/06,0
12/25/06,0
12/26/06,0
12/27/06,0
12/28/06,20
12/29/06,63
12/30/06,26
12/31/06,27
1/1/07,0
1/2/07,17
1/3/07,0
1/4/07,34
1/5/07,0
1/6/07,0
1/7/07,0
1/8/07,16
1/9/07,0
1/10/07,22
1/11/07,0
1/12/07,23
1/13/07,32
1/14/07,33
1/15/07,0
1/16/07,64
1/17/07,21
1/18/07,22
1/19/07,45
1/20/07,0
1/21/07,0
1/22/07,0
1/23/07,0
1/24/07,21
1/25/07,0
1/26/07,22
1/27/07,0
1/28/07,32
1/29/07,0
1/30/07,0
1/31/07,62
2/1/07,21
2/2/07,43
2/3/07,0
2/4/07,63
2/5/07,43
2/6/07,41
2/7/07,20
2/8/07,41
2/9/07,0
2/10/07,0
2/11/07,0
2/12/07,40
2/13/07,0
2/14/07,41
2/15/07,0
2/16/07,0
2/17/07,32
2/18/07,0
2/19/07,0
2/20/07,42
2/21/07,21
2/22/07,0
2/23/07,44
2/24/07,61
2/25/07,0
2/26/07,0
2/27/07,0
2/28/07,0
3/1/07,41
3/2/07,43
3/3/07,0
3/4/07,62
3/5/07,41
3/6/07,60
3/7/07,20
3/8/07,0
3/9/07,0
3/10/07,92
3/11/07,0
3/12/07,41
3/13/07,0
3/14/07,21
3/15/07,21
3/16/07,0
3/17/07,0
3/18/07,0
3/19/07,41
3/20/07,22
3/21/07,20
3/22/07,62
3/23/07,22
3/24/07,0
3/25/07,32
3/26/07,40
3/27/07,20
3/28/07,41
3/29/07,20
3/30/07,44
3/31/07,0
4/1/07,31
4/2/07,62
4/3/07,41
4/4/07,21
4/5/07,21
4/6/07,0
4/7/07,0
4/8/07,100
4/9/07,40
4/10/07,79
4/11/07,19
4/12/07,19
4/13/07,0
4/14/07,0
4/15/07,28
4/16/07,19
4/17/07,19
4/18/07,77
4/19/07,60
4/20/07,21
4/21/07,0
4/22/07,32
4/23/07,0
4/24/07,19
4/25/07,58
4/26/07,78
4/27/07,21
4/28/07,32
4/29/07,31
4/30/07,39
5/1/07,57
5/2/07,19
5/3/07,20
5/4/07,40
5/5/07,0
5/6/07,59
5/7/07,37
5/8/07,18
5/9/07,37
5/10/07,19
5/11/07,20
5/12/07,0
5/13/07,0
5/14/07,19
5/15/07,0
5/16/07,36
5/17/07,0
5/18/07,20
5/19/07,0
5/20/07,59
5/21/07,19
5/22/07,0
5/23/07,56
5/24/07,19
5/25/07,42
5/26/07,0
5/27/07,33
5/28/07,0
5/29/07,0
5/30/07,0
5/31/07,0
6/1/07,0
6/2/07,29
6/3/07,0
6/4/07,36
6/5/07,18
6/6/07,0
6/7/07,39
6/8/07,0
6/9/07,63
6/10/07,64
6/11/07,0
6/12/07,39
6/13/07,39
6/14/07,41
6/15/07,45
6/16/07,35
6/17/07,0
6/18/07,42
6/19/07,21
6/20/07,21
6/21/07,0
6/22/07,0
6/23/07,31
6/24/07,32
6/25/07,78
6/26/07,0
6/27/07,20
6/28/07,40
6/29/07,65
6/30/07,0
7/1/07,0
7/2/07,20
7/3/07,0
7/4/07,0
7/5/07,22
7/6/07,21
7/7/07,0
7/8/07,0
7/9/07,58
7/10/07,38
7/11/07,20
7/12/07,100
7/13/07,21
7/14/07,30
7/15/07,31
7/16/07,39
7/17/07,19
7/18/07,57
7/19/07,0
7/20/07,84
7/21/07,0
7/22/07,63
7/23/07,0
7/24/07,38
7/25/07,19
7/26/07,20
7/27/07,42
7/28/07,30
7/29/07,31
7/30/07,38
7/31/07,19
8/1/07,39
8/2/07,39
8/3/07,0
8/4/07,30
8/5/07,61
8/6/07,58
8/7/07,19
8/8/07,19
8/9/07,58
8/10/07,21
8/11/07,0
8/12/07,31
8/13/07,0
8/14/07,19
8/15/07,19
8/16/07,19
8/17/07,20
8/18/07,0
8/19/07,0
8/20/07,0
8/21/07,18
8/22/07,56
8/23/07,19
8/24/07,0
8/25/07,28
8/26/07,29
8/27/07,55
8/28/07,0
8/29/07,55
8/30/07,38
8/31/07,21
9/1/07,0
9/2/07,0
9/3/07,26
9/4/07,19
9/5/07,0
9/6/07,0
9/7/07,19
9/8/07,27
9/9/07,0
9/10/07,18
9/11/07,52
9/12/07,36
9/13/07,18
9/14/07,57
9/15/07,27
9/16/07,0
9/17/07,18
9/18/07,69
9/19/07,35
9/20/07,18
9/21/07,38
9/22/07,0
9/23/07,0
9/24/07,70
9/25/07,17
9/26/07,52
9/27/07,71
9/28/07,0
9/29/07,0
9/30/07,79
10/1/07,0
10/2/07,68
10/3/07,17
10/4/07,88
10/5/07,0
10/6/07,27
10/7/07,27
10/8/07,0
10/9/07,51
10/10/07,35
10/11/07,87
10/12/07,75
10/13/07,27
10/14/07,0
10/15/07,17
10/16/07,67
10/17/07,17
10/18/07,69
10/19/07,37
10/20/07,27
10/21/07,52
10/22/07,33
10/23/07,16
10/24/07,33
10/25/07,17
10/26/07,18
10/27/07,0
10/28/07,52
10/29/07,51
10/30/07,17
10/31/07,69
11/1/07,18
11/2/07,18
11/3/07,0
11/4/07,25
11/5/07,34
11/6/07,49
11/7/07,49
11/8/07,51
11/9/07,53
11/10/07,51
11/11/07,25
11/12/07,17
11/13/07,33
11/14/07,64
11/15/07,33
11/16/07,54
11/17/07,25
11/18/07,25
11/19/07,66
11/20/07,84
11/21/07,37
11/22/07,0
11/23/07,24
11/24/07,0
11/25/07,24
11/26/07,16
11/27/07,62
11/28/07,47
11/29/07,16
11/30/07,17
12/1/07,23
12/2/07,23
12/3/07,47
12/4/07,0
12/5/07,63
12/6/07,81
12/7/07,17
12/8/07,24
12/9/07,48
12/10/07,32
12/11/07,62
12/12/07,96
12/13/07,16
12/14/07,18
12/15/07,48
12/16/07,73
12/17/07,17
12/18/07,16
12/19/07,34
12/20/07,18
12/21/07,20
12/22/07,27
12/23/07,57
12/24/07,0
12/25/07,0
12/26/07,44
12/27/07,0
12/28/07,0
12/29/07,26
12/30/07,53
12/31/07,63
1/1/08,28
1/2/08,17
1/3/08,17
1/4/08,51
1/5/08,47
1/6/08,24
1/7/08,81
1/8/08,16
1/9/08,40
1/10/08,53
1/11/08,55
1/12/08,20
1/13/08,20
1/14/08,52
1/15/08,25
1/16/08,26
1/17/08,26
1/18/08,0
1/19/08,0
1/20/08,0
1/21/08,28
1/22/08,63
1/23/08,50
1/24/08,13
1/25/08,53
1/26/08,18
1/27/08,19
1/28/08,51
1/29/08,0
1/30/08,25
1/31/08,13
2/1/08,27
2/2/08,37
2/3/08,19
2/4/08,26
2/5/08,12
2/6/08,26
2/7/08,0
2/8/08,54
2/9/08,19
2/10/08,19
2/11/08,38
2/12/08,12
2/13/08,0
2/14/08,52
2/15/08,28
2/16/08,75
2/17/08,19
2/18/08,14
2/19/08,25
2/20/08,12
2/21/08,38
2/22/08,26
2/23/08,54
2/24/08,18
2/25/08,89
2/26/08,49
2/27/08,100
2/28/08,38
2/29/08,27
3/1/08,37
3/2/08,0
3/3/08,64
3/4/08,25
3/5/08,25
3/6/08,50
3/7/08,0
3/8/08,36
3/9/08,19
3/10/08,51
3/11/08,88
3/12/08,26
3/13/08,52
3/14/08,28
3/15/08,58
3/16/08,19
3/17/08,64
3/18/08,13
3/19/08,27
3/20/08,42
3/21/08,65
3/22/08,44
3/23/08,46
3/24/08,55
3/25/08,51
3/26/08,51
3/27/08,38
3/28/08,0
3/29/08,18
3/30/08,56
3/31/08,25
4/1/08,74
4/2/08,12
4/3/08,62
4/4/08,40
4/5/08,19
4/6/08,19
4/7/08,99
4/8/08,12
4/9/08,25
4/10/08,0
4/11/08,27
4/12/08,0
4/13/08,19
4/14/08,37
4/15/08,60
4/16/08,38
4/17/08,13
4/18/08,27
4/19/08,40
4/20/08,39
4/21/08,75
4/22/08,74
4/23/08,25
4/24/08,77
4/25/08,0
4/26/08,40
4/27/08,38
4/28/08,36
4/29/08,48
4/30/08,24
5/1/08,25
5/2/08,40
5/3/08,38
5/4/08,59
5/5/08,25
5/6/08,36
5/7/08,24
5/8/08,87
5/9/08,13
5/10/08,59
5/11/08,40
5/12/08,0
5/13/08,12
5/14/08,50
5/15/08,38
5/16/08,27
5/17/08,41
5/18/08,20
5/19/08,25
5/20/08,12
5/21/08,25
5/22/08,51
5/23/08,14
5/24/08,42
5/25/08,45
5/26/08,37
5/27/08,0
5/28/08,50
5/29/08,38
5/30/08,28
5/31/08,0
6/1/08,79
6/2/08,63
6/3/08,37
6/4/08,63
6/5/08,13
6/6/08,14
6/7/08,20
6/8/08,40
6/9/08,22
6/10/08,42
6/11/08,55
6/12/08,45
6/13/08,23
6/14/08,0
6/15/08,0
6/16/08,11
6/17/08,22
6/18/08,55
6/19/08,11
6/20/08,24
6/21/08,51
6/22/08,17
6/23/08,54
6/24/08,55
6/25/08,22
6/26/08,23
6/27/08,12
6/28/08,0
6/29/08,0
6/30/08,22
7/1/08,43
7/2/08,22
7/3/08,24
7/4/08,0
7/5/08,0
7/6/08,35
7/7/08,21
7/8/08,21
7/9/08,0
7/10/08,11
7/11/08,12
7/12/08,0
7/13/08,0
7/14/08,32
7/15/08,11
7/16/08,43
7/17/08,11
7/18/08,23
7/19/08,17
7/20/08,34
7/21/08,21
7/22/08,21
7/23/08,21
7/24/08,43
7/25/08,12
7/26/08,16
7/27/08,17
7/28/08,32
7/29/08,20
7/30/08,10
7/31/08,22
8/1/08,23
8/2/08,32
8/3/08,17
8/4/08,21
8/5/08,11
8/6/08,11
8/7/08,32
8/8/08,11
8/9/08,16
8/10/08,33
8/11/08,21
8/12/08,41
8/13/08,21
8/14/08,43
8/15/08,0
8/16/08,16
8/17/08,16
8/18/08,21
8/19/08,10
8/20/08,53
8/21/08,21
8/22/08,34
8/23/08,16
8/24/08,31
8/25/08,42
8/26/08,0
8/27/08,10
8/28/08,21
8/29/08,22
8/30/08,0
8/31/08,16
9/1/08,56
9/2/08,20
9/3/08,10
9/4/08,10
9/5/08,11
9/6/08,14
9/7/08,0
9/8/08,19
9/9/08,10
9/10/08,39
9/11/08,40
9/12/08,52
9/13/08,14
9/14/08,29
9/15/08,10
9/16/08,39
9/17/08,30
9/18/08,30
9/19/08,11
9/20/08,15
9/21/08,15
9/22/08,29
9/23/08,86
9/24/08,39
9/25/08,30
9/26/08,41
9/27/08,44
9/28/08,0
9/29/08,38
9/30/08,47
10/1/08,48
10/2/08,19
10/3/08,10
10/4/08,15
10/5/08,58
10/6/08,38
10/7/08,18
10/8/08,93
10/9/08,19
10/10/08,20
10/11/08,30
10/12/08,30
10/13/08,10
10/14/08,46
10/15/08,47
10/16/08,47
10/17/08,10
10/18/08,15
10/19/08,72
10/20/08,29
10/21/08,37
10/22/08,28
10/23/08,28
10/24/08,61
10/25/08,29
10/26/08,100
10/27/08,37
10/28/08,34
10/29/08,31
10/30/08,19
10/31/08,32
11/1/08,47
11/2/08,0
11/3/08,0
11/4/08,37
11/5/08,26
11/6/08,37
11/7/08,49
11/8/08,28
11/9/08,28
11/10/08,9
11/11/08,19
11/12/08,0
11/13/08,46
11/14/08,20
11/15/08,27
11/16/08,0
11/17/08,28
11/18/08,19
11/19/08,67
11/20/08,28
11/21/08,39
11/22/08,0
11/23/08,41
11/24/08,9
11/25/08,55
11/26/08,52
11/27/08,0
11/28/08,14
11/29/08,0
11/30/08,0
12/1/08,36
12/2/08,17
12/3/08,18
12/4/08,9
12/5/08,39
12/6/08,27
12/7/08,27
12/8/08,36
12/9/08,36
12/10/08,18
12/11/08,9
12/12/08,20
12/13/08,0
12/14/08,69
12/15/08,46
12/16/08,18
12/17/08,47
12/18/08,10
12/19/08,11
12/20/08,15
12/21/08,0
12/22/08,11
12/23/08,22
12/24/08,14
12/25/08,0
12/26/08,0
12/27/08,0
12/28/08,16
12/29/08,22
12/30/08,0
12/31/08,12
1/1/09,35
1/2/09,12
1/3/09,28
1/4/09,0
1/5/09,19
1/6/09,28
1/7/09,37
1/8/09,19
1/9/09,48
1/10/09,0
1/11/09,51
1/12/09,23
1/13/09,11
1/14/09,11
1/15/09,34
1/16/09,24
1/17/09,17
1/18/09,0
1/19/09,37
1/20/09,34
1/21/09,45
1/22/09,45
1/23/09,35
1/24/09,16
1/25/09,16
1/26/09,22
1/27/09,44
1/28/09,33
1/29/09,23
1/30/09,24
1/31/09,16
2/1/09,0
2/2/09,34
2/3/09,22
2/4/09,22
2/5/09,45
2/6/09,82
2/7/09,16
2/8/09,17
2/9/09,54
2/10/09,54
2/11/09,33
2/12/09,45
2/13/09,36
2/14/09,17
2/15/09,17
2/16/09,12
2/17/09,22
2/18/09,33
2/19/09,22
2/20/09,47
2/21/09,33
2/22/09,49
2/23/09,44
2/24/09,44
2/25/09,65
2/26/09,44
2/27/09,34
2/28/09,16
3/1/09,32
3/2/09,21
3/3/09,54
3/4/09,21
3/5/09,22
3/6/09,83
3/7/09,0
3/8/09,0
3/9/09,66
3/10/09,43
3/11/09,11
3/12/09,45
3/13/09,24
3/14/09,0
3/15/09,17
3/16/09,23
3/17/09,22
3/18/09,45
3/19/09,44
3/20/09,60
3/21/09,51
3/22/09,0
3/23/09,44
3/24/09,0
3/25/09,33
3/26/09,33
3/27/09,23
3/28/09,32
3/29/09,16
3/30/09,43
3/31/09,11
4/1/09,22
4/2/09,33
4/3/09,35
4/4/09,34
4/5/09,0
4/6/09,43
4/7/09,32
4/8/09,33
4/9/09,58
4/10/09,0
4/11/09,52
4/12/09,19
4/13/09,100
4/14/09,53
4/15/09,74
4/16/09,56
4/17/09,12
4/18/09,0
4/19/09,33
4/20/09,42
4/21/09,0
4/22/09,43
4/23/09,44
4/24/09,12
4/25/09,35
4/26/09,0
4/27/09,32
4/28/09,0
4/29/09,21
4/30/09,32
5/1/09,47
5/2/09,50
5/3/09,16
5/4/09,32
5/5/09,42
5/6/09,32
5/7/09,11
5/8/09,23
5/9/09,35
5/10/09,18
5/11/09,44
5/12/09,74
5/13/09,53
5/14/09,33
5/15/09,35
5/16/09,0
5/17/09,17
5/18/09,33
5/19/09,11
5/20/09,33
5/21/09,11
5/22/09,49
5/23/09,18
5/24/09,19
5/25/09,48
5/26/09,11
5/27/09,85
5/28/09,33
5/29/09,36
5/30/09,70
5/31/09,53
6/1/09,11
6/2/09,32
6/3/09,65
6/4/09,45
6/5/09,24
6/6/09,35
6/7/09,53
6/8/09,55
6/9/09,26
6/10/09,81
6/11/09,41
6/12/09,29
6/13/09,63
6/14/09,0
6/15/09,41
6/16/09,40
6/17/09,81
6/18/09,69
6/19/09,44
6/20/09,42
6/21/09,0
6/22/09,41
6/23/09,27
6/24/09,14
6/25/09,41
6/26/09,58
6/27/09,0
6/28/09,21
6/29/09,14
6/30/09,0
7/1/09,14
7/2/09,0
7/3/09,0
7/4/09,47
7/5/09,0
7/6/09,41
7/7/09,13
7/8/09,40
7/9/09,41
7/10/09,15
7/11/09,21
7/12/09,22
7/13/09,68
7/14/09,27
7/15/09,14
7/16/09,69
7/17/09,29
7/18/09,42
7/19/09,22
7/20/09,14
7/21/09,0
7/22/09,40
7/23/09,27
7/24/09,58
7/25/09,0
7/26/09,21
7/27/09,13
7/28/09,13
7/29/09,0
7/30/09,14
7/31/09,14
8/1/09,0
8/2/09,42
8/3/09,13
8/4/09,27
8/5/09,40
8/6/09,27
8/7/09,29
8/8/09,0
8/9/09,21
8/10/09,27
8/11/09,53
8/12/09,54
8/13/09,13
8/14/09,29
8/15/09,41
8/16/09,0
8/17/09,40
8/18/09,26
8/19/09,26
8/20/09,13
8/21/09,0
8/22/09,79
8/23/09,40
8/24/09,52
8/25/09,78
8/26/09,13
8/27/09,27
8/28/09,0
8/29/09,19
8/30/09,0
8/31/09,39
9/1/09,13
9/2/09,38
9/3/09,26
9/4/09,28
9/5/09,0
9/6/09,83
9/7/09,17
9/8/09,25
9/9/09,37
9/10/09,0
9/11/09,27
9/12/09,19
9/13/09,0
9/14/09,25
9/15/09,24
9/16/09,37
9/17/09,50
9/18/09,14
9/19/09,0
9/20/09,38
9/21/09,37
9/22/09,36
9/23/09,49
9/24/09,38
9/25/09,27
9/26/09,19
9/27/09,36
9/28/09,24
9/29/09,12
9/30/09,62
10/1/09,25
10/2/09,67
10/3/09,0
10/4/09,37
10/5/09,25
10/6/09,84
10/7/09,37
10/8/09,100
10/9/09,66
10/10/09,95
10/11/09,57
10/12/09,65
10/13/09,24
10/14/09,60
10/15/09,25
10/16/09,27
10/17/09,0
10/18/09,37
10/19/09,0
10/20/09,72
10/21/09,12
10/22/09,12
10/23/09,26
10/24/09,18
10/25/09,18
10/26/09,36
10/27/09,24
10/28/09,24
10/29/09,24
10/30/09,39
10/31/09,56
11/1/09,39
11/2/09,49
11/3/09,35
11/4/09,24
11/5/09,73
11/6/09,13
11/7/09,37
11/8/09,55
11/9/09,24
11/10/09,35
11/11/09,62
11/12/09,24
11/13/09,13
11/14/09,18
11/15/09,18
11/16/09,59
11/17/09,35
11/18/09,35
11/19/09,59
11/20/09,38
11/21/09,18
11/22/09,71
11/23/09,47
11/24/09,60
11/25/09,13
11/26/09,0
11/27/09,17
11/28/09,18
11/29/09,18
11/30/09,34
12/1/09,56
12/2/09,45
12/3/09,59
12/4/09,37
12/5/09,17
12/6/09,52
12/7/09,0
12/8/09,23
12/9/09,11
12/10/09,23
12/11/09,37
12/12/09,34
12/13/09,0
12/14/09,82
12/15/09,35
12/16/09,36
12/17/09,49
12/18/09,13
12/19/09,0
12/20/09,0
12/21/09,40
12/22/09,13
12/23/09,14
12/24/09,18
12/25/09,48
12/26/09,41
12/27/09,0
12/28/09,0
12/29/09,96
12/30/09,28
12/31/09,31
1/1/10,42
1/2/10,36
1/3/10,18
1/4/10,24
1/5/10,35
1/6/10,12
1/7/10,12
1/8/10,12
1/9/10,0
1/10/10,31
1/11/10,43
1/12/10,10
1/13/10,0
1/14/10,11
1/15/10,43
1/16/10,30
1/17/10,31
1/18/10,11
1/19/10,31
1/20/10,20
1/21/10,41
1/22/10,11
1/23/10,0
1/24/10,15
1/25/10,51
1/26/10,20
1/27/10,20
1/28/10,31
1/29/10,0
1/30/10,14
1/31/10,29
2/1/10,40
2/2/10,10
2/3/10,20
2/4/10,30
2/5/10,42
2/6/10,0
2/7/10,29
2/8/10,31
2/9/10,39
2/10/10,0
2/11/10,41
2/12/10,22
2/13/10,30
2/14/10,0
2/15/10,11
2/16/10,0
2/17/10,10
2/18/10,51
2/19/10,43
2/20/10,0
2/21/10,0
2/22/10,30
2/23/10,19
2/24/10,29
2/25/10,40
2/26/10,31
2/27/10,0
2/28/10,29
3/1/10,40
3/2/10,19
3/3/10,10
3/4/10,0
3/5/10,21
3/6/10,15
3/7/10,30
3/8/10,20
3/9/10,40
3/10/10,20
3/11/10,100
3/12/10,43
3/13/10,15
3/14/10,0
3/15/10,41
3/16/10,20
3/17/10,42
3/18/10,32
3/19/10,22
3/20/10,0
3/21/10,30
3/22/10,20
3/23/10,70
3/24/10,61
3/25/10,10
3/26/10,0
3/27/10,46
3/28/10,91
3/29/10,30
3/30/10,50
3/31/10,52
4/1/10,22
4/2/10,50
4/3/10,81
4/4/10,17
4/5/10,11
4/6/10,50
4/7/10,51
4/8/10,51
4/9/10,33
4/10/10,31
4/11/10,31
4/12/10,30
4/13/10,58
4/14/10,40
4/15/10,30
4/16/10,21
4/17/10,15
4/18/10,0
4/19/10,10
4/20/10,78
4/21/10,50
4/22/10,10
4/23/10,32
4/24/10,15
4/25/10,15
4/26/10,29
4/27/10,19
4/28/10,30
4/29/10,0
4/30/10,33
5/1/10,0
5/2/10,31
5/3/10,41
5/4/10,51
5/5/10,0
5/6/10,64
5/7/10,33
5/8/10,16
5/9/10,50
5/10/10,62
5/11/10,30
5/12/10,51
5/13/10,63
5/14/10,22
5/15/10,33
5/16/10,33
5/17/10,10
5/18/10,30
5/19/10,62
5/20/10,21
5/21/10,45
5/22/10,16
5/23/10,16
5/24/10,11
5/25/10,10
5/26/10,43
5/27/10,33
5/28/10,24
5/29/10,34
5/30/10,0
5/31/10,0
6/1/10,32
6/2/10,32
6/3/10,32
6/4/10,11
6/5/10,16
6/6/10,48
6/7/10,21
6/8/10,21
6/9/10,27
6/10/10,14
6/11/10,30
6/12/10,0
6/13/10,43
6/14/10,14
6/15/10,14
6/16/10,28
6/17/10,72
6/18/10,31
6/19/10,44
6/20/10,68
6/21/10,100
6/22/10,41
6/23/10,41
6/24/10,28
6/25/10,15
6/26/10,21
6/27/10,21
6/28/10,14
6/29/10,27
6/30/10,14
7/1/10,43
7/2/10,43
7/3/10,18
7/4/10,39
7/5/10,33
7/6/10,49
7/7/10,36
7/8/10,24
7/9/10,51
7/10/10,50
7/11/10,35
7/12/10,12
7/13/10,12
7/14/10,0
7/15/10,37
7/16/10,52
7/17/10,52
7/18/10,52
7/19/10,24
7/20/10,24
7/21/10,36
7/22/10,49
7/23/10,38
7/24/10,17
7/25/10,35
7/26/10,36
7/27/10,24
7/28/10,0
7/29/10,24
7/30/10,26
7/31/10,34
8/1/10,17
8/2/10,12
8/3/10,12
8/4/10,24
8/5/10,12
8/6/10,51
8/7/10,0
8/8/10,34
8/9/10,24
8/10/10,59
8/11/10,59
8/12/10,24
8/13/10,63
8/14/10,17
8/15/10,51
8/16/10,0
8/17/10,12
8/18/10,72
8/19/10,12
8/20/10,0
8/21/10,16
8/22/10,0
8/23/10,35
8/24/10,34
8/25/10,23
8/26/10,60
8/27/10,12
8/28/10,16
8/29/10,0
8/30/10,12
8/31/10,11
9/1/10,57
9/2/10,0
9/3/10,12
9/4/10,16
9/5/10,17
9/6/10,15
9/7/10,34
9/8/10,22
9/9/10,67
9/10/10,24
9/11/10,0
9/12/10,31
9/13/10,11
9/14/10,33
9/15/10,56
9/16/10,45
9/17/10,48
9/18/10,0
9/19/10,16
9/20/10,45
9/21/10,44
9/22/10,33
9/23/10,66
9/24/10,24
9/25/10,47
9/26/10,30
9/27/10,43
9/28/10,55
9/29/10,66
9/30/10,22
10/1/10,0
10/2/10,46
10/3/10,46
10/4/10,66
10/5/10,65
10/6/10,45
10/7/10,48
10/8/10,35
10/9/10,16
10/10/10,16
10/11/10,35
10/12/10,46
10/13/10,68
10/14/10,66
10/15/10,35
10/16/10,16
10/17/10,46
10/18/10,44
10/19/10,32
10/20/10,54
10/21/10,33
10/22/10,35
10/23/10,0
10/24/10,30
10/25/10,43
10/26/10,64
10/27/10,43
10/28/10,54
10/29/10,71
10/30/10,15
10/31/10,48
11/1/10,22
11/2/10,21
11/3/10,41
11/4/10,84
11/5/10,79
11/6/10,60
11/7/10,29
11/8/10,84
11/9/10,63
11/10/10,43
11/11/10,78
11/12/10,91
11/13/10,30
11/14/10,15
11/15/10,32
11/16/10,71
11/17/10,21
11/18/10,64
11/19/10,56
11/20/10,29
11/21/10,0
11/22/10,32
11/23/10,64
11/24/10,12
11/25/10,30
11/26/10,42
11/27/10,0
11/28/10,44
11/29/10,41
11/30/10,20
12/1/10,31
12/2/10,32
12/3/10,44
12/4/10,84
12/5/10,14
12/6/10,10
12/7/10,21
12/8/10,53
12/9/10,32
12/10/10,55
12/11/10,43
12/12/10,43
12/13/10,63
12/14/10,41
12/15/10,32
12/16/10,55
12/17/10,46
12/18/10,29
12/19/10,31
12/20/10,34
12/21/10,22
12/22/10,35
12/23/10,13
12/24/10,16
12/25/10,19
12/26/10,16
12/27/10,51
12/28/10,73
12/29/10,36
12/30/10,12
12/31/10,71
1/1/11,0
1/2/11,36
1/3/11,9
1/4/11,55
1/5/11,45
1/6/11,46
1/7/11,28
1/8/11,12
1/9/11,46
1/10/11,44
1/11/11,36
1/12/11,29
1/13/11,22
1/14/11,7
1/15/11,37
1/16/11,38
1/17/11,53
1/18/11,49
1/19/11,43
1/20/11,36
1/21/11,37
1/22/11,36
1/23/11,9
1/24/11,28
1/25/11,28
1/26/11,21
1/27/11,50
1/28/11,37
1/29/11,27
1/30/11,18
1/31/11,46
2/1/11,33
2/2/11,39
2/3/11,27
2/4/11,50
2/5/11,35
2/6/11,26
2/7/11,48
2/8/11,7
2/9/11,28
2/10/11,56
2/11/11,51
2/12/11,0
2/13/11,19
2/14/11,35
2/15/11,35
2/16/11,28
2/17/11,49
2/18/11,37
2/19/11,9
2/20/11,28
2/21/11,59
2/22/11,35
2/23/11,35
2/24/11,28
2/25/11,14
2/26/11,27
2/27/11,18
2/28/11,27
3/1/11,14
3/2/11,21
3/3/11,42
3/4/11,43
3/5/11,9
3/6/11,26
3/7/11,55
3/8/11,27
3/9/11,34
3/10/11,48
3/11/11,27
3/12/11,0
3/13/11,40
3/14/11,31
3/15/11,37
3/16/11,28
3/17/11,29
3/18/11,23
3/19/11,18
3/20/11,18
3/21/11,48
3/22/11,14
3/23/11,21
3/24/11,14
3/25/11,43
3/26/11,9
3/27/11,44
3/28/11,21
3/29/11,14
3/30/11,41
3/31/11,48
4/1/11,29
4/2/11,46
4/3/11,18
4/4/11,48
4/5/11,34
4/6/11,41
4/7/11,56
4/8/11,14
4/9/11,100
4/10/11,9
4/11/11,14
4/12/11,27
4/13/11,41
4/14/11,56
4/15/11,43
4/16/11,18
4/17/11,46
4/18/11,76
4/19/11,27
4/20/11,62
4/21/11,99
4/22/11,68
4/23/11,28
4/24/11,19
4/25/11,34
4/26/11,33
4/27/11,40
4/28/11,41
4/29/11,42
4/30/11,37
5/1/11,63
5/2/11,26
5/3/11,20
5/4/11,27
5/5/11,21
5/6/11,36
5/7/11,9
5/8/11,9
5/9/11,28
5/10/11,55
5/11/11,34
5/12/11,14
5/13/11,58
5/14/11,18
5/15/11,37
5/16/11,27
5/17/11,20
5/18/11,40
5/19/11,21
5/20/11,14
5/21/11,0
5/22/11,56
5/23/11,41
5/24/11,41
5/25/11,34
5/26/11,21
5/27/11,15
5/28/11,20
5/29/11,10
5/30/11,45
5/31/11,28
6/1/11,62
6/2/11,14
6/3/11,0
6/4/11,0
6/5/11,28
6/6/11,14
6/7/11,7
6/8/11,28
6/9/11,19
6/10/11,20
6/11/11,13
6/12/11,39
6/13/11,48
6/14/11,57
6/15/11,19
6/16/11,39
6/17/11,21
6/18/11,13
6/19/11,40
6/20/11,28
6/21/11,9
6/22/11,57
6/23/11,39
6/24/11,10
6/25/11,25
6/26/11,40
6/27/11,47
6/28/11,38
6/29/11,19
6/30/11,39
7/1/11,53
7/2/11,39
7/3/11,14
7/4/11,38
7/5/11,40
7/6/11,38
7/7/11,38
7/8/11,29
7/9/11,12
7/10/11,13
7/11/11,48
7/12/11,47
7/13/11,37
7/14/11,38
7/15/11,10
7/16/11,62
7/17/11,25
7/18/11,19
7/19/11,46
7/20/11,38
7/21/11,48
7/22/11,20
7/23/11,0
7/24/11,12
7/25/11,46
7/26/11,46
7/27/11,19
7/28/11,47
7/29/11,39
7/30/11,12
7/31/11,25
8/1/11,55
8/2/11,36
8/3/11,63
8/4/11,46
8/5/11,58
8/6/11,72
8/7/11,24
8/8/11,64
8/9/11,99
8/10/11,65
8/11/11,38
8/12/11,49
8/13/11,60
8/14/11,24
8/15/11,46
8/16/11,37
8/17/11,0
8/18/11,37
8/19/11,86
8/20/11,59
8/21/11,35
8/22/11,46
8/23/11,36
8/24/11,18
8/25/11,45
8/26/11,28
8/27/11,45
8/28/11,11
8/29/11,63
8/30/11,54
8/31/11,73
9/1/11,27
9/2/11,19
9/3/11,23
9/4/11,12
9/5/11,32
9/6/11,35
9/7/11,61
9/8/11,27
9/9/11,55
9/10/11,33
9/11/11,22
9/12/11,18
9/13/11,52
9/14/11,26
9/15/11,26
9/16/11,37
9/17/11,23
9/18/11,22
9/19/11,35
9/20/11,26
9/21/11,52
9/22/11,35
9/23/11,37
9/24/11,45
9/25/11,43
9/26/11,69
9/27/11,17
9/28/11,26
9/29/11,69
9/30/11,18
10/1/11,11
10/2/11,33
10/3/11,44
10/4/11,34
10/5/11,43
10/6/11,78
10/7/11,45
10/8/11,34
10/9/11,66
10/10/11,43
10/11/11,71
10/12/11,32
10/13/11,51
10/14/11,53
10/15/11,22
10/16/11,54
10/17/11,25
10/18/11,68
10/19/11,50
10/20/11,35
10/21/11,18
10/22/11,44
10/23/11,11
10/24/11,17
10/25/11,100
10/26/11,50
10/27/11,42
10/28/11,44
10/29/11,32
10/30/11,33
10/31/11,9
11/1/11,35
11/2/11,51
11/3/11,33
11/4/11,35
11/5/11,32
11/6/11,62
11/7/11,50
11/8/11,24
11/9/11,33
11/10/11,25
11/11/11,45
11/12/11,32
11/13/11,21
11/14/11,41
11/15/11,24
11/16/11,73
11/17/11,59
11/18/11,26
11/19/11,31
11/20/11,41
11/21/11,58
11/22/11,58
11/23/11,18
11/24/11,21
11/25/11,31
11/26/11,10
11/27/11,31
11/28/11,24
11/29/11,47
11/30/11,56
12/1/11,40
12/2/11,58
12/3/11,30
12/4/11,30
12/5/11,96
12/6/11,70
12/7/11,48
12/8/11,57
12/9/11,42
12/10/11,10
12/11/11,30
12/12/11,40
12/13/11,48
12/14/11,0
12/15/11,24
12/16/11,51
12/17/11,10
12/18/11,10
12/19/11,25
12/20/11,25
12/21/11,34
12/22/11,9
12/23/11,29
12/24/11,0
12/25/11,0
12/26/11,31
12/27/11,18
12/28/11,43
12/29/11,17
12/30/11,18
12/31/11,30
1/1/12,0
1/2/12,53
1/3/12,40
1/4/12,32
1/5/12,56
1/6/12,8
1/7/12,0
1/8/12,29
1/9/12,30
1/10/12,20
1/11/12,20
1/12/12,30
1/13/12,63
1/14/12,25
1/15/12,25
1/16/12,21
1/17/12,60
1/18/12,78
1/19/12,50
1/20/12,62
1/21/12,47
1/22/12,58
1/23/12,49
1/24/12,39
1/25/12,89
1/26/12,60
1/27/12,31
1/28/12,36
1/29/12,73
1/30/12,59
1/31/12,29
2/1/12,58
2/2/12,59
2/3/12,51
2/4/12,73
2/5/12,48
2/6/12,49
2/7/12,77
2/8/12,39
2/9/12,58
2/10/12,71
2/11/12,12
2/12/12,45
2/13/12,48
2/14/12,39
2/15/12,40
2/16/12,10
2/17/12,61
2/18/12,0
2/19/12,73
2/20/12,61
2/21/12,48
2/22/12,78
2/23/12,68
2/24/12,90
2/25/12,36
2/26/12,36
2/27/12,49
2/28/12,77
2/29/12,67
3/1/12,42
3/2/12,22
3/3/12,0
3/4/12,80
3/5/12,32
3/6/12,79
3/7/12,10
3/8/12,79
3/9/12,70
3/10/12,12
3/11/12,37
3/12/12,100
3/13/12,90
3/14/12,91
3/15/12,100
3/16/12,31
3/17/12,38
3/18/12,25
3/19/12,59
3/20/12,39
3/21/12,0
3/22/12,70
3/23/12,21
3/24/12,12
3/25/12,49
3/26/12,29
3/27/12,98
3/28/12,79
3/29/12,39
3/30/12,42
3/31/12,35
4/1/12,12
4/2/12,69
4/3/12,48
4/4/12,29
4/5/12,60
4/6/12,44
4/7/12,13
4/8/12,40
4/9/12,24
4/10/12,42
4/11/12,58
4/12/12,60
4/13/12,41
4/14/12,37
4/15/12,49
4/16/12,78
4/17/12,76
4/18/12,77
4/19/12,69
4/20/12,41
4/21/12,25
4/22/12,60
4/23/12,39
4/24/12,48
4/25/12,77
4/26/12,39
4/27/12,71
4/28/12,37
4/29/12,12
4/30/12,38
5/1/12,57
5/2/12,38
5/3/12,78
5/4/12,50
5/5/12,25
5/6/12,25
5/7/12,19
5/8/12,38
5/9/12,47
5/10/12,49
5/11/12,31
5/12/12,39
5/13/12,13
5/14/12,59
5/15/12,0
5/16/12,29
5/17/12,30
5/18/12,72
5/19/12,26
5/20/12,26
5/21/12,48
5/22/12,48
5/23/12,20
5/24/12,30
5/25/12,42
5/26/12,27
5/27/12,41
5/28/12,74
5/29/12,29
5/30/12,29
5/31/12,29
6/1/12,30
6/2/12,12
6/3/12,51
6/4/12,48
6/5/12,19
6/6/12,59
6/7/12,40
6/8/12,31
6/9/12,12
6/10/12,0
6/11/12,47
6/12/12,56
6/13/12,48
6/14/12,29
6/15/12,20
6/16/12,37
6/17/12,13
6/18/12,38
6/19/12,19
6/20/12,19
6/21/12,58
6/22/12,20
6/23/12,37
6/24/12,49
6/25/12,38
6/26/12,9
6/27/12,66
6/28/12,19
6/29/12,39
6/30/12,36
7/1/12,73
7/2/12,57
7/3/12,19
7/4/12,12
7/5/12,31
7/6/12,39
7/7/12,23
7/8/12,12
7/9/12,18
7/10/12,56
7/11/12,28
7/12/12,56
7/13/12,20
7/14/12,24
7/15/12,47
7/16/12,18
7/17/12,55
7/18/12,46
7/19/12,28
7/20/12,29
7/21/12,0
7/22/12,24
7/23/12,28
7/24/12,18
7/25/12,28
7/26/12,28
7/27/12,29
7/28/12,35
7/29/12,24
7/30/12,65
7/31/12,27
8/1/12,46
8/2/12,28
8/3/12,19
8/4/12,58
8/5/12,58
8/6/12,28
8/7/12,9
8/8/12,55
8/9/12,18
8/10/12,19
8/11/12,23
8/12/12,23
8/13/12,36
8/14/12,28
8/15/12,46
8/16/12,28
8/17/12,10
8/18/12,12
8/19/12,24
8/20/12,19
8/21/12,19
8/22/12,56
8/23/12,19
8/24/12,29
8/25/12,34
8/26/12,34
8/27/12,45
8/28/12,36
8/29/12,36
8/30/12,66
8/31/12,38
9/1/12,57
9/2/12,23
9/3/12,52
9/4/12,26
9/5/12,35
9/6/12,36
9/7/12,73
9/8/12,22
9/9/12,22
9/10/12,53
9/11/12,44
9/12/12,79
9/13/12,45
9/14/12,46
9/15/12,67
9/16/12,54
9/17/12,35
9/18/12,43
9/19/12,80
9/20/12,36
9/21/12,55
9/22/12,33
9/23/12,11
9/24/12,61
9/25/12,62
9/26/12,52
9/27/12,0
9/28/12,28
9/29/12,44
9/30/12,0
10/1/12,35
10/2/12,94
10/3/12,61
10/4/12,62
10/5/12,73
10/6/12,55
10/7/12,11
10/8/12,26
10/9/12,26
10/10/12,51
10/11/12,43
10/12/12,54
10/13/12,22
10/14/12,21
10/15/12,100
10/16/12,42
10/17/12,60
10/18/12,60
10/19/12,45
10/20/12,22
10/21/12,75
10/22/12,60
10/23/12,49
10/24/12,17
10/25/12,42
10/26/12,26
10/27/12,0
10/28/12,31
10/29/12,40
10/30/12,34
10/31/12,52
11/1/12,36
11/2/12,9
11/3/12,32
11/4/12,30
11/5/12,67
11/6/12,25
11/7/12,39
11/8/12,34
11/9/12,44
11/10/12,53
11/11/12,32
11/12/12,17
11/13/12,34
11/14/12,60
11/15/12,25
11/16/12,35
11/17/12,52
11/18/12,41
11/19/12,34
11/20/12,51
11/21/12,9
11/22/12,0
11/23/12,40
11/24/12,0
11/25/12,10
11/26/12,32
11/27/12,55
11/28/12,24
11/29/12,24
11/30/12,75
12/1/12,20
12/2/12,49
12/3/12,96
12/4/12,32
12/5/12,65
12/6/12,33
12/7/12,26
12/8/12,40
12/9/12,29
12/10/12,40
12/11/12,64
12/12/12,24
12/13/12,50
12/14/12,25
12/15/12,41
12/16/12,10
12/17/12,33
12/18/12,66
12/19/12,42
12/20/12,34
12/21/12,9
12/22/12,32
12/23/12,22
12/24/12,32
12/25/12,0
12/26/12,10
12/27/12,45
12/28/12,27
12/29/12,31
12/30/12,21
12/31/12,46
1/1/13,84
1/2/13,34
1/3/13,41
1/4/13,25
1/5/13,10
1/6/13,19
1/7/13,81
1/8/13,32
1/9/13,31
1/10/13,39
1/11/13,63
1/12/13,9
1/13/13,46
1/14/13,23
1/15/13,30
1/16/13,23
1/17/13,23
1/18/13,31
1/19/13,9
1/20/13,9
1/21/13,32
1/22/13,53
1/23/13,83
1/24/13,31
1/25/13,63
1/26/13,9
1/27/13,92
1/28/13,45
1/29/13,30
1/30/13,22
1/31/13,22
2/1/13,23
2/2/13,65
2/3/13,27
2/4/13,15
2/5/13,22
2/6/13,75
2/7/13,67
2/8/13,23
2/9/13,37
2/10/13,46
2/11/13,37
2/12/13,30
2/13/13,44
2/14/13,62
2/15/13,56
2/16/13,27
2/17/13,37
2/18/13,62
2/19/13,66
2/20/13,52
2/21/13,37
2/22/13,8
2/23/13,18
2/24/13,9
2/25/13,22
2/26/13,50
2/27/13,66
2/28/13,75
3/1/13,62
3/2/13,27
3/3/13,37
3/4/13,59
3/5/13,66
3/6/13,74
3/7/13,67
3/8/13,38
3/9/13,55
3/10/13,73
3/11/13,53
3/12/13,22
3/13/13,66
3/14/13,53
3/15/13,62
3/16/13,64
3/17/13,28
3/18/13,37
3/19/13,22
3/20/13,52
3/21/13,37
3/22/13,47
3/23/13,18
3/24/13,9
3/25/13,22
3/26/13,68
3/27/13,100
3/28/13,39
3/29/13,25
3/30/13,68
3/31/13,39
4/1/13,22
4/2/13,53
4/3/13,30
4/4/13,53
4/5/13,63
4/6/13,66
4/7/13,37
4/8/13,30
4/9/13,36
4/10/13,44
4/11/13,60
4/12/13,15
4/13/13,56
4/14/13,28
4/15/13,72
4/16/13,29
4/17/13,51
4/18/13,67
4/19/13,38
4/20/13,28
4/21/13,38
4/22/13,46
4/23/13,66
4/24/13,52
4/25/13,38
4/26/13,95
4/27/13,48
4/28/13,47
4/29/13,66
4/30/13,45
5/1/13,45
5/2/13,46
5/3/13,47
5/4/13,29
5/5/13,19
5/6/13,45
5/7/13,52
5/8/13,15
5/9/13,76
5/10/13,16
5/11/13,29
5/12/13,20
5/13/13,39
5/14/13,15
5/15/13,46
5/16/13,31
5/17/13,40
5/18/13,49
5/19/13,28
5/20/13,82
5/21/13,37
5/22/13,69
5/23/13,15
5/24/13,8
5/25/13,10
5/26/13,21
5/27/13,19
5/28/13,23
5/29/13,53
5/30/13,39
5/31/13,49
6/1/13,39
6/2/13,48
6/3/13,8
6/4/13,38
6/5/13,31
6/6/13,39
6/7/13,32
6/8/13,29
6/9/13,36
6/10/13,37
6/11/13,37
6/12/13,38
6/13/13,48
6/14/13,30
6/15/13,37
6/16/13,12
6/17/13,19
6/18/13,9
6/19/13,28
6/20/13,19
6/21/13,40
6/22/13,61
6/23/13,37
6/24/13,29
6/25/13,28
6/26/13,38
6/27/13,19
6/28/13,60
6/29/13,36
6/30/13,12
7/1/13,29
7/2/13,48
7/3/13,40
7/4/13,36
7/5/13,23
7/6/13,85
7/7/13,36
7/8/13,29
7/9/13,56
7/10/13,19
7/11/13,58
7/12/13,20
7/13/13,23
7/14/13,34
7/15/13,57
7/16/13,38
7/17/13,28
7/18/13,29
7/19/13,0
7/20/13,35
7/21/13,24
7/22/13,37
7/23/13,28
7/24/13,67
7/25/13,48
7/26/13,30
7/27/13,47
7/28/13,24
7/29/13,47
7/30/13,38
7/31/13,38
8/1/13,47
8/2/13,49
8/3/13,12
8/4/13,60
8/5/13,67
8/6/13,28
8/7/13,57
8/8/13,28
8/9/13,39
8/10/13,12
8/11/13,36
8/12/13,76
8/13/13,9
8/14/13,47
8/15/13,48
8/16/13,70
8/17/13,12
8/18/13,24
8/19/13,48
8/20/13,66
8/21/13,0
8/22/13,38
8/23/13,19
8/24/13,46
8/25/13,58
8/26/13,9
8/27/13,27
8/28/13,18
8/29/13,56
8/30/13,87
8/31/13,23
9/1/13,23
9/2/13,31
9/3/13,27
9/4/13,63
9/5/13,64
9/6/13,47
9/7/13,45
9/8/13,32
9/9/13,81
9/10/13,44
9/11/13,18
9/12/13,45
9/13/13,19
9/14/13,45
9/15/13,21
9/16/13,62
9/17/13,80
9/18/13,36
9/19/13,81
9/20/13,57
9/21/13,23
9/22/13,22
9/23/13,73
9/24/13,36
9/25/13,36
9/26/13,75
9/27/13,39
9/28/13,23
9/29/13,45
9/30/13,36
10/1/13,45
10/2/13,45
10/3/13,37
10/4/13,28
10/5/13,46
10/6/13,56
10/7/13,63
10/8/13,63
10/9/13,46
10/10/13,46
10/11/13,77
10/12/13,11
10/13/13,11
10/14/13,92
10/15/13,72
10/16/13,54
10/17/13,100
10/18/13,67
10/19/13,0
10/20/13,56
10/21/13,54
10/22/13,80
10/23/13,45
10/24/13,18
10/25/13,38
10/26/13,46
10/27/13,11
10/28/13,62
10/29/13,80
10/30/13,72
10/31/13,93
11/1/13,69
11/2/13,57
11/3/13,55
11/4/13,80
11/5/13,53
11/6/13,72
11/7/13,80
11/8/13,65
11/9/13,34
11/10/13,45
11/11/13,45
11/12/13,71
11/13/13,80
11/14/13,54
11/15/13,46
11/16/13,33
11/17/13,21
11/18/13,53
11/19/13,61
11/20/13,61
11/21/13,36
11/22/13,55
11/23/13,54
11/24/13,43
11/25/13,44
11/26/13,53
11/27/13,66
11/28/13,57
11/29/13,11
11/30/13,44
12/1/13,20
12/2/13,57
12/3/13,50
12/4/13,43
12/5/13,35
12/6/13,45
12/7/13,53
12/8/13,42
12/9/13,85
12/10/13,69
12/11/13,44
12/12/13,73
12/13/13,46
12/14/13,11
12/15/13,22
12/16/13,45
12/17/13,81
12/18/13,73
12/19/13,57
12/20/13,29
12/21/13,12
12/22/13,35
12/23/13,30
12/24/13,45
12/25/13,13
12/26/13,43
12/27/13,51
12/28/13,57
12/29/13,34
12/30/13,29
12/31/13,20
1/1/14,47
1/2/14,28
1/3/14,18
1/4/14,53
1/5/14,21
1/6/14,26
1/7/14,79
1/8/14,63
1/9/14,56
1/10/14,64
1/11/14,19
1/12/14,57
1/13/14,62
1/14/14,54
1/15/14,47
1/16/14,55
1/17/14,57
1/18/14,29
1/19/14,38
1/20/14,33
1/21/14,38
1/22/14,23
1/23/14,39
1/24/14,8
1/25/14,28
1/26/14,65
1/27/14,37
1/28/14,37
1/29/14,31
1/30/14,62
1/31/14,39
2/1/14,65
2/2/14,45
2/3/14,22
2/4/14,75
2/5/14,46
2/6/14,56
2/7/14,27
2/8/14,37
2/9/14,55
2/10/14,52
2/11/14,22
2/12/14,30
2/13/14,38
2/14/14,40
2/15/14,28
2/16/14,10
2/17/14,40
2/18/14,37
2/19/14,53
2/20/14,61
2/21/14,23
2/22/14,28
2/23/14,47
2/24/14,75
2/25/14,44
2/26/14,44
2/27/14,38
2/28/14,55
3/1/14,28
3/2/14,45
3/3/14,72
3/4/14,75
3/5/14,54
3/6/14,38
3/7/14,47
3/8/14,0
3/9/14,19
3/10/14,54
3/11/14,54
3/12/14,23
3/13/14,15
3/14/14,32
3/15/14,19
3/16/14,19
3/17/14,46
3/18/14,31
3/19/14,78
3/20/14,46
3/21/14,24
3/22/14,29
3/23/14,28
3/24/14,38
3/25/14,53
3/26/14,53
3/27/14,31
3/28/14,64
3/29/14,9
3/30/14,19
3/31/14,76
4/1/14,52
4/2/14,31
4/3/14,39
4/4/14,71
4/5/14,68
4/6/14,58
4/7/14,30
4/8/14,30
4/9/14,70
4/10/14,40
4/11/14,41
4/12/14,30
4/13/14,29
4/14/14,83
4/15/14,15
4/16/14,70
4/17/14,56
4/18/14,52
4/19/14,40
4/20/14,21
4/21/14,0
4/22/14,100
4/23/14,47
4/24/14,71
4/25/14,24
4/26/14,0
4/27/14,19
4/28/14,30
4/29/14,52
4/30/14,61
5/1/14,31
5/2/14,57
5/3/14,39
5/4/14,49
5/5/14,39
5/6/14,70
5/7/14,39
5/8/14,48
5/9/14,64
5/10/14,20
5/11/14,10
5/12/14,55
5/13/14,61
5/14/14,48
5/15/14,48
5/16/14,41
5/17/14,30
5/18/14,10
5/19/14,24
5/20/14,40
5/21/14,26
5/22/14,63
5/23/14,38
5/24/14,36
5/25/14,37
5/26/14,34
5/27/14,88
5/28/14,35
5/29/14,27
5/30/14,37
5/31/14,23
6/1/14,0
6/2/14,45
6/3/14,53
6/4/14,45
6/5/14,27
6/6/14,76
6/7/14,12
6/8/14,12
6/9/14,36
6/10/14,22
6/11/14,51
6/12/14,29
6/13/14,8
6/14/14,57
6/15/14,50
6/16/14,29
6/17/14,65
6/18/14,36
6/19/14,37
6/20/14,23
6/21/14,9
6/22/14,0
6/23/14,15
6/24/14,58
6/25/14,7
6/26/14,45
6/27/14,31
6/28/14,19
6/29/14,29
6/30/14,37
7/1/14,15
7/2/14,7
7/3/14,23
7/4/14,28
7/5/14,10
7/6/14,48
7/7/14,22
7/8/14,14
7/9/14,15
7/10/14,22
7/11/14,15
7/12/14,18
7/13/14,0
7/14/14,44
7/15/14,7
7/16/14,30
7/17/14,22
7/18/14,39
7/19/14,18
7/20/14,19
7/21/14,44
7/22/14,29
7/23/14,22
7/24/14,15
7/25/14,15
7/26/14,18
7/27/14,28
7/28/14,36
7/29/14,36
7/30/14,36
7/31/14,30
8/1/14,45
8/2/14,27
8/3/14,37
8/4/14,22
8/5/14,29
8/6/14,15
8/7/14,34
8/8/14,16
8/9/14,28
8/10/14,28
8/11/14,14
8/12/14,35
8/13/14,7
8/14/14,22
8/15/14,15
8/16/14,18
8/17/14,18
8/18/14,29
8/19/14,36
8/20/14,14
8/21/14,36
8/22/14,15
8/23/14,27
8/24/14,0
8/25/14,35
8/26/14,0
8/27/14,21
8/28/14,36
8/29/14,22
8/30/14,0
8/31/14,18
9/1/14,41
9/2/14,61
9/3/14,41
9/4/14,20
9/5/14,56
9/6/14,25
9/7/14,17
9/8/14,61
9/9/14,46
9/10/14,47
9/11/14,27
9/12/14,42
9/13/14,26
9/14/14,51
9/15/14,60
9/16/14,13
9/17/14,55
9/18/14,27
9/19/14,22
9/20/14,17
9/21/14,34
9/22/14,27
9/23/14,54
9/24/14,61
9/25/14,69
9/26/14,36
9/27/14,36
9/28/14,43
9/29/14,41
9/30/14,47
10/1/14,33
10/2/14,74
10/3/14,43
10/4/14,17
10/5/14,9
10/6/14,34
10/7/14,20
10/8/14,54
10/9/14,41
10/10/14,42
10/11/14,26
10/12/14,60
10/13/14,61
10/14/14,26
10/15/14,27
10/16/14,20
10/17/14,56
10/18/14,18
10/19/14,26
10/20/14,68
10/21/14,33
10/22/14,33
10/23/14,61
10/24/14,28
10/25/14,0
10/26/14,35
10/27/14,60
10/28/14,65
10/29/14,39
10/30/14,27
10/31/14,7
11/1/14,0
11/2/14,9
11/3/14,60
11/4/14,39
11/5/14,45
11/6/14,79
11/7/14,21
11/8/14,52
11/9/14,34
11/10/14,100
11/11/14,27
11/12/14,33
11/13/14,59
11/14/14,48
11/15/14,25
11/16/14,16
11/17/14,45
11/18/14,64
11/19/14,28
11/20/14,27
11/21/14,34
11/22/14,16
11/23/14,17
11/24/14,39
11/25/14,27
11/26/14,50
11/27/14,17
11/28/14,16
11/29/14,33
11/30/14,16
12/1/14,32
12/2/14,44
12/3/14,52
12/4/14,33
12/5/14,47
12/6/14,41
12/7/14,16
12/8/14,46
12/9/14,51
12/10/14,59
12/11/14,54
12/12/14,14
12/13/14,35
12/14/14,9
12/15/14,75
12/16/14,41
12/17/14,49
12/18/14,50
12/19/14,53
12/20/14,27
12/21/14,9
12/22/14,23
12/23/14,46
12/24/14,17
12/25/14,71
12/26/14,35
12/27/14,17
12/28/14,9
12/29/14,37
12/30/14,22
12/31/14,31
1/1/15,54
1/2/15,38
1/3/15,17
1/4/15,8
1/5/15,20
1/6/15,27
1/7/15,34
1/8/15,74
1/9/15,13
1/10/15,16
1/11/15,23
1/12/15,55
1/13/15,55
1/14/15,50
1/15/15,19
1/16/15,13
1/17/15,16
1/18/15,31
1/19/15,0
1/20/15,43
1/21/15,54
1/22/15,25
1/23/15,38
1/24/15,31
1/25/15,31
1/26/15,18
1/27/15,55
1/28/15,37
1/29/15,56
1/30/15,63
1/31/15,23
2/1/15,22
2/2/15,30
2/3/15,48
2/4/15,71
2/5/15,30
2/6/15,25
2/7/15,30
2/8/15,46
2/9/15,41
2/10/15,42
2/11/15,24
2/12/15,42
2/13/15,13
2/14/15,69
2/15/15,23
2/16/15,6
2/17/15,37
2/18/15,24
2/19/15,37
2/20/15,44
2/21/15,38
2/22/15,38
2/23/15,48
2/24/15,36
2/25/15,55
2/26/15,25
2/27/15,55
2/28/15,15
3/1/15,0
3/2/15,36
3/3/15,30
3/4/15,42
3/5/15,30
3/6/15,38
3/7/15,23
3/8/15,47
3/9/15,49
3/10/15,79
3/11/15,37
3/12/15,93
3/13/15,52
3/14/15,16
3/15/15,0
3/16/15,25
3/17/15,100
3/18/15,31
3/19/15,38
3/20/15,13
3/21/15,24
3/22/15,31
3/23/15,18
3/24/15,50
3/25/15,10
3/26/15,37
3/27/15,32
3/28/15,26
3/29/15,26
3/30/15,63
3/31/15,19
4/1/15,64
4/2/15,46
4/3/15,49
4/4/15,8
4/5/15,43
4/6/15,26
4/7/15,19
4/8/15,44
4/9/15,50
4/10/15,19
4/11/15,8
4/12/15,8
4/13/15,75
4/14/15,49
4/15/15,6
4/16/15,100
4/17/15,19
4/18/15,25
4/19/15,24
4/20/15,49
4/21/15,25
4/22/15,74
4/23/15,45
4/24/15,46
4/25/15,41
4/26/15,8
4/27/15,50
4/28/15,56
4/29/15,25
4/30/15,63
5/1/15,7
5/2/15,17
5/3/15,8
5/4/15,51
5/5/15,51
5/6/15,38
5/7/15,38
5/8/15,61
5/9/15,26
5/10/15,26
5/11/15,52
5/12/15,32
5/13/15,71
5/14/15,32
5/15/15,41
5/16/15,9
5/17/15,17
5/18/15,19
5/19/15,59
5/20/15,32
5/21/15,34
5/22/15,64
5/23/15,9
5/24/15,28
5/25/15,42
5/26/15,46
5/27/15,39
5/28/15,59
5/29/15,34
5/30/15,9
5/31/15,0
6/1/15,26
6/2/15,33
6/3/15,34
6/4/15,20
6/5/15,36
6/6/15,9
6/7/15,9
6/8/15,13
6/9/15,77
6/10/15,26
6/11/15,35
6/12/15,36
6/13/15,11
6/14/15,11
6/15/15,42
6/16/15,34
6/17/15,77
6/18/15,52
6/19/15,45
6/20/15,11
6/21/15,56
6/22/15,35
6/23/15,76
6/24/15,17
6/25/15,26
6/26/15,27
6/27/15,21
6/28/15,22
6/29/15,52
6/30/15,59
7/1/15,17
7/2/15,44
7/3/15,85
7/4/15,36
7/5/15,12
7/6/15,61
7/7/15,43
7/8/15,34
7/9/15,34
7/10/15,72
7/11/15,11
7/12/15,44
7/13/15,25
7/14/15,25
7/15/15,34
7/16/15,52
7/17/15,9
7/18/15,34
7/19/15,47
7/20/15,45
7/21/15,52
7/22/15,34
7/23/15,86
7/24/15,36
7/25/15,0
7/26/15,11
7/27/15,34
7/28/15,8
7/29/15,26
7/30/15,35
7/31/15,45
8/1/15,11
8/2/15,22
8/3/15,43
8/4/15,42
8/5/15,43
8/6/15,26
8/7/15,54
8/8/15,11
8/9/15,44
8/10/15,43
8/11/15,67
8/12/15,43
8/13/15,17
8/14/15,27
8/15/15,11
8/16/15,55
8/17/15,34
8/18/15,17
8/19/15,0
8/20/15,34
8/21/15,17
8/22/15,21
8/23/15,32
8/24/15,41
8/25/15,49
8/26/15,49
8/27/15,25
8/28/15,17
8/29/15,11
8/30/15,21
8/31/15,48
9/1/15,16
9/2/15,32
9/3/15,8
9/4/15,42
9/5/15,21
9/6/15,0
9/7/15,30
9/8/15,56
9/9/15,39
9/10/15,55
9/11/15,33
9/12/15,10
9/13/15,41
9/14/15,16
9/15/15,31
9/16/15,71
9/17/15,63
9/18/15,17
9/19/15,10
9/20/15,41
9/21/15,54
9/22/15,31
9/23/15,32
9/24/15,40
9/25/15,50
9/26/15,21
9/27/15,41
9/28/15,23
9/29/15,31
9/30/15,39
10/1/15,86
10/2/15,24
10/3/15,0
10/4/15,70
10/5/15,55
10/6/15,47
10/7/15,71
10/8/15,87
10/9/15,33
10/10/15,31
10/11/15,21
10/12/15,56
10/13/15,47
10/14/15,62
10/15/15,78
10/16/15,64
10/17/15,31
10/18/15,20
10/19/15,70
10/20/15,75
10/21/15,23
10/22/15,100
10/23/15,48
10/24/15,30
10/25/15,20
10/26/15,77
10/27/15,45
10/28/15,52
10/29/15,46
10/30/15,32
10/31/15,51
11/1/15,10
11/2/15,67
11/3/15,75
11/4/15,83
11/5/15,30
11/6/15,31
11/7/15,20
11/8/15,20
11/9/15,45
11/10/15,75
11/11/15,64
11/12/15,39
11/13/15,48
11/14/15,10
11/15/15,68
11/16/15,23
11/17/15,53
11/18/15,76
11/19/15,69
11/20/15,24
11/21/15,20
11/22/15,19
11/23/15,23
11/24/15,55
11/25/15,34
11/26/15,41
11/27/15,38
11/28/15,29
11/29/15,29
11/30/15,43
12/1/15,43
12/2/15,67
12/3/15,74
12/4/15,54
12/5/15,29
12/6/15,29
12/7/15,74
12/8/15,74
12/9/15,60
12/10/15,38
12/11/15,31
12/12/15,30
12/13/15,29
12/14/15,30
12/15/15,53
12/16/15,54
12/17/15,71
12/18/15,17
12/19/15,10
12/20/15,21
12/21/15,42
12/22/15,34
12/23/15,9
12/24/15,20
12/25/15,12
12/26/15,10
12/27/15,40
12/28/15,0
12/29/15,0
12/30/15,35
12/31/15,27
1/9/16,25
1/10/16,48
1/11/16,21
1/12/16,29
1/13/16,72
1/14/16,27
1/15/16,66
1/16/16,17
1/17/16,33
1/18/16,15
1/19/16,22
1/20/16,29
1/21/16,29
1/22/16,44
1/23/16,17
1/24/16,34
1/25/16,28
1/26/16,100
1/27/16,64
1/28/16,44
1/29/16,44
1/30/16,43
1/31/16,42
2/1/16,42
2/2/16,82
2/3/16,57
2/4/16,100
2/5/16,36
2/6/16,51
2/7/16,17
2/8/16,48
2/9/16,55
2/10/16,14
2/11/16,63
2/12/16,59
2/13/16,59
2/14/16,8
2/15/16,22
2/16/16,34
2/17/16,49
2/18/16,63
2/19/16,51
2/20/16,34
2/21/16,17
2/22/16,69
2/23/16,76
2/24/16,34
2/25/16,63
2/26/16,36
2/27/16,25
2/28/16,34
2/29/16,47
3/1/16,89
3/2/16,75
3/3/16,91
3/4/16,99
3/5/16,25
3/6/16,33
3/7/16,49
3/8/16,35
3/9/16,70
3/10/16,28
3/11/16,44
3/12/16,34
3/13/16,25
3/14/16,70
3/15/16,35
3/16/16,28
3/17/16,50
3/18/16,30
3/19/16,43
3/20/16,17
3/21/16,42
3/22/16,57
3/23/16,44
3/24/16,22
3/25/16,47
3/26/16,43
3/27/16,27
3/28/16,22
3/29/16,28
3/30/16,50
3/31/16,57
4/1/16,29
4/2/16,43
4/3/16,68
4/4/16,28
4/5/16,28
4/6/16,49
4/7/16,63
4/8/16,22
4/9/16,59
4/10/16,25
4/11/16,70
4/12/16,35
4/13/16,28
4/14/16,21
4/15/16,30
4/16/16,53
4/17/16,18
4/18/16,91
4/19/16,64
4/20/16,78
4/21/16,35
4/22/16,50
4/23/16,70
4/24/16,43
4/25/16,62
4/26/16,62
4/27/16,55
4/28/16,49
4/29/16,73
4/30/16,26
5/1/16,34
5/2/16,56
5/3/16,55
5/4/16,21
5/5/16,42
5/6/16,74
5/7/16,9
5/8/16,52
5/9/16,43
5/10/16,42
5/11/16,43
5/12/16,44
5/13/16,60
5/14/16,18
5/15/16,35
5/16/16,36
5/17/16,35
5/18/16,36
5/19/16,36
5/20/16,38
5/21/16,0
5/22/16,53
5/23/16,57
5/24/16,22
5/25/16,58
5/26/16,37
5/27/16,46
5/28/16,27
5/29/16,18
5/30/16,34
5/31/16,29
6/1/16,44
6/2/16,45
6/3/16,68
6/4/16,26
6/5/16,26
6/6/16,29
6/7/16,22
6/8/16,59
6/9/16,35
6/10/16,37
6/11/16,11
6/12/16,52
6/13/16,26
6/14/16,35
6/15/16,61
6/16/16,53
6/17/16,27
6/18/16,32
6/19/16,0
6/20/16,35
6/21/16,44
6/22/16,18
6/23/16,18
6/24/16,73
6/25/16,53
6/26/16,32
6/27/16,53
6/28/16,52
6/29/16,36
6/30/16,27
7/1/16,74
7/2/16,11
7/3/16,55
7/4/16,43
7/5/16,38
7/6/16,36
7/7/16,27
7/8/16,37
7/9/16,11
7/10/16,21
7/11/16,36
7/12/16,37
7/13/16,37
7/14/16,26
7/15/16,28
7/16/16,32
7/17/16,32
7/18/16,18
7/19/16,36
7/20/16,37
7/21/16,36
7/22/16,75
7/23/16,63
7/24/16,11
7/25/16,27
7/26/16,90
7/27/16,36
7/28/16,18
7/29/16,46
7/30/16,21
7/31/16,31
8/1/16,44
8/2/16,36
8/3/16,36
8/4/16,28
8/5/16,0
8/6/16,33
8/7/16,11
8/8/16,46
8/9/16,27
8/10/16,47
8/11/16,48
8/12/16,19
8/13/16,11
8/14/16,11
8/15/16,38
8/16/16,57
8/17/16,48
8/18/16,19
8/19/16,50
8/20/16,45
8/21/16,34
8/22/16,29
8/23/16,47
8/24/16,18
8/25/16,44
8/26/16,18
8/27/16,31
8/28/16,0
8/29/16,43
8/30/16,43
8/31/16,35
9/1/16,17
9/2/16,45
9/3/16,51
9/4/16,10
9/5/16,29
9/6/16,25
9/7/16,59
9/8/16,0
9/9/16,26
9/10/16,60
9/11/16,68
9/12/16,25
9/13/16,25
9/14/16,68
9/15/16,51
9/16/16,44
9/17/16,10
9/18/16,10
9/19/16,57
9/20/16,34
9/21/16,50
9/22/16,51
9/23/16,53
9/24/16,41
9/25/16,20
9/26/16,67
9/27/16,75
9/28/16,67
9/29/16,51
9/30/16,86
10/1/16,20
10/2/16,78
10/3/16,59
10/4/16,41
10/5/16,75
10/6/16,34
10/7/16,60
10/8/16,61
10/9/16,30
10/10/16,43
10/11/16,17
10/12/16,17
10/13/16,85
10/14/16,44
10/15/16,21
10/16/16,0
10/17/16,33
10/18/16,91
10/19/16,94
10/20/16,100
10/21/16,34
10/22/16,31
10/23/16,30
10/24/16,58
10/25/16,58
10/26/16,67
10/27/16,25
10/28/16,35
10/29/16,30
10/30/16,20
10/31/16,75
11/1/16,68
11/2/16,74
11/3/16,48
11/4/16,60
11/5/16,20
11/6/16,29
11/7/16,88
11/8/16,63
11/9/16,65
11/10/16,50
11/11/16,69
11/12/16,30
11/13/16,39
11/14/16,89
11/15/16,40
11/16/16,73
11/17/16,83
11/18/16,76
11/19/16,59
11/20/16,68
11/21/16,65
11/22/16,59
11/23/16,72
11/24/16,29
11/25/16,36
11/26/16,66
11/27/16,56
11/28/16,59
11/29/16,67
11/30/16,54
12/1/16,71
12/2/16,71
12/3/16,84
12/4/16,53
12/5/16,70
12/6/16,67
12/7/16,78
12/8/16,94
12/9/16,81
12/10/16,48
12/11/16,55
12/12/16,91
12/13/16,70
12/14/16,54
12/15/16,96
12/16/16,67
12/17/16,10
12/18/16,39
12/19/16,49
12/20/16,42
12/21/16,51
12/22/16,18
12/23/16,45
12/24/16,0
12/25/16,43
12/26/16,38
12/27/16,17
12/28/16,26
12/29/16,43
12/30/16,18
12/31/16,56
1/1/17,10
1/2/17,17
1/3/17,24
1/4/17,72
1/5/17,82
1/6/17,32
1/7/17,46
1/8/17,37
1/9/17,22
1/10/17,44
1/11/17,17
1/12/17,45
1/13/17,28
1/14/17,52
1/15/17,19
1/16/17,34
1/17/17,22
1/18/17,33
1/19/17,82
1/20/17,33
1/21/17,19
1/22/17,56
1/23/17,41
1/24/17,32
1/25/17,44
1/26/17,32
1/27/17,73
1/28/17,33
1/29/17,19
1/30/17,26
1/31/17,48
2/1/17,37
2/2/17,74
2/3/17,28
2/4/17,20
2/5/17,25
2/6/17,36
2/7/17,31
2/8/17,32
2/9/17,21
2/10/17,11
2/11/17,13
2/12/17,26
2/13/17,41
2/14/17,38
2/15/17,49
2/16/17,48
2/17/17,54
2/18/17,26
2/19/17,33
2/20/17,28
2/21/17,69
2/22/17,32
2/23/17,69
2/24/17,33
2/25/17,19
2/26/17,44
2/27/17,44
2/28/17,50
3/1/17,60
3/2/17,30
3/3/17,32
3/4/17,32
3/5/17,56
3/6/17,50
3/7/17,45
3/8/17,53
3/9/17,42
3/10/17,11
3/11/17,38
3/12/17,18
3/13/17,75
3/14/17,27
3/15/17,48
3/16/17,38
3/17/17,62
3/18/17,26
3/19/17,0
3/20/17,48
3/21/17,48
3/22/17,43
3/23/17,60
3/24/17,11
3/25/17,19
3/26/17,19
3/27/17,32
3/28/17,37
3/29/17,38
3/30/17,38
3/31/17,55
4/1/17,58
4/2/17,45
4/3/17,32
4/4/17,69
4/5/17,37
4/6/17,42
4/7/17,22
4/8/17,7
4/9/17,27
4/10/17,38
4/11/17,32
4/12/17,38
4/13/17,27
4/14/17,30
4/15/17,13
4/16/17,28
4/17/17,55
4/18/17,43
4/19/17,16
4/20/17,49
4/21/17,50
4/22/17,20
4/23/17,33
4/24/17,48
4/25/17,47
4/26/17,100
4/27/17,43
4/28/17,61
4/29/17,39
4/30/17,39
5/1/17,37
5/2/17,42
5/3/17,32
5/4/17,54
5/5/17,39
5/6/17,27
5/7/17,33
5/8/17,16
5/9/17,27
5/10/17,33
5/11/17,67
5/12/17,40
5/13/17,7
5/14/17,42
5/15/17,34
5/16/17,29
5/17/17,47
5/18/17,41
5/19/17,24
5/20/17,28
5/21/17,14
5/22/17,46
5/23/17,33
5/24/17,41
5/25/17,58
5/26/17,31
5/27/17,15
5/28/17,30
5/29/17,7
5/30/17,23
5/31/17,39
6/1/17,35
6/2/17,37
6/3/17,35
6/4/17,28
6/5/17,34
6/6/17,23
6/7/17,17
6/8/17,53
6/9/17,20
6/10/17,31
6/11/17,16
6/12/17,26
6/13/17,19
6/14/17,26
6/15/17,13
6/16/17,27
6/17/17,23
6/18/17,8
6/19/17,39
6/20/17,62
6/21/17,25
6/22/17,31
6/23/17,13
6/24/17,46
6/25/17,0
6/26/17,40
6/27/17,34
6/28/17,35
6/29/17,7
6/30/17,42
7/1/17,8
7/2/17,25
7/3/17,22
7/4/17,56
7/5/17,21
7/6/17,48
7/7/17,14
7/8/17,31
7/9/17,63
7/10/17,13
7/11/17,27
7/12/17,40
7/13/17,47
7/14/17,34
7/15/17,31
7/16/17,64
7/17/17,61
7/18/17,13
7/19/17,40
7/20/17,27
7/21/17,34
7/22/17,15
7/23/17,39
7/24/17,40
7/25/17,33
7/26/17,46
7/27/17,39
7/28/17,27
7/29/17,15
7/30/17,32
7/31/17,27
8/1/17,44
8/2/17,24
8/3/17,19
8/4/17,27
8/5/17,30
8/6/17,45
8/7/17,6
8/8/17,18
8/9/17,13
8/10/17,59
8/11/17,20
8/12/17,45
8/13/17,23
8/14/17,20
8/15/17,19
8/16/17,32
8/17/17,6
8/18/17,33
8/19/17,8
8/20/17,7
8/21/17,30
8/22/17,19
8/23/17,32
8/24/17,44
8/25/17,32
8/26/17,22
8/27/17,43
8/28/17,19
8/29/17,12
8/30/17,37
8/31/17,57
9/1/17,19
9/2/17,29
9/3/17,37
9/4/17,14
9/5/17,47
9/6/17,41
9/7/17,36
9/8/17,24
9/9/17,7
9/10/17,7
9/11/17,36
9/12/17,48
9/13/17,43
9/14/17,67
9/15/17,44
9/16/17,44
9/17/17,43
9/18/17,54
9/19/17,30
9/20/17,42
9/21/17,18
9/22/17,50
9/23/17,37
9/24/17,44
9/25/17,49
9/26/17,85
9/27/17,43
9/28/17,43
9/29/17,62
9/30/17,37
10/1/17,29
10/2/17,47
10/3/17,65
10/4/17,66
10/5/17,43
10/6/17,49
10/7/17,21
10/8/17,49
10/9/17,42
10/10/17,47
10/11/17,53
10/12/17,36
10/13/17,43
10/14/17,66
10/15/17,29
10/16/17,36
10/17/17,42
10/18/17,78
10/19/17,91
10/20/17,44
10/21/17,29
10/22/17,14
10/23/17,47
10/24/17,24
10/25/17,54
10/26/17,43
10/27/17,44
10/28/17,44
10/29/17,58
10/30/17,24
10/31/17,61
11/1/17,75
11/2/17,82
11/3/17,61
11/4/17,28
11/5/17,35
11/6/17,47
11/7/17,76
11/8/17,42
11/9/17,59
11/10/17,44
11/11/17,14
11/12/17,21
11/13/17,30
11/14/17,65
11/15/17,76
11/16/17,65
11/17/17,31
11/18/17,28
11/19/17,36
11/20/17,54
11/21/17,31
11/22/17,13
11/23/17,22
11/24/17,28
11/25/17,35
11/26/17,14
11/27/17,66
11/28/17,51
11/29/17,40
11/30/17,29
12/1/17,42
12/2/17,29
12/3/17,55
12/4/17,29
12/5/17,75
12/6/17,100
12/7/17,53
12/8/17,72
12/9/17,36
12/10/17,43
12/11/17,77
12/12/17,59
12/13/17,59
12/14/17,30
12/15/17,12
12/16/17,37
12/17/17,36
12/18/17,36
12/19/17,67
12/20/17,69
12/21/17,20
12/22/17,28
12/23/17,83
12/24/17,24
12/25/17,17
12/26/17,28
12/27/17,40
12/28/17,13
12/29/17,34
12/30/17,22
12/31/17,57
1/1/18,22
1/2/18,19
1/3/18,48
1/4/18,55
1/5/18,50
1/6/18,35
1/7/18,61
1/8/18,41
1/9/18,38
1/10/18,44
1/11/18,19
1/12/18,39
1/13/18,40
1/14/18,17
1/15/18,20
1/16/18,24
1/17/18,42
1/18/18,48
1/19/18,50
1/20/18,40
1/21/18,28
1/22/18,28
1/23/18,43
1/24/18,33
1/25/18,43
1/26/18,29
1/27/18,17
1/28/18,34
1/29/18,37
1/30/18,47
1/31/18,47
2/1/18,52
2/2/18,39
2/3/18,23
2/4/18,22
2/5/18,33
2/6/18,97
2/7/18,47
2/8/18,75
2/9/18,48
2/10/18,17
2/11/18,39
2/12/18,75
2/13/18,85
2/14/18,100
2/15/18,53
2/16/18,39
2/17/18,11
2/18/18,62
2/19/18,34
2/20/18,33
2/21/18,66
2/22/18,42
2/23/18,29
2/24/18,44
2/25/18,11
2/26/18,37
2/27/18,19
2/28/18,57
3/1/18,41
3/2/18,61
3/3/18,6
3/4/18,45
3/5/18,60
3/6/18,38
3/7/18,46
3/8/18,47
3/9/18,44
3/10/18,39
3/11/18,22
3/12/18,43
3/13/18,47
3/14/18,52
3/15/18,28
3/16/18,34
3/17/18,51
3/18/18,34
3/19/18,33
3/20/18,52
3/21/18,70
3/22/18,38
3/23/18,25
3/24/18,58
3/25/18,46
3/26/18,44
3/27/18,39
3/28/18,29
3/29/18,30
3/30/18,42
3/31/18,12
4/1/18,36
4/2/18,25
4/3/18,52
4/4/18,29
4/5/18,24
4/6/18,29
4/7/18,22
4/8/18,28
4/9/18,33
4/10/18,33
4/11/18,33
4/12/18,39
4/13/18,40
4/14/18,11
4/15/18,34
4/16/18,32
4/17/18,23
4/18/18,48
4/19/18,67
4/20/18,44
4/21/18,29
4/22/18,46
4/23/18,33
4/24/18,46
4/25/18,33
4/26/18,33
4/27/18,29
4/28/18,35
4/29/18,35
4/30/18,47
5/1/18,66
5/2/18,38
5/3/18,38
5/4/18,30
5/5/18,12
5/6/18,41
5/7/18,33
5/8/18,33
5/9/18,71
5/10/18,39
5/11/18,45
5/12/18,30
5/13/18,30
5/14/18,49
5/15/18,53
5/16/18,48
5/17/18,59
5/18/18,20
5/19/18,6
5/20/18,42
5/21/18,24
5/22/18,48
5/23/18,35
5/24/18,36
5/25/18,5
5/26/18,24
5/27/18,24
5/28/18,51
5/29/18,19
5/30/18,34
5/31/18,30
6/1/18,35
6/2/18,30
6/3/18,36
6/4/18,30
6/5/18,49
6/6/18,20
6/7/18,30
6/8/18,51
6/9/18,15
6/10/18,76
6/11/18,55
6/12/18,53
6/13/18,60
6/14/18,25
6/15/18,26
6/16/18,30
6/17/18,31
6/18/18,32
6/19/18,57
6/20/18,58
6/21/18,38
6/22/18,53
6/23/18,30
6/24/18,30
6/25/18,32
6/26/18,44
6/27/18,45
6/28/18,72
6/29/18,27
6/30/18,8
7/1/18,60
7/2/18,39
7/3/18,33
7/4/18,8
7/5/18,21
7/6/18,58
7/7/18,30
7/8/18,30
7/9/18,31
7/10/18,50
7/11/18,48
7/12/18,33
7/13/18,33
7/14/18,45
7/15/18,52
7/16/18,52
7/17/18,19
7/18/18,33
7/19/18,87
7/20/18,47
7/21/18,8
7/22/18,75
7/23/18,39
7/24/18,26
7/25/18,64
7/26/18,13
7/27/18,67
7/28/18,61
7/29/18,47
7/30/18,59
7/31/18,84
8/1/18,64
8/2/18,50
8/3/18,33
8/4/18,8
8/5/18,52
8/6/18,39
8/7/18,44
8/8/18,51
8/9/18,39
8/10/18,66
8/11/18,15
8/12/18,30
8/13/18,39
8/14/18,71
8/15/18,53
8/16/18,72
8/17/18,32
8/18/18,8
8/19/18,61
8/20/18,45
8/21/18,51
8/22/18,32
8/23/18,59
8/24/18,40
8/25/18,0
8/26/18,15
8/27/18,71
8/28/18,51
8/29/18,31
8/30/18,45
8/31/18,52
9/1/18,37
9/2/18,8
9/3/18,64
9/4/18,62
9/5/18,55
9/6/18,24
9/7/18,25
9/8/18,22
9/9/18,42
9/10/18,60
9/11/18,36
9/12/18,60
9/13/18,37
9/14/18,44
9/15/18,22
9/16/18,36
9/17/18,54
9/18/18,30
9/19/18,56
9/20/18,61
9/21/18,45
9/22/18,30
9/23/18,37
9/24/18,18
9/25/18,60
9/26/18,37
9/27/18,74
9/28/18,57
9/29/18,53
9/30/18,36
10/1/18,30
10/2/18,61
10/3/18,80
10/4/18,68
10/5/18,45
10/6/18,30
10/7/18,0
10/8/18,25
10/9/18,50
10/10/18,49
10/11/18,63
10/12/18,72
10/13/18,8
10/14/18,52
10/15/18,75
10/16/18,50
10/17/18,81
10/18/18,51
10/19/18,59
10/20/18,36
10/21/18,22
10/22/18,37
10/23/18,43
10/24/18,42
10/25/18,19
10/26/18,72
10/27/18,30
10/28/18,37
10/29/18,61
10/30/18,50
10/31/18,46
11/1/18,78
11/2/18,32
11/3/18,37
11/4/18,50
11/5/18,46
11/6/18,68
11/7/18,32
11/8/18,60
11/9/18,100
11/10/18,22
11/11/18,44
11/12/18,31
11/13/18,79
11/14/18,69
11/15/18,49
11/16/18,70
11/17/18,7
11/18/18,44
11/19/18,57
11/20/18,64
11/21/18,27
11/22/18,30
11/23/18,34
11/24/18,35
11/25/18,14
11/26/18,69
11/27/18,30
11/28/18,30
11/29/18,36
11/30/18,36
12/1/18,43
12/2/18,28
12/3/18,60
12/4/18,79
12/5/18,55
12/6/18,62
12/7/18,57
12/8/18,29
12/9/18,36
12/10/18,67
12/11/18,55
12/12/18,75
12/13/18,43
12/14/18,30
12/15/18,30
12/16/18,37
12/17/18,23
12/18/18,60
12/19/18,32
12/20/18,46
12/21/18,27
12/22/18,8
12/23/18,39
12/24/18,93
12/25/18,51
12/26/18,37
12/27/18,55
12/28/18,54
12/29/18,44
12/30/18,37
12/31/18,35
1/1/19,45
1/2/19,59
1/3/19,51
1/4/19,38
1/5/19,50
1/6/19,42
1/7/19,43
1/8/19,12
1/9/19,30
1/10/19,29
1/11/19,55
1/12/19,14
1/13/19,20
1/14/19,35
1/15/19,58
1/16/19,35
1/17/19,29
1/18/19,59
1/19/19,41
1/20/19,39
1/21/19,24
1/22/19,64
1/23/19,35
1/24/19,63
1/25/19,36
1/26/19,57
1/27/19,14
1/28/19,69
1/29/19,23
1/30/19,34
1/31/19,58
2/1/19,29
2/2/19,48
2/3/19,40
2/4/19,55
2/5/19,40
2/6/19,62
2/7/19,34
2/8/19,52
2/9/19,20
2/10/19,47
2/11/19,39
2/12/19,51
2/13/19,28
2/14/19,85
2/15/19,24
2/16/19,27
2/17/19,40
2/18/19,30
2/19/19,34
2/20/19,34
2/21/19,17
2/22/19,29
2/23/19,73
2/24/19,34
2/25/19,22
2/26/19,79
2/27/19,33
2/28/19,34
3/1/19,40
3/2/19,27
3/3/19,7
3/4/19,57
3/5/19,75
3/6/19,55
3/7/19,46
3/8/19,36
3/9/19,50
3/10/19,42
3/11/19,70
3/12/19,58
3/13/19,24
3/14/19,18
3/15/19,47
3/16/19,42
3/17/19,36
3/18/19,48
3/19/19,64
3/20/19,36
3/21/19,65
3/22/19,55
3/23/19,42
3/24/19,33
3/25/19,77
3/26/19,60
3/27/19,24
3/28/19,89
3/29/19,30
3/30/19,49
3/31/19,42
4/1/19,58
4/2/19,35
4/3/19,24
4/4/19,41
4/5/19,36
4/6/19,29
4/7/19,57
4/8/19,52
4/9/19,12
4/10/19,30
4/11/19,52
4/12/19,37
4/13/19,65
4/14/19,21
4/15/19,47
4/16/19,36
4/17/19,67
4/18/19,55
4/19/19,19
4/20/19,43
4/21/19,23
4/22/19,80
4/23/19,36
4/24/19,84
4/25/19,100
4/26/19,47
4/27/19,57
4/28/19,64
4/29/19,65
4/30/19,63
5/1/19,64
5/2/19,75
5/3/19,24
5/4/19,42
5/5/19,14
5/6/19,46
5/7/19,59
5/8/19,35
5/9/19,58
5/10/19,43
5/11/19,22
5/12/19,36
5/13/19,78
5/14/19,48
5/15/19,53
5/16/19,48
5/17/19,19
5/18/19,29
5/19/19,44
5/20/19,30
5/21/19,48
5/22/19,42
5/23/19,49
5/24/19,19
5/25/19,22
5/26/19,46
5/27/19,57
5/28/19,18
5/29/19,35
5/30/19,41
5/31/19,49
6/1/19,14
6/2/19,21
6/3/19,47
6/4/19,36
6/5/19,66
6/6/19,48
6/7/19,31
6/8/19,0
6/9/19,77
6/10/19,26
6/11/19,59
6/12/19,53
6/13/19,33
6/14/19,73
6/15/19,23
6/16/19,31
6/17/19,39
6/18/19,32
6/19/19,59
6/20/19,45
6/21/19,7
6/22/19,40
6/23/19,24
6/24/19,54
6/25/19,13
6/26/19,46
6/27/19,26
6/28/19,42
6/29/19,31
6/30/19,8
7/1/19,33
7/2/19,47
7/3/19,40
7/4/19,15
7/5/19,0
7/6/19,45
7/7/19,37
7/8/19,26
7/9/19,33
7/10/19,13
7/11/19,85
7/12/19,67
7/13/19,23
7/14/19,16
7/15/19,46
7/16/19,26
7/17/19,39
7/18/19,40
7/19/19,27
7/20/19,77
7/21/19,8
7/22/19,40
7/23/19,46
7/24/19,55
7/25/19,21
7/26/19,21
7/27/19,32
7/28/19,47
7/29/19,41
7/30/19,41
7/31/19,27
8/1/19,13
8/2/19,35
8/3/19,15
8/4/19,77
8/5/19,27
8/6/19,13
8/7/19,27
8/8/19,33
8/9/19,54
8/10/19,54
8/11/19,31
8/12/19,26
8/13/19,46
8/14/19,69
8/15/19,19
8/16/19,53
8/17/19,23
8/18/19,68
8/19/19,51
8/20/19,51
8/21/19,77
8/22/19,58
8/23/19,26
8/24/19,53
8/25/19,22
8/26/19,38
8/27/19,37
8/28/19,44
8/29/19,37
8/30/19,67
8/31/19,22
9/1/19,36
9/2/19,33
9/3/19,24
9/4/19,54
9/5/19,53
9/6/19,100
9/7/19,35
9/8/19,41
9/9/19,42
9/10/19,41
9/11/19,24
9/12/19,60
9/13/19,60
9/14/19,51
9/15/19,27
9/16/19,46
9/17/19,69
9/18/19,47
9/19/19,12
9/20/19,24
9/21/19,49
9/22/19,28
9/23/19,58
9/24/19,48
9/25/19,60
9/26/19,61
9/27/19,43
9/28/19,44
9/29/19,50
9/30/19,60
10/1/19,66
10/2/19,64
10/3/19,48
10/4/19,43
10/5/19,7
10/6/19,29
10/7/19,30
10/8/19,78
10/9/19,73
10/10/19,24
10/11/19,49
10/12/19,29
10/13/19,49
10/14/19,54
10/15/19,60
10/16/19,48
10/17/19,60
10/18/19,49
10/19/19,43
10/20/19,55
10/21/19,41
10/22/19,57
10/23/19,76
10/24/19,89
10/25/19,37
10/26/19,36
10/27/19,89
10/28/19,68
10/29/19,42
10/30/19,41
10/31/19,54
11/1/19,38
11/2/19,21
11/3/19,42
11/4/19,59
11/5/19,35
11/6/19,59
11/7/19,53
11/8/19,53
11/9/19,21
11/10/19,21
11/11/19,42
11/12/19,46
11/13/19,58
11/14/19,64
11/15/19,47
11/16/19,48
11/17/19,27
11/18/19,17
11/19/19,59
11/20/19,53
11/21/19,47
11/22/19,72
11/23/19,14
11/24/19,34
11/25/19,12
11/26/19,55
11/27/19,38
11/28/19,54
11/29/19,39
11/30/19,40
12/1/19,39
12/2/19,11
12/3/19,39
12/4/19,82
12/5/19,94
12/6/19,76
12/7/19,49
12/8/19,40
12/9/19,60
12/10/19,84
12/11/19,59
12/12/19,71
12/13/19,65
12/14/19,14
12/15/19,35
12/16/19,23
12/17/19,59
12/18/19,66
12/19/19,66
12/20/19,26
12/21/19,22
12/22/19,22
12/23/19,33
12/24/19,14
12/25/19,24
12/26/19,55
12/27/19,52
12/28/19,35
12/29/19,34
12/30/19,44
12/31/19,46
1/1/20,36
1/2/20,44
1/3/20,42
1/4/20,20
1/5/20,39
1/6/20,18
1/7/20,41
1/8/20,35
1/9/20,51
1/10/20,51
1/11/20,19
1/12/20,25
1/13/20,52
1/14/20,89
1/15/20,27
1/16/20,88
1/17/20,51
1/18/20,64
1/19/20,32
1/20/20,41
1/21/20,34
1/22/20,34
1/23/20,45
1/24/20,56
1/25/20,39
1/26/20,12
1/27/20,21
1/28/20,44
1/29/20,39
1/30/20,63
1/31/20,51
2/1/20,26
2/2/20,45
2/3/20,36
2/4/20,66
2/5/20,39
2/6/20,50
2/7/20,40
2/8/20,26
2/9/20,40
2/10/20,54
2/11/20,65
2/12/20,54
2/13/20,50
2/14/20,46
2/15/20,26
2/16/20,32
2/17/20,29
2/18/20,37
2/19/20,59
2/20/20,43
2/21/20,49
2/22/20,93
2/23/20,57
2/24/20,64
2/25/20,42
2/26/20,51
2/27/20,37
2/28/20,38
2/29/20,19
3/1/20,44
3/2/20,63
3/3/20,31
3/4/20,62
3/5/20,32
3/6/20,43
3/7/20,31
3/8/20,43
3/9/20,63
3/10/20,68
3/11/20,42
3/12/20,55
3/13/20,47
3/14/20,19
3/15/20,60
3/16/20,16
3/17/20,21
3/18/20,37
3/19/20,42
3/20/20,56
3/21/20,53
3/22/20,47
3/23/20,58
3/24/20,51
3/25/20,83
3/26/20,100
3/27/20,69
3/28/20,35
3/29/20,57
3/30/20,54
3/31/20,35
4/1/20,79
4/2/20,35
4/3/20,50
4/4/20,11
4/5/20,57
4/6/20,88
4/7/20,46
4/8/20,55
4/9/20,70
4/10/20,77
4/11/20,46
4/12/20,63
4/13/20,65
4/14/20,49
4/15/20,52
4/16/20,57
4/17/20,57
4/18/20,33
4/19/20,61
4/20/20,67
4/21/20,53
4/22/20,59
4/23/20,81
4/24/20,86
4/25/20,28
4/26/20,22
4/27/20,69
4/28/20,49
4/29/20,67
4/30/20,66
5/1/20,54
5/2/20,51
5/3/20,75
5/4/20,54
5/5/20,64
5/6/20,39
5/7/20,40
5/8/20,59
5/9/20,34
5/10/20,41
5/11/20,39
5/12/20,50
5/13/20,60
5/14/20,44
5/15/20,45
5/16/20,41
5/17/20,29
5/18/20,49
5/19/20,44
5/20/20,65
5/21/20,41
5/22/20,41
5/23/20,53
5/24/20,36
5/25/20,35
5/26/20,20
5/27/20,40
5/28/20,20
5/29/20,26
5/30/20,52
5/31/20,29
6/1/20,51
6/2/20,25
6/3/20,49
6/4/20,43
6/5/20,30
6/6/20,12
6/7/20,18
6/8/20,53
6/9/20,34
6/10/20,65
6/11/20,65
6/12/20,80
6/13/20,36
6/14/20,30
6/15/20,67
6/16/20,46
6/17/20,31
6/18/20,51
6/19/20,43
6/20/20,24
6/21/20,31
6/22/20,48
6/23/20,47
6/24/20,32
6/25/20,52
6/26/20,44
6/27/20,54
6/28/20,36
6/29/20,26
6/30/20,71
7/1/20,49
7/2/20,27
7/3/20,23
7/4/20,46
7/5/20,53
7/6/20,16
7/7/20,38
7/8/20,22
7/9/20,32
7/10/20,50
7/11/20,37
7/12/20,43
7/13/20,16
7/14/20,21
7/15/20,43
7/16/20,60
7/17/20,50
7/18/20,45
7/19/20,51
7/20/20,77
7/21/20,39
7/22/20,49
7/23/20,33
7/24/20,39
7/25/20,13
7/26/20,57
7/27/20,94
7/28/20,33
7/29/20,39
7/30/20,38
7/31/20,73
8/1/20,18
8/2/20,100
8/3/20,38
8/4/20,54
8/5/20,60
8/6/20,71
8/7/20,28
8/8/20,62
8/9/20,51
8/10/20,32
8/11/20,43
8/12/20,49
8/13/20,48
8/14/20,61
8/15/20,44
8/16/20,37
8/17/20,64
8/18/20,48
8/19/20,21
8/20/20,32
8/21/20,43
8/22/20,50
8/23/20,50
8/24/20,51
8/25/20,36
8/26/20,62
8/27/20,66
8/28/20,27
8/29/20,54
8/30/20,25
8/31/20,66
9/1/20,45
9/2/20,65
9/3/20,39
9/4/20,47
9/5/20,19
9/6/20,50
9/7/20,53
9/8/20,64
9/9/20,20
9/10/20,39
9/11/20,61
9/12/20,37
9/13/20,30
9/14/20,44
9/15/20,45
9/16/20,60
9/17/20,59
9/18/20,52
9/19/20,37
9/20/20,43
9/21/20,60
9/22/20,34
9/23/20,51
9/24/20,60
9/25/20,28
9/26/20,32
9/27/20,38
9/28/20,44
9/29/20,53
9/30/20,60
10/1/20,33
10/2/20,44
10/3/20,33
10/4/20,32
10/5/20,48
10/6/20,43
10/7/20,70
10/8/20,38
10/9/20,63
10/10/20,28
10/11/20,27
10/12/20,42
10/13/20,56
10/14/20,80
10/15/20,61
10/16/20,63
10/17/20,43
10/18/20,28
10/19/20,43
10/20/20,31
10/21/20,37
10/22/20,37
10/23/20,43
10/24/20,21
10/25/20,27
10/26/20,37
10/27/20,31
10/28/20,25
10/29/20,48
10/30/20,57
10/31/20,43
11/1/20,28
11/2/20,55
11/3/20,36
11/4/20,32
11/5/20,40
11/6/20,35
11/7/20,18
11/8/20,32
11/9/20,35
11/10/20,35
11/11/20,18
11/12/20,46
11/13/20,42
11/14/20,20
11/15/20,27
11/16/20,18
11/17/20,47
11/18/20,61
11/19/20,48
11/20/20,55
11/21/20,34
11/22/20,40
11/23/20,37
11/24/20,44
11/25/20,38
11/26/20,20
11/27/20,32
11/28/20,46
11/29/20,58
11/30/20,51
12/1/20,64
12/2/20,47
12/3/20,71
12/4/20,36
12/5/20,85
12/6/20,65
12/7/20,64
12/8/20,70
12/9/20,54
12/10/20,42
12/11/20,42
12/12/20,39
12/13/20,52
12/14/20,59
12/15/20,66
12/16/20,61
12/17/20,60
12/18/20,51
12/19/20,34
12/20/20,40
12/21/20,19
12/22/20,25
12/23/20,32
12/24/20,14
12/25/20,61
12/26/20,28
12/27/20,26
12/28/20,37
12/29/20,38
12/30/20,55
12/31/20,37
1/1/21,33
1/2/21,39
1/3/21,32
1/4/21,47
1/5/21,29
1/6/21,51
1/7/21,63
1/8/21,29
1/9/21,15
1/10/21,13
1/11/21,9
1/12/21,14
1/13/21,14
1/14/21,12
1/15/21,26
1/16/21,8
1/17/21,10
1/18/21,22
1/19/21,18
1/20/21,7
1/21/21,20
1/22/21,9
1/23/21,7
1/24/21,18
1/25/21,21
1/26/21,18
1/27/21,18
1/28/21,20
1/29/21,12
1/30/21,19
1/31/21,12
2/1/21,14
2/2/21,21
2/3/21,20
2/4/21,19
2/5/21,20
2/6/21,22
2/7/21,15
2/8/21,11
2/9/21,24
2/10/21,26
2/11/21,23
2/12/21,19
2/13/21,10
2/14/21,3
2/15/21,11
2/16/21,19
2/17/21,19
2/18/21,22
2/19/21,20
2/20/21,9
2/21/21,16
2/22/21,35
2/23/21,30
2/24/21,12
2/25/21,25
2/26/21,22
2/27/21,25
2/28/21,21
3/1/21,17
3/2/21,14
3/3/21,22
3/4/21,28
3/5/21,32
3/6/21,14
3/7/21,18
3/8/21,22
3/9/21,11
3/10/21,25
3/11/21,36
3/12/21,20
3/13/21,27
3/14/21,10
3/15/21,23
3/16/21,26
3/17/21,21
3/18/21,18
3/19/21,17
3/20/21,16
3/21/21,9
3/22/21,31
3/23/21,29
3/24/21,15
3/25/21,25
3/26/21,22
3/27/21,11
3/28/21,9
3/29/21,14
3/30/21,14
3/31/21,17
4/1/21,16
4/2/21,15
4/3/21,15
4/4/21,11
4/5/21,16
4/6/21,17
4/7/21,23
4/8/21,6
4/9/21,8
4/10/21,16
4/11/21,14
4/12/21,25
4/13/21,38
4/14/21,26
4/15/21,17
4/16/21,16
4/17/21,14
4/18/21,16
4/19/21,12
4/20/21,14
4/21/21,14
4/22/21,20
4/23/21,13
4/24/21,18
4/25/21,14
4/26/21,8
4/27/21,24
4/28/21,18
4/29/21,22
4/30/21,21
5/1/21,14
5/2/21,16
5/3/21,28
5/4/21,24
5/5/21,36
5/6/21,28
5/7/21,16
5/8/21,20
5/9/21,20
5/10/21,39
5/11/21,39
5/12/21,100
5/13/21,56
5/14/21,28
5/15/21,22
5/16/21,23
5/17/21,31
5/18/21,25
5/19/21,34
5/20/21,19
5/21/21,10
5/22/21,13
5/23/21,33
5/24/21,22
5/25/21,21
5/26/21,20
5/27/21,23
5/28/21,18
5/29/21,22
5/30/21,18
5/31/21,16
6/1/21,8
6/2/21,26
6/3/21,16
6/4/21,15
6/5/21,18
6/6/21,7
6/7/21,19
6/8/21,30
6/9/21,28
6/10/21,88
6/11/21,31
6/12/21,50
6/13/21,30
6/14/21,100
6/15/21,47
6/16/21,71
6/17/21,51
6/18/21,35
6/19/21,19
6/20/21,47
6/21/21,31
6/22/21,45
6/23/21,20
6/24/21,58
6/25/21,35
6/26/21,35
6/27/21,16
6/28/21,21
6/29/21,17
6/30/21,30
7/1/21,16
7/2/21,21
7/3/21,8
7/4/21,44
7/5/21,15
7/6/21,24
7/7/21,23
7/8/21,17
7/9/21,28
7/10/21,15
7/11/21,19
7/12/21,44
7/13/21,68
7/14/21,57
7/15/21,34
7/16/21,52
7/17/21,23
7/18/21,34
7/19/21,44
7/20/21,49
7/21/21,70
7/22/21,38
7/23/21,28
7/24/21,50
7/25/21,19
7/26/21,41
7/27/21,34
7/28/21,44
7/29/21,40
7/30/21,20
7/31/21,23
8/1/21,26
8/2/21,31
8/3/21,31
8/4/21,28
8/5/21,38
8/6/21,14
8/7/21,4
8/8/21,19
8/9/21,10
8/10/21,18
8/11/21,34
8/12/21,46
8/13/21,25
8/14/21,19
8/15/21,20
8/16/21,28
8/17/21,31
8/18/21,34
8/19/21,38
8/20/21,27
8/21/21,19
8/22/21,19
8/23/21,25
8/24/21,56
8/25/21,20
8/26/21,35
8/27/21,21
8/28/21,27
8/29/21,15
8/30/21,27
8/31/21,35
9/1/21,38
9/2/21,25
9/3/21,41
9/4/21,4
9/5/21,41
9/6/21,24
9/7/21,25
9/8/21,28
9/9/21,11
9/10/21,26
9/11/21,20
9/12/21,23
9/13/21,29
9/14/21,56
9/15/21,41
9/16/21,18
9/17/21,43
9/18/21,12
9/19/21,39
9/20/21,39
9/21/21,18
9/22/21,35
9/23/21,32
9/24/21,26
9/25/21,8
9/26/21,24
9/27/21,21
9/28/21,53
9/29/21,35
9/30/21,43
10/1/21,40
10/2/21,28
10/3/21,34
10/4/21,38
10/5/21,78
10/6/21,32