Daily,VIX:(United States),f
1/1/04,0,1
1/2/04,0,1
1/3/04,0,1
1/4/04,0,1
1/5/04,0,1
1/6/04,0,1
1/7/04,0,1
1/8/04,0,1
1/9/04,0,1
1/10/04,0,1
1/11/04,0,1
1/12/04,0,1
1/13/04,0,1
1/14/04,0,1
1/15/04,0,1
1/16/04,62,1
1/17/04,0,1
1/18/04,0,1
1/19/04,0,1
1/20/04,0,1
1/21/04,0,1
1/22/04,0,1
1/23/04,0,1
1/24/04,0,1
1/25/04,0,1
1/26/04,56,1
1/27/04,0,1
1/28/04,0,1
1/29/04,0,1
1/30/04,0,1
1/31/04,0,1
2/1/04,0,1
2/2/04,0,1
2/3/04,0,1
2/4/04,0,1
2/5/04,0,1
2/6/04,0,1
2/7/04,0,1
2/8/04,0,1
2/9/04,0,1
2/10/04,0,1
2/11/04,0,1
2/12/04,0,1
2/13/04,0,1
2/14/04,0,1
2/15/04,0,1
2/16/04,0,1
2/17/04,0,1
2/18/04,0,1
2/19/04,0,1
2/20/04,0,1
2/21/04,0,1
2/22/04,0,1
2/23/04,0,1
2/24/04,0,1
2/25/04,0,1
2/26/04,0,1
2/27/04,0,1
2/28/04,0,1
2/29/04,0,1
3/1/04,0,1
3/2/04,0,1
3/3/04,0,1
3/4/04,0,1
3/5/04,0,1
3/6/04,0,1
3/7/04,0,1
3/8/04,0,1
3/9/04,0,1
3/10/04,0,1
3/11/04,0,1
3/12/04,0,1
3/13/04,0,1
3/14/04,0,1
3/15/04,0,1
3/16/04,0,1
3/17/04,0,1
3/18/04,0,1
3/19/04,0,1
3/20/04,0,1
3/21/04,0,1
3/22/04,0,1
3/23/04,0,1
3/24/04,0,1
3/25/04,0,1
3/26/04,0,1
3/27/04,0,1
3/28/04,0,1
3/29/04,53,1
3/30/04,0,1
3/31/04,0,1
4/1/04,0,1
4/2/04,0,1
4/3/04,0,1
4/4/04,0,1
4/5/04,0,1
4/6/04,0,1
4/7/04,0,1
4/8/04,0,1
4/9/04,0,1
4/10/04,0,1
4/11/04,0,1
4/12/04,0,1
4/13/04,0,1
4/14/04,0,1
4/15/04,0,1
4/16/04,0,1
4/17/04,0,1
4/18/04,0,1
4/19/04,0,1
4/20/04,0,1
4/21/04,0,1
4/22/04,0,1
4/23/04,0,1
4/24/04,0,1
4/25/04,0,1
4/26/04,0,1
4/27/04,0,1
4/28/04,0,1
4/29/04,0,1
4/30/04,0,1
5/1/04,0,1
5/2/04,0,1
5/3/04,0,1
5/4/04,0,1
5/5/04,0,1
5/6/04,0,1
5/7/04,0,1
5/8/04,0,1
5/9/04,0,1
5/10/04,0,1
5/11/04,0,1
5/12/04,0,1
5/13/04,50,1
5/14/04,0,1
5/15/04,0,1
5/16/04,0,1
5/17/04,0,1
5/18/04,0,1
5/19/04,0,1
5/20/04,0,1
5/21/04,0,1
5/22/04,0,1
5/23/04,0,1
5/24/04,0,1
5/25/04,0,1
5/26/04,0,1
5/27/04,0,1
5/28/04,0,1
5/29/04,100,1
5/30/04,0,1
5/31/04,0,1
6/1/04,0,1
6/2/04,0,1
6/3/04,0,1
6/4/04,0,1
6/5/04,0,1
6/6/04,0,1
6/7/04,0,1
6/8/04,0,1
6/9/04,0,1
6/10/04,0,1
6/11/04,0,1
6/12/04,0,1
6/13/04,0,1
6/14/04,59,1
6/15/04,0,1
6/16/04,0,1
6/17/04,0,1
6/18/04,0,1
6/19/04,0,1
6/20/04,0,1
6/21/04,0,1
6/22/04,0,1
6/23/04,0,1
6/24/04,0,1
6/25/04,0,1
6/26/04,0,1
6/27/04,0,1
6/28/04,0,1
6/29/04,0,1
6/30/04,0,1
7/1/04,0,1
7/2/04,0,1
7/3/04,0,1
7/4/04,0,1
7/5/04,0,1
7/6/04,0,1
7/7/04,0,1
7/8/04,0,1
7/9/04,0,1
7/10/04,0,1
7/11/04,0,1
7/12/04,0,1
7/13/04,0,1
7/14/04,0,1
7/15/04,0,1
7/16/04,0,1
7/17/04,0,1
7/18/04,0,1
7/19/04,0,1
7/20/04,0,1
7/21/04,0,1
7/22/04,0,1
7/23/04,0,1
7/24/04,0,1
7/25/04,0,1
7/26/04,0,1
7/27/04,0,1
7/28/04,0,1
7/29/04,0,1
7/30/04,0,1
7/31/04,0,1
8/1/04,0,1
8/2/04,0,1
8/3/04,0,1
8/4/04,0,1
8/5/04,0,1
8/6/04,0,1
8/7/04,0,1
8/8/04,0,1
8/9/04,0,1
8/10/04,58,1
8/11/04,0,1
8/12/04,0,1
8/13/04,0,1
8/14/04,0,1
8/15/04,0,1
8/16/04,0,1
8/17/04,58,1
8/18/04,0,1
8/19/04,0,1
8/20/04,0,1
8/21/04,0,1
8/22/04,0,1
8/23/04,0,1
8/24/04,55,1
8/25/04,0,1
8/26/04,0,1
8/27/04,0,1
8/28/04,0,1
8/29/04,0,1
8/30/04,0,1
8/31/04,0,1
9/1/04,0,1
9/2/04,0,1
9/3/04,0,1
9/4/04,0,1
9/5/04,0,1
9/6/04,0,1
9/7/04,0,1
9/8/04,0,1
9/9/04,0,1
9/10/04,0,1
9/11/04,0,1
9/12/04,87,1
9/13/04,0,1
9/14/04,0,1
9/15/04,0,1
9/16/04,0,1
9/17/04,0,1
9/18/04,0,1
9/19/04,0,1
9/20/04,0,1
9/21/04,0,1
9/22/04,0,1
9/23/04,0,1
9/24/04,0,1
9/25/04,0,1
9/26/04,0,1
9/27/04,0,1
9/28/04,0,1
9/29/04,100,1
9/30/04,0,1
10/1/04,0,1
10/2/04,0,1
10/3/04,0,1
10/4/04,0,1
10/5/04,0,1
10/6/04,0,1
10/7/04,0,1
10/8/04,0,1
10/9/04,0,1
10/10/04,40,1
10/11/04,0,1
10/12/04,0,1
10/13/04,0,1
10/14/04,0,1
10/15/04,0,1
10/16/04,0,1
10/17/04,0,1
10/18/04,0,1
10/19/04,0,1
10/20/04,0,1
10/21/04,0,1
10/22/04,0,1
10/23/04,0,1
10/24/04,0,1
10/25/04,0,1
10/26/04,0,1
10/27/04,0,1
10/28/04,0,1
10/29/04,100,1
10/30/04,0,1
10/31/04,0,1
11/1/04,0,1
11/2/04,0,1
11/3/04,0,1
11/4/04,22,1
11/5/04,0,1
11/6/04,0,1
11/7/04,0,1
11/8/04,0,1
11/9/04,0,1
11/10/04,0,1
11/11/04,0,1
11/12/04,0,1
11/13/04,0,1
11/14/04,0,1
11/15/04,0,1
11/16/04,0,1
11/17/04,0,1
11/18/04,0,1
11/19/04,0,1
11/20/04,0,1
11/21/04,0,1
11/22/04,0,1
11/23/04,0,1
11/24/04,0,1
11/25/04,0,1
11/26/04,0,1
11/27/04,0,1
11/28/04,0,1
11/29/04,0,1
11/30/04,0,1
12/1/04,0,1
12/2/04,0,1
12/3/04,0,1
12/4/04,0,1
12/5/04,0,1
12/6/04,0,1
12/7/04,0,1
12/8/04,0,1
12/9/04,0,1
12/10/04,0,1
12/11/04,0,1
12/12/04,0,1
12/13/04,0,1
12/14/04,0,1
12/15/04,21,1
12/16/04,0,1
12/17/04,0,1
12/18/04,0,1
12/19/04,0,1
12/20/04,0,1
12/21/04,0,1
12/22/04,0,1
12/23/04,0,1
12/24/04,0,1
12/25/04,0,1
12/26/04,0,1
12/27/04,0,1
12/28/04,0,1
12/29/04,0,1
12/30/04,26,1
12/31/04,0,1
1/1/05,0,1
1/2/05,0,1
1/3/05,0,1
1/4/05,0,1
1/5/05,0,1
1/6/05,0,1
1/7/05,0,1
1/8/05,0,1
1/9/05,0,1
1/10/05,0,1
1/11/05,0,1
1/12/05,0,1
1/13/05,0,1
1/14/05,0,1
1/15/05,0,1
1/16/05,0,1
1/17/05,0,1
1/18/05,0,1
1/19/05,0,1
1/20/05,0,1
1/21/05,0,1
1/22/05,0,1
1/23/05,0,1
1/24/05,0,1
1/25/05,0,1
1/26/05,0,1
1/27/05,0,1
1/28/05,0,1
1/29/05,0,1
1/30/05,0,1
1/31/05,0,1
2/1/05,0,1
2/2/05,0,1
2/3/05,0,1
2/4/05,0,1
2/5/05,0,1
2/6/05,0,1
2/7/05,0,1
2/8/05,0,1
2/9/05,0,1
2/10/05,0,1
2/11/05,64,1
2/12/05,0,1
2/13/05,0,1
2/14/05,0,1
2/15/05,0,1
2/16/05,0,1
2/17/05,0,1
2/18/05,0,1
2/19/05,0,1
2/20/05,0,1
2/21/05,0,1
2/22/05,0,1
2/23/05,0,1
2/24/05,0,1
2/25/05,0,1
2/26/05,0,1
2/27/05,0,1
2/28/05,0,1
3/1/05,0,1
3/2/05,0,1
3/3/05,64,1
3/4/05,0,1
3/5/05,0,1
3/6/05,0,1
3/7/05,0,1
3/8/05,0,1
3/9/05,0,1
3/10/05,0,1
3/11/05,0,1
3/12/05,0,1
3/13/05,0,1
3/14/05,0,1
3/15/05,0,1
3/16/05,0,1
3/17/05,0,1
3/18/05,0,1
3/19/05,100,1
3/20/05,0,1
3/21/05,0,1
3/22/05,0,1
3/23/05,0,1
3/24/05,0,1
3/25/05,0,1
3/26/05,0,1
3/27/05,0,1
3/28/05,0,1
3/29/05,0,1
3/30/05,0,1
3/31/05,0,1
4/1/05,0,1
4/2/05,0,1
4/3/05,0,1
4/4/05,0,1
4/5/05,0,1
4/6/05,0,1
4/7/05,0,1
4/8/05,0,1
4/9/05,0,1
4/10/05,0,1
4/11/05,0,1
4/12/05,0,1
4/13/05,0,1
4/14/05,61,1
4/15/05,0,1
4/16/05,0,1
4/17/05,0,1
4/18/05,0,1
4/19/05,0,1
4/20/05,0,1
4/21/05,62,1
4/22/05,0,1
4/23/05,0,1
4/24/05,0,1
4/25/05,0,1
4/26/05,57,1
4/27/05,0,1
4/28/05,0,1
4/29/05,0,1
4/30/05,0,1
5/1/05,0,1
5/2/05,0,1
5/3/05,0,1
5/4/05,0,1
5/5/05,0,1
5/6/05,0,1
5/7/05,0,1
5/8/05,0,1
5/9/05,0,1
5/10/05,0,1
5/11/05,0,1
5/12/05,0,1
5/13/05,0,1
5/14/05,0,1
5/15/05,0,1
5/16/05,0,1
5/17/05,0,1
5/18/05,0,1
5/19/05,0,1
5/20/05,0,1
5/21/05,0,1
5/22/05,0,1
5/23/05,0,1
5/24/05,0,1
5/25/05,0,1
5/26/05,0,1
5/27/05,0,1
5/28/05,0,1
5/29/05,0,1
5/30/05,0,1
5/31/05,0,1
6/1/05,0,1
6/2/05,0,1
6/3/05,0,1
6/4/05,0,1
6/5/05,0,1
6/6/05,0,1
6/7/05,58,1
6/8/05,0,1
6/9/05,0,1
6/10/05,0,1
6/11/05,0,1
6/12/05,0,1
6/13/05,0,1
6/14/05,61,1
6/15/05,0,1
6/16/05,0,1
6/17/05,0,1
6/18/05,0,1
6/19/05,0,1
6/20/05,62,1
6/21/05,0,1
6/22/05,0,1
6/23/05,0,1
6/24/05,0,1
6/25/05,0,1
6/26/05,0,1
6/27/05,0,1
6/28/05,0,1
6/29/05,0,1
6/30/05,0,1
7/1/05,0,1
7/2/05,0,1
7/3/05,0,1
7/4/05,0,1
7/5/05,0,1
7/6/05,0,1
7/7/05,0,1
7/8/05,0,1
7/9/05,100,1
7/10/05,0,1
7/11/05,0,1
7/12/05,0,1
7/13/05,0,1
7/14/05,0,1
7/15/05,0,1
7/16/05,0,1
7/17/05,0,1
7/18/05,0,1
7/19/05,0,1
7/20/05,0,1
7/21/05,0,1
7/22/05,0,1
7/23/05,0,1
7/24/05,0,1
7/25/05,0,1
7/26/05,58,1
7/27/05,0,1
7/28/05,0,1
7/29/05,0,1
7/30/05,0,1
7/31/05,0,1
8/1/05,0,1
8/2/05,0,1
8/3/05,0,1
8/4/05,0,1
8/5/05,0,1
8/6/05,0,1
8/7/05,0,1
8/8/05,0,1
8/9/05,0,1
8/10/05,0,1
8/11/05,0,1
8/12/05,0,1
8/13/05,0,1
8/14/05,0,1
8/15/05,0,1
8/16/05,0,1
8/17/05,0,1
8/18/05,0,1
8/19/05,0,1
8/20/05,0,1
8/21/05,0,1
8/22/05,0,1
8/23/05,0,1
8/24/05,0,1
8/25/05,0,1
8/26/05,0,1
8/27/05,0,1
8/28/05,0,1
8/29/05,0,1
8/30/05,0,1
8/31/05,0,1
9/1/05,0,1
9/2/05,64,1
9/3/05,0,1
9/4/05,0,1
9/5/05,0,1
9/6/05,0,1
9/7/05,0,1
9/8/05,0,1
9/9/05,0,1
9/10/05,0,1
9/11/05,87,1
9/12/05,0,1
9/13/05,0,1
9/14/05,0,1
9/15/05,0,1
9/16/05,0,1
9/17/05,0,1
9/18/05,0,1
9/19/05,0,1
9/20/05,0,1
9/21/05,0,1
9/22/05,0,1
9/23/05,0,1
9/24/05,0,1
9/25/05,0,1
9/26/05,0,1
9/27/05,0,1
9/28/05,0,1
9/29/05,0,1
9/30/05,0,1
10/1/05,0,1
10/2/05,0,1
10/3/05,0,1
10/4/05,0,1
10/5/05,0,1
10/6/05,0,1
10/7/05,0,1
10/8/05,0,1
10/9/05,0,1
10/10/05,53,1
10/11/05,0,1
10/12/05,0,1
10/13/05,0,1
10/14/05,0,1
10/15/05,0,1
10/16/05,0,1
10/17/05,0,1
10/18/05,0,1
10/19/05,0,1
10/20/05,0,1
10/21/05,0,1
10/22/05,0,1
10/23/05,0,1
10/24/05,0,1
10/25/05,0,1
10/26/05,0,1
10/27/05,51,1
10/28/05,0,1
10/29/05,0,1
10/30/05,0,1
10/31/05,0,1
11/1/05,0,1
11/2/05,0,1
11/3/05,0,1
11/4/05,0,1
11/5/05,0,1
11/6/05,0,1
11/7/05,0,1
11/8/05,0,1
11/9/05,0,1
11/10/05,0,1
11/11/05,0,1
11/12/05,0,1
11/13/05,0,1
11/14/05,0,1
11/15/05,0,1
11/16/05,0,1
11/17/05,0,1
11/18/05,0,1
11/19/05,0,1
11/20/05,0,1
11/21/05,0,1
11/22/05,0,1
11/23/05,0,1
11/24/05,0,1
11/25/05,0,1
11/26/05,0,1
11/27/05,0,1
11/28/05,0,1
11/29/05,0,1
11/30/05,0,1
12/1/05,0,1
12/2/05,0,1
12/3/05,0,1
12/4/05,0,1
12/5/05,0,1
12/6/05,0,1
12/7/05,45,1
12/8/05,0,1
12/9/05,0,1
12/10/05,0,1
12/11/05,0,1
12/12/05,0,1
12/13/05,0,1
12/14/05,0,1
12/15/05,0,1
12/16/05,0,1
12/17/05,0,1
12/18/05,0,1
12/19/05,0,1
12/20/05,0,1
12/21/05,0,1
12/22/05,0,1
12/23/05,0,1
12/24/05,0,1
12/25/05,0,1
12/26/05,0,1
12/27/05,0,1
12/28/05,0,1
12/29/05,0,1
12/30/05,0,1
12/31/05,78,1
1/1/06,0,1
1/2/06,0,1
1/3/06,0,1
1/4/06,0,1
1/5/06,0,1
1/6/06,0,1
1/7/06,0,1
1/8/06,0,1
1/9/06,46,1
1/10/06,0,1
1/11/06,0,1
1/12/06,0,1
1/13/06,0,1
1/14/06,0,1
1/15/06,0,1
1/16/06,0,1
1/17/06,0,1
1/18/06,0,1
1/19/06,0,1
1/20/06,0,1
1/21/06,0,1
1/22/06,82,1
1/23/06,0,1
1/24/06,0,1
1/25/06,0,1
1/26/06,0,1
1/27/06,0,1
1/28/06,0,1
1/29/06,0,1
1/30/06,0,1
1/31/06,0,1
2/1/06,0,1
2/2/06,52,1
2/3/06,0,1
2/4/06,0,1
2/5/06,0,1
2/6/06,0,1
2/7/06,0,1
2/8/06,0,1
2/9/06,0,1
2/10/06,0,1
2/11/06,0,1
2/12/06,0,1
2/13/06,0,1
2/14/06,0,1
2/15/06,0,1
2/16/06,0,1
2/17/06,55,1
2/18/06,0,1
2/19/06,0,1
2/20/06,0,1
2/21/06,0,1
2/22/06,0,1
2/23/06,0,1
2/24/06,0,1
2/25/06,0,1
2/26/06,0,1
2/27/06,0,1
2/28/06,0,1
3/1/06,0,1
3/2/06,0,1
3/3/06,53,1
3/4/06,0,1
3/5/06,0,1
3/6/06,0,1
3/7/06,0,1
3/8/06,0,1
3/9/06,0,1
3/10/06,0,1
3/11/06,0,1
3/12/06,0,1
3/13/06,0,1
3/14/06,0,1
3/15/06,0,1
3/16/06,0,1
3/17/06,0,1
3/18/06,0,1
3/19/06,0,1
3/20/06,0,1
3/21/06,0,1
3/22/06,0,1
3/23/06,0,1
3/24/06,0,1
3/25/06,0,1
3/26/06,0,1
3/27/06,0,1
3/28/06,0,1
3/29/06,0,1
3/30/06,0,1
3/31/06,0,1
4/1/06,0,1
4/2/06,0,1
4/3/06,0,1
4/4/06,0,1
4/5/06,49,1
4/6/06,0,1
4/7/06,0,1
4/8/06,0,1
4/9/06,0,1
4/10/06,0,1
4/11/06,0,1
4/12/06,50,1
4/13/06,0,1
4/14/06,0,1
4/15/06,0,1
4/16/06,0,1
4/17/06,0,1
4/18/06,0,1
4/19/06,0,1
4/20/06,0,1
4/21/06,0,1
4/22/06,0,1
4/23/06,76,1
4/24/06,0,1
4/25/06,0,1
4/26/06,0,1
4/27/06,0,1
4/28/06,0,1
4/29/06,0,1
4/30/06,0,1
5/1/06,0,1
5/2/06,0,1
5/3/06,0,1
5/4/06,0,1
5/5/06,0,1
5/6/06,0,1
5/7/06,0,1
5/8/06,0,1
5/9/06,0,1
5/10/06,0,1
5/11/06,0,1
5/12/06,0,1
5/13/06,0,1
5/14/06,0,1
5/15/06,0,1
5/16/06,0,1
5/17/06,0,1
5/18/06,100,1
5/19/06,0,1
5/20/06,84,1
5/21/06,0,1
5/22/06,49,1
5/23/06,0,1
5/24/06,0,1
5/25/06,0,1
5/26/06,55,1
5/27/06,0,1
5/28/06,0,1
5/29/06,0,1
5/30/06,0,1
5/31/06,0,1
6/1/06,0,1
6/2/06,0,1
6/3/06,0,1
6/4/06,0,1
6/5/06,0,1
6/6/06,0,1
6/7/06,0,1
6/8/06,0,1
6/9/06,0,1
6/10/06,0,1
6/11/06,0,1
6/12/06,0,1
6/13/06,0,1
6/14/06,0,1
6/15/06,0,1
6/16/06,0,1
6/17/06,0,1
6/18/06,0,1
6/19/06,0,1
6/20/06,0,1
6/21/06,0,1
6/22/06,0,1
6/23/06,0,1
6/24/06,0,1
6/25/06,0,1
6/26/06,0,1
6/27/06,0,1
6/28/06,0,1
6/29/06,0,1
6/30/06,0,1
7/1/06,0,1
7/2/06,0,1
7/3/06,0,1
7/4/06,0,1
7/5/06,0,1
7/6/06,0,1
7/7/06,0,1
7/8/06,0,1
7/9/06,0,1
7/10/06,0,1
7/11/06,0,1
7/12/06,0,1
7/13/06,0,1
7/14/06,0,1
7/15/06,0,1
7/16/06,0,1
7/17/06,0,1
7/18/06,59,1
7/19/06,0,1
7/20/06,0,1
7/21/06,0,1
7/22/06,0,1
7/23/06,0,1
7/24/06,0,1
7/25/06,0,1
7/26/06,0,1
7/27/06,0,1
7/28/06,0,1
7/29/06,0,1
7/30/06,0,1
7/31/06,0,1
8/1/06,0,1
8/2/06,0,1
8/3/06,0,1
8/4/06,0,1
8/5/06,0,1
8/6/06,0,1
8/7/06,0,1
8/8/06,0,1
8/9/06,0,1
8/10/06,0,1
8/11/06,0,1
8/12/06,0,1
8/13/06,0,1
8/14/06,0,1
8/15/06,0,1
8/16/06,0,1
8/17/06,0,1
8/18/06,0,1
8/19/06,0,1
8/20/06,0,1
8/21/06,0,1
8/22/06,0,1
8/23/06,0,1
8/24/06,0,1
8/25/06,0,1
8/26/06,0,1
8/27/06,85,1
8/28/06,0,1
8/29/06,54,1
8/30/06,0,1
8/31/06,0,1
9/1/06,0,1
9/2/06,0,1
9/3/06,0,1
9/4/06,0,1
9/5/06,0,1
9/6/06,0,1
9/7/06,0,1
9/8/06,0,1
9/9/06,0,1
9/10/06,0,1
9/11/06,0,1
9/12/06,0,1
9/13/06,0,1
9/14/06,54,1
9/15/06,0,1
9/16/06,0,1
9/17/06,0,1
9/18/06,0,1
9/19/06,0,1
9/20/06,0,1
9/21/06,0,1
9/22/06,0,1
9/23/06,0,1
9/24/06,0,1
9/25/06,0,1
9/26/06,51,1
9/27/06,0,1
9/28/06,0,1
9/29/06,0,1
9/30/06,0,1
10/1/06,0,1
10/2/06,0,1
10/3/06,0,1
10/4/06,0,1
10/5/06,0,1
10/6/06,0,1
10/7/06,0,1
10/8/06,0,1
10/9/06,0,1
10/10/06,0,1
10/11/06,0,1
10/12/06,0,1
10/13/06,0,1
10/14/06,0,1
10/15/06,0,1
10/16/06,0,1
10/17/06,0,1
10/18/06,50,1
10/19/06,0,1
10/20/06,0,1
10/21/06,0,1
10/22/06,0,1
10/23/06,0,1
10/24/06,0,1
10/25/06,0,1
10/26/06,51,1
10/27/06,0,1
10/28/06,0,1
10/29/06,80,1
10/30/06,0,1
10/31/06,50,1
11/1/06,0,1
11/2/06,0,1
11/3/06,0,1
11/4/06,0,1
11/5/06,0,1
11/6/06,100,1
11/7/06,0,1
11/8/06,0,1
11/9/06,0,1
11/10/06,0,1
11/11/06,0,1
11/12/06,0,1
11/13/06,0,1
11/14/06,48,1
11/15/06,48,1
11/16/06,0,1
11/17/06,0,1
11/18/06,0,1
11/19/06,0,1
11/20/06,0,1
11/21/06,98,1
11/22/06,0,1
11/23/06,0,1
11/24/06,0,1
11/25/06,0,1
11/26/06,0,1
11/27/06,0,1
11/28/06,0,1
11/29/06,0,1
11/30/06,0,1
12/1/06,0,1
12/2/06,0,1
12/3/06,0,1
12/4/06,0,1
12/5/06,0,1
12/6/06,0,1
12/7/06,0,1
12/8/06,0,1
12/9/06,0,1
12/10/06,0,1
12/11/06,0,1
12/12/06,0,1
12/13/06,0,1
12/14/06,0,1
12/15/06,52,1
12/16/06,0,1
12/17/06,0,1
12/18/06,50,1
12/19/06,0,1
12/20/06,0,1
12/21/06,0,1
12/22/06,0,1
12/23/06,0,1
12/24/06,0,1
12/25/06,0,1
12/26/06,0,1
12/27/06,0,1
12/28/06,0,1
12/29/06,0,1
12/30/06,0,1
12/31/06,0,1
1/1/07,0,1
1/2/07,0,1
1/3/07,48,1
1/4/07,0,1
1/5/07,49,1
1/6/07,0,1
1/7/07,0,1
1/8/07,0,1
1/9/07,0,1
1/10/07,0,1
1/11/07,0,1
1/12/07,0,1
1/13/07,0,1
1/14/07,0,1
1/15/07,0,1
1/16/07,0,1
1/17/07,52,1
1/18/07,0,1
1/19/07,0,1
1/20/07,0,1
1/21/07,0,1
1/22/07,52,1
1/23/07,0,1
1/24/07,0,1
1/25/07,0,1
1/26/07,0,1
1/27/07,0,1
1/28/07,0,1
1/29/07,0,1
1/30/07,0,1
1/31/07,0,1
2/1/07,0,1
2/2/07,0,1
2/3/07,0,1
2/4/07,0,1
2/5/07,0,1
2/6/07,0,1
2/7/07,0,1
2/8/07,0,1
2/9/07,0,1
2/10/07,0,1
2/11/07,0,1
2/12/07,0,1
2/13/07,49,1
2/14/07,50,1
2/15/07,53,1
2/16/07,0,1
2/17/07,0,1
2/18/07,0,1
2/19/07,56,1
2/20/07,0,1
2/21/07,0,1
2/22/07,0,1
2/23/07,0,1
2/24/07,0,1
2/25/07,0,1
2/26/07,0,1
2/27/07,97,1
2/28/07,99,1
3/1/07,100,1
3/2/07,52,1
3/3/07,0,1
3/4/07,76,1
3/5/07,51,1
3/6/07,0,1
3/7/07,49,1
3/8/07,0,1
3/9/07,0,1
3/10/07,0,1
3/11/07,0,1
3/12/07,0,1
3/13/07,0,1
3/14/07,0,1
3/15/07,51,1
3/16/07,54,1
3/17/07,0,1
3/18/07,0,1
3/19/07,0,1
3/20/07,0,1
3/21/07,0,1
3/22/07,0,1
3/23/07,0,1
3/24/07,0,1
3/25/07,0,1
3/26/07,0,1
3/27/07,0,1
3/28/07,0,1
3/29/07,0,1
3/30/07,0,1
3/31/07,0,1
4/1/07,0,1
4/2/07,0,1
4/3/07,0,1
4/4/07,50,1
4/5/07,0,1
4/6/07,0,1
4/7/07,0,1
4/8/07,0,1
4/9/07,0,1
4/10/07,0,1
4/11/07,0,1
4/12/07,48,1
4/13/07,0,1
4/14/07,0,1
4/15/07,0,1
4/16/07,0,1
4/17/07,0,1
4/18/07,0,1
4/19/07,0,1
4/20/07,0,1
4/21/07,0,1
4/22/07,0,1
4/23/07,0,1
4/24/07,0,1
4/25/07,0,1
4/26/07,0,1
4/27/07,0,1
4/28/07,0,1
4/29/07,0,1
4/30/07,0,1
5/1/07,0,1
5/2/07,0,1
5/3/07,0,1
5/4/07,0,1
5/5/07,0,1
5/6/07,0,1
5/7/07,46,1
5/8/07,0,1
5/9/07,0,1
5/10/07,47,1
5/11/07,0,1
5/12/07,77,1
5/13/07,0,1
5/14/07,0,1
5/15/07,0,1
5/16/07,0,1
5/17/07,0,1
5/18/07,0,1
5/19/07,0,1
5/20/07,0,1
5/21/07,0,1
5/22/07,45,1
5/23/07,0,1
5/24/07,0,1
5/25/07,0,1
5/26/07,0,1
5/27/07,0,1
5/28/07,0,1
5/29/07,45,1
5/30/07,0,1
5/31/07,0,1
6/1/07,0,1
6/2/07,0,1
6/3/07,0,1
6/4/07,0,1
6/5/07,0,1
6/6/07,0,1
6/7/07,0,1
6/8/07,0,1
6/9/07,0,1
6/10/07,0,1
6/11/07,0,1
6/12/07,0,1
6/13/07,0,1
6/14/07,0,1
6/15/07,0,1
6/16/07,0,1
6/17/07,0,1
6/18/07,0,1
6/19/07,0,1
6/20/07,0,1
6/21/07,0,1
6/22/07,0,1
6/23/07,0,1
6/24/07,0,1
6/25/07,0,1
6/26/07,37,1
6/27/07,0,1
6/28/07,39,1
6/29/07,0,1
6/30/07,60,1
7/1/07,0,1
7/2/07,0,1
7/3/07,0,1
7/4/07,0,1
7/5/07,0,1
7/6/07,0,1
7/7/07,0,1
7/8/07,0,1
7/9/07,38,1
7/10/07,0,1
7/11/07,0,1
7/12/07,38,1
7/13/07,0,1
7/14/07,0,1
7/15/07,59,1
7/16/07,38,1
7/17/07,37,1
7/18/07,37,1
7/19/07,0,1
7/20/07,0,1
7/21/07,0,1
7/22/07,0,1
7/23/07,37,1
7/24/07,37,1
7/25/07,38,1
7/26/07,0,1
7/27/07,40,1
7/28/07,0,1
7/29/07,59,1
7/30/07,0,1
7/31/07,0,1
8/1/07,38,1
8/2/07,0,1
8/3/07,81,1
8/4/07,0,1
8/5/07,0,1
8/6/07,0,1
8/7/07,0,1
8/8/07,0,1
8/9/07,0,1
8/10/07,80,1
8/11/07,0,1
8/12/07,0,1
8/13/07,0,1
8/14/07,0,1
8/15/07,0,1
8/16/07,38,1
8/17/07,0,1
8/18/07,0,1
8/19/07,0,1
8/20/07,36,1
8/21/07,0,1
8/22/07,0,1
8/23/07,37,1
8/24/07,0,1
8/25/07,0,1
8/26/07,55,1
8/27/07,0,1
8/28/07,0,1
8/29/07,0,1
8/30/07,37,1
8/31/07,0,1
9/1/07,0,1
9/2/07,0,1
9/3/07,0,1
9/4/07,36,1
9/5/07,0,1
9/6/07,0,1
9/7/07,0,1
9/8/07,0,1
9/9/07,0,1
9/10/07,0,1
9/11/07,34,1
9/12/07,0,1
9/13/07,0,1
9/14/07,0,1
9/15/07,0,1
9/16/07,0,1
9/17/07,34,1
9/18/07,0,1
9/19/07,68,1
9/20/07,0,1
9/21/07,0,1
9/22/07,0,1
9/23/07,0,1
9/24/07,0,1
9/25/07,0,1
9/26/07,0,1
9/27/07,0,1
9/28/07,0,1
9/29/07,53,1
9/30/07,0,1
10/1/07,0,1
10/2/07,100,1
10/3/07,34,1
10/4/07,0,1
10/5/07,36,1
10/6/07,0,1
10/7/07,0,1
10/8/07,0,1
10/9/07,0,1
10/10/07,0,1
10/11/07,0,1
10/12/07,0,1
10/13/07,0,1
10/14/07,0,1
10/15/07,0,1
10/16/07,0,1
10/17/07,0,1
10/18/07,0,1
10/19/07,0,1
10/20/07,0,1
10/21/07,0,1
10/22/07,0,1
10/23/07,0,1
10/24/07,0,1
10/25/07,0,1
10/26/07,0,1
10/27/07,0,1
10/28/07,0,1
10/29/07,0,1
10/30/07,0,1
10/31/07,34,1
11/1/07,0,1
11/2/07,35,1
11/3/07,0,1
11/4/07,0,1
11/5/07,33,1
11/6/07,0,1
11/7/07,32,1
11/8/07,0,1
11/9/07,0,1
11/10/07,50,1
11/11/07,0,1
11/12/07,0,1
11/13/07,63,1
11/14/07,20,1
11/15/07,0,1
11/16/07,0,1
11/17/07,0,1
11/18/07,0,1
11/19/07,32,1
11/20/07,0,1
11/21/07,0,1
11/22/07,0,1
11/23/07,0,1
11/24/07,49,1
11/25/07,95,1
11/26/07,0,1
11/27/07,0,1
11/28/07,31,1
11/29/07,93,1
11/30/07,0,1
12/1/07,0,1
12/2/07,0,1
12/3/07,0,1
12/4/07,30,1
12/5/07,0,1
12/6/07,0,1
12/7/07,0,1
12/8/07,0,1
12/9/07,0,1
12/10/07,0,1
12/11/07,0,1
12/12/07,0,1
12/13/07,0,1
12/14/07,0,1
12/15/07,0,1
12/16/07,0,1
12/17/07,0,1
12/18/07,0,1
12/19/07,0,1
12/20/07,0,1
12/21/07,0,1
12/22/07,0,1
12/23/07,0,1
12/24/07,0,1
12/25/07,0,1
12/26/07,0,1
12/27/07,38,1
12/28/07,0,1
12/29/07,0,1
12/30/07,0,1
12/31/07,0,1
1/1/08,0,1
1/2/08,0,1
1/3/08,0,1
1/4/08,33,1
1/5/08,0,1
1/6/08,0,1
1/7/08,0,1
1/8/08,31,1
1/9/08,0,1
1/10/08,0,1
1/11/08,0,1
1/12/08,0,1
1/13/08,0,1
1/14/08,0,1
1/15/08,0,1
1/16/08,0,1
1/17/08,41,1
1/18/08,42,1
1/19/08,58,1
1/20/08,0,1
1/21/08,0,1
1/22/08,77,1
1/23/08,39,1
1/24/08,0,1
1/25/08,0,1
1/26/08,0,1
1/27/08,57,1
1/28/08,0,1
1/29/08,77,1
1/30/08,0,1
1/31/08,40,1
2/1/08,0,1
2/2/08,0,1
2/3/08,0,1
2/4/08,41,1
2/5/08,0,1
2/6/08,39,1
2/7/08,79,1
2/8/08,0,1
2/9/08,0,1
2/10/08,0,1
2/11/08,0,1
2/12/08,38,1
2/13/08,39,1
2/14/08,0,1
2/15/08,0,1
2/16/08,0,1
2/17/08,0,1
2/18/08,0,1
2/19/08,0,1
2/20/08,0,1
2/21/08,0,1
2/22/08,40,1
2/23/08,0,1
2/24/08,0,1
2/25/08,0,1
2/26/08,37,1
2/27/08,0,1
2/28/08,0,1
2/29/08,0,1
3/1/08,0,1
3/2/08,0,1
3/3/08,0,1
3/4/08,0,1
3/5/08,0,1
3/6/08,0,1
3/7/08,0,1
3/8/08,0,1
3/9/08,0,1
3/10/08,0,1
3/11/08,0,1
3/12/08,0,1
3/13/08,0,1
3/14/08,0,1
3/15/08,0,1
3/16/08,0,1
3/17/08,0,1
3/18/08,0,1
3/19/08,42,1
3/20/08,87,1
3/21/08,100,1
3/22/08,0,1
3/23/08,0,1
3/24/08,0,1
3/25/08,78,1
3/26/08,0,1
3/27/08,40,1
3/28/08,41,1
3/29/08,0,1
3/30/08,0,1
3/31/08,0,1
4/1/08,0,1
4/2/08,0,1
4/3/08,0,1
4/4/08,0,1
4/5/08,0,1
4/6/08,0,1
4/7/08,0,1
4/8/08,0,1
4/9/08,0,1
4/10/08,39,1
4/11/08,0,1
4/12/08,0,1
4/13/08,0,1
4/14/08,0,1
4/15/08,0,1
4/16/08,0,1
4/17/08,0,1
4/18/08,0,1
4/19/08,0,1
4/20/08,0,1
4/21/08,78,1
4/22/08,0,1
4/23/08,39,1
4/24/08,0,1
4/25/08,0,1
4/26/08,0,1
4/27/08,0,1
4/28/08,0,1
4/29/08,0,1
4/30/08,0,1
5/1/08,0,1
5/2/08,0,1
5/3/08,59,1
5/4/08,0,1
5/5/08,0,1
5/6/08,0,1
5/7/08,0,1
5/8/08,0,1
5/9/08,0,1
5/10/08,0,1
5/11/08,0,1
5/12/08,0,1
5/13/08,38,1
5/14/08,0,1
5/15/08,0,1
5/16/08,0,1
5/17/08,0,1
5/18/08,0,1
5/19/08,0,1
5/20/08,0,1
5/21/08,38,1
5/22/08,0,1
5/23/08,43,1
5/24/08,0,1
5/25/08,0,1
5/26/08,0,1
5/27/08,39,1
5/28/08,0,1
5/29/08,0,1
5/30/08,0,1
5/31/08,0,1
6/1/08,0,1
6/2/08,39,1
6/3/08,38,1
6/4/08,39,1
6/5/08,0,1
6/6/08,0,1
6/7/08,0,1
6/8/08,0,1
6/9/08,0,1
6/10/08,0,1
6/11/08,0,1
6/12/08,0,1
6/13/08,0,1
6/14/08,0,1
6/15/08,0,1
6/16/08,0,1
6/17/08,34,1
6/18/08,0,1
6/19/08,0,1
6/20/08,0,1
6/21/08,0,1
6/22/08,0,1
6/23/08,0,1
6/24/08,0,1
6/25/08,0,1
6/26/08,0,1
6/27/08,37,1
6/28/08,0,1
6/29/08,0,1
6/30/08,0,1
7/1/08,0,1
7/2/08,0,1
7/3/08,0,1
7/4/08,0,1
7/5/08,0,1
7/6/08,0,1
7/7/08,34,1
7/8/08,0,1
7/9/08,34,1
7/10/08,0,1
7/11/08,0,1
7/12/08,0,1
7/13/08,54,1
7/14/08,33,1
7/15/08,0,1
7/16/08,0,1
7/17/08,0,1
7/18/08,0,1
7/19/08,0,1
7/20/08,0,1
7/21/08,33,1
7/22/08,0,1
7/23/08,0,1
7/24/08,0,1
7/25/08,0,1
7/26/08,0,1
7/27/08,0,1
7/28/08,0,1
7/29/08,0,1
7/30/08,0,1
7/31/08,34,1
8/1/08,0,1
8/2/08,0,1
8/3/08,0,1
8/4/08,0,1
8/5/08,33,1
8/6/08,0,1
8/7/08,0,1
8/8/08,36,1
8/9/08,0,1
8/10/08,0,1
8/11/08,0,1
8/12/08,33,1
8/13/08,0,1
8/14/08,34,1
8/15/08,0,1
8/16/08,0,1
8/17/08,0,1
8/18/08,0,1
8/19/08,0,1
8/20/08,0,1
8/21/08,0,1
8/22/08,0,1
8/23/08,0,1
8/24/08,0,1
8/25/08,0,1
8/26/08,0,1
8/27/08,0,1
8/28/08,33,1
8/29/08,0,1
8/30/08,0,1
8/31/08,0,1
9/1/08,0,1
9/2/08,0,1
9/3/08,0,1
9/4/08,32,1
9/5/08,100,1
9/6/08,0,1
9/7/08,0,1
9/8/08,0,1
9/9/08,0,1
9/10/08,31,1
9/11/08,0,1
9/12/08,0,1
9/13/08,0,1
9/14/08,0,1
9/15/08,0,1
9/16/08,62,1
9/17/08,0,1
9/18/08,63,1
9/19/08,34,1
9/20/08,0,1
9/21/08,0,1
9/22/08,0,1
9/23/08,30,1
9/24/08,0,1
9/25/08,0,1
9/26/08,0,1
9/27/08,0,1
9/28/08,45,1
9/29/08,90,1
9/30/08,30,1
10/1/08,61,1
10/2/08,0,1
10/3/08,0,1
10/4/08,0,1
10/5/08,0,1
10/6/08,60,1
10/7/08,0,1
10/8/08,0,1
10/9/08,30,1
10/10/08,32,1
10/11/08,95,1
10/12/08,0,1
10/13/08,31,1
10/14/08,88,1
10/15/08,30,1
10/16/08,91,1
10/17/08,33,1
10/18/08,46,1
10/19/08,0,1
10/20/08,30,1
10/21/08,29,1
10/22/08,30,1
10/23/08,0,1
10/24/08,32,1
10/25/08,0,1
10/26/08,0,1
10/27/08,29,1
10/28/08,73,1
10/29/08,99,1
10/30/08,30,1
10/31/08,0,1
11/1/08,0,1
11/2/08,0,1
11/3/08,0,1
11/4/08,88,1
11/5/08,28,1
11/6/08,0,1
11/7/08,62,1
11/8/08,44,1
11/9/08,0,1
11/10/08,58,1
11/11/08,0,1
11/12/08,0,1
11/13/08,29,1
11/14/08,31,1
11/15/08,0,1
11/16/08,0,1
11/17/08,0,1
11/18/08,88,1
11/19/08,61,1
11/20/08,60,1
11/21/08,31,1
11/22/08,0,1
11/23/08,0,1
11/24/08,0,1
11/25/08,0,1
11/26/08,32,1
11/27/08,0,1
11/28/08,0,1
11/29/08,0,1
11/30/08,0,1
12/1/08,29,1
12/2/08,28,1
12/3/08,28,1
12/4/08,0,1
12/5/08,0,1
12/6/08,43,1
12/7/08,0,1
12/8/08,0,1
12/9/08,0,1
12/10/08,0,1
12/11/08,0,1
12/12/08,0,1
12/13/08,0,1
12/14/08,0,1
12/15/08,29,1
12/16/08,0,1
12/17/08,0,1
12/18/08,0,1
12/19/08,0,1
12/20/08,0,1
12/21/08,0,1
12/22/08,0,1
12/23/08,0,1
12/24/08,0,1
12/25/08,0,1
12/26/08,47,1
12/27/08,0,1
12/28/08,0,1
12/29/08,0,1
12/30/08,0,1
12/31/08,0,1
1/1/09,0,1
1/2/09,0,1
1/3/09,0,1
1/4/09,0,1
1/5/09,0,1
1/6/09,0,1
1/7/09,0,1
1/8/09,0,1
1/9/09,0,1
1/10/09,0,1
1/11/09,0,1
1/12/09,0,1
1/13/09,0,1
1/14/09,0,1
1/15/09,0,1
1/16/09,37,1
1/17/09,0,1
1/18/09,0,1
1/19/09,0,1
1/20/09,34,1
1/21/09,0,1
1/22/09,0,1
1/23/09,0,1
1/24/09,0,1
1/25/09,0,1
1/26/09,34,1
1/27/09,0,1
1/28/09,0,1
1/29/09,0,1
1/30/09,36,1
1/31/09,0,1
2/1/09,0,1
2/2/09,0,1
2/3/09,0,1
2/4/09,33,1
2/5/09,0,1
2/6/09,0,1
2/7/09,0,1
2/8/09,0,1
2/9/09,0,1
2/10/09,33,1
2/11/09,0,1
2/12/09,0,1
2/13/09,72,1
2/14/09,0,1
2/15/09,0,1
2/16/09,0,1
2/17/09,34,1
2/18/09,0,1
2/19/09,0,1
2/20/09,36,1
2/21/09,0,1
2/22/09,0,1
2/23/09,0,1
2/24/09,0,1
2/25/09,33,1
2/26/09,34,1
2/27/09,0,1
2/28/09,0,1
3/1/09,0,1
3/2/09,33,1
3/3/09,33,1
3/4/09,0,1
3/5/09,0,1
3/6/09,0,1
3/7/09,0,1
3/8/09,0,1
3/9/09,33,1
3/10/09,0,1
3/11/09,33,1
3/12/09,0,1
3/13/09,0,1
3/14/09,0,1
3/15/09,0,1
3/16/09,34,1
3/17/09,34,1
3/18/09,0,1
3/19/09,0,1
3/20/09,0,1
3/21/09,51,1
3/22/09,0,1
3/23/09,0,1
3/24/09,33,1
3/25/09,0,1
3/26/09,33,1
3/27/09,0,1
3/28/09,0,1
3/29/09,0,1
3/30/09,0,1
3/31/09,0,1
4/1/09,33,1
4/2/09,0,1
4/3/09,0,1
4/4/09,0,1
4/5/09,0,1
4/6/09,0,1
4/7/09,0,1
4/8/09,0,1
4/9/09,0,1
4/10/09,0,1
4/11/09,0,1
4/12/09,0,1
4/13/09,0,1
4/14/09,0,1
4/15/09,0,1
4/16/09,0,1
4/17/09,0,1
4/18/09,0,1
4/19/09,51,1
4/20/09,0,1
4/21/09,0,1
4/22/09,0,1
4/23/09,0,1
4/24/09,37,1
4/25/09,0,1
4/26/09,0,1
4/27/09,0,1
4/28/09,0,1
4/29/09,33,1
4/30/09,0,1
5/1/09,0,1
5/2/09,0,1
5/3/09,0,1
5/4/09,32,1
5/5/09,32,1
5/6/09,0,1
5/7/09,33,1
5/8/09,0,1
5/9/09,0,1
5/10/09,0,1
5/11/09,0,1
5/12/09,32,1
5/13/09,0,1
5/14/09,0,1
5/15/09,0,1
5/16/09,0,1
5/17/09,0,1
5/18/09,0,1
5/19/09,0,1
5/20/09,100,1
5/21/09,34,1
5/22/09,0,1
5/23/09,0,1
5/24/09,0,1
5/25/09,0,1
5/26/09,33,1
5/27/09,0,1
5/28/09,0,1
5/29/09,0,1
5/30/09,0,1
5/31/09,0,1
6/1/09,0,1
6/2/09,0,1
6/3/09,33,1
6/4/09,0,1
6/5/09,0,1
6/6/09,0,1
6/7/09,0,1
6/8/09,68,1
6/9/09,0,1
6/10/09,34,1
6/11/09,0,1
6/12/09,0,1
6/13/09,0,1
6/14/09,0,1
6/15/09,0,1
6/16/09,0,1
6/17/09,0,1
6/18/09,34,1
6/19/09,0,1
6/20/09,0,1
6/21/09,0,1
6/22/09,33,1
6/23/09,0,1
6/24/09,0,1
6/25/09,34,1
6/26/09,36,1
6/27/09,0,1
6/28/09,0,1
6/29/09,0,1
6/30/09,33,1
7/1/09,34,1
7/2/09,0,1
7/3/09,47,1
7/4/09,0,1
7/5/09,0,1
7/6/09,0,1
7/7/09,66,1
7/8/09,0,1
7/9/09,0,1
7/10/09,0,1
7/11/09,52,1
7/12/09,0,1
7/13/09,0,1
7/14/09,0,1
7/15/09,0,1
7/16/09,68,1
7/17/09,0,1
7/18/09,52,1
7/19/09,0,1
7/20/09,33,1
7/21/09,0,1
7/22/09,0,1
7/23/09,0,1
7/24/09,36,1
7/25/09,0,1
7/26/09,0,1
7/27/09,33,1
7/28/09,0,1
7/29/09,0,1
7/30/09,0,1
7/31/09,0,1
8/1/09,52,1
8/2/09,0,1
8/3/09,0,1
8/4/09,0,1
8/5/09,0,1
8/6/09,0,1
8/7/09,0,1
8/8/09,0,1
8/9/09,0,1
8/10/09,34,1
8/11/09,33,1
8/12/09,0,1
8/13/09,0,1
8/14/09,0,1
8/15/09,0,1
8/16/09,0,1
8/17/09,100,1
8/18/09,0,1
8/19/09,33,1
8/20/09,33,1
8/21/09,0,1
8/22/09,0,1
8/23/09,0,1
8/24/09,0,1
8/25/09,0,1
8/26/09,0,1
8/27/09,33,1
8/28/09,0,1
8/29/09,0,1
8/30/09,0,1
8/31/09,0,1
9/1/09,62,1
9/2/09,32,1
9/3/09,32,1
9/4/09,0,1
9/5/09,0,1
9/6/09,0,1
9/7/09,0,1
9/8/09,0,1
9/9/09,31,1
9/10/09,0,1
9/11/09,0,1
9/12/09,0,1
9/13/09,0,1
9/14/09,0,1
9/15/09,0,1
9/16/09,31,1
9/17/09,0,1
9/18/09,0,1
9/19/09,0,1
9/20/09,0,1
9/21/09,0,1
9/22/09,0,1
9/23/09,0,1
9/24/09,0,1
9/25/09,0,1
9/26/09,0,1
9/27/09,0,1
9/28/09,0,1
9/29/09,0,1
9/30/09,0,1
10/1/09,31,1
10/2/09,0,1
10/3/09,0,1
10/4/09,0,1
10/5/09,61,1
10/6/09,30,1
10/7/09,0,1
10/8/09,0,1
10/9/09,0,1
10/10/09,0,1
10/11/09,0,1
10/12/09,0,1
10/13/09,0,1
10/14/09,0,1
10/15/09,0,1
10/16/09,0,1
10/17/09,0,1
10/18/09,0,1
10/19/09,30,1
10/20/09,0,1
10/21/09,0,1
10/22/09,30,1
10/23/09,0,1
10/24/09,0,1
10/25/09,0,1
10/26/09,29,1
10/27/09,29,1
10/28/09,0,1
10/29/09,0,1
10/30/09,65,1
10/31/09,92,1
11/1/09,49,1
11/2/09,91,1
11/3/09,0,1
11/4/09,0,1
11/5/09,0,1
11/6/09,0,1
11/7/09,0,1
11/8/09,90,1
11/9/09,0,1
11/10/09,58,1
11/11/09,30,1
11/12/09,30,1
11/13/09,0,1
11/14/09,0,1
11/15/09,0,1
11/16/09,0,1
11/17/09,0,1
11/18/09,0,1
11/19/09,0,1
11/20/09,0,1
11/21/09,0,1
11/22/09,0,1
11/23/09,29,1
11/24/09,0,1
11/25/09,0,1
11/26/09,0,1
11/27/09,0,1
11/28/09,0,1
11/29/09,44,1
11/30/09,0,1
12/1/09,0,1
12/2/09,0,1
12/3/09,0,1
12/4/09,0,1
12/5/09,0,1
12/6/09,0,1
12/7/09,29,1
12/8/09,0,1
12/9/09,0,1
12/10/09,29,1
12/11/09,0,1
12/12/09,0,1
12/13/09,0,1
12/14/09,58,1
12/15/09,0,1
12/16/09,0,1
12/17/09,91,1
12/18/09,0,1
12/19/09,0,1
12/20/09,0,1
12/21/09,33,1
12/22/09,0,1
12/23/09,0,1
12/24/09,45,1
12/25/09,0,1
12/26/09,50,1
12/27/09,0,1
12/28/09,0,1
12/29/09,0,1
12/30/09,0,1
12/31/09,0,1
1/1/10,0,1
1/2/10,0,1
1/3/10,0,1
1/4/10,30,1
1/5/10,29,1
1/6/10,0,1
1/7/10,29,1
1/8/10,0,1
1/9/10,0,1
1/10/10,0,1
1/11/10,0,1
1/12/10,85,1
1/13/10,56,1
1/14/10,0,1
1/15/10,0,1
1/16/10,0,1
1/17/10,24,1
1/18/10,0,1
1/19/10,32,1
1/20/10,32,1
1/21/10,0,1
1/22/10,66,1
1/23/10,23,1
1/24/10,0,1
1/25/10,0,1
1/26/10,16,1
1/27/10,0,1
1/28/10,16,1
1/29/10,0,1
1/30/10,0,1
1/31/10,0,1
2/1/10,16,1
2/2/10,0,1
2/3/10,0,1
2/4/10,0,1
2/5/10,0,1
2/6/10,0,1
2/7/10,22,1
2/8/10,0,1
2/9/10,15,1
2/10/10,0,1
2/11/10,0,1
2/12/10,17,1
2/13/10,0,1
2/14/10,0,1
2/15/10,18,1
2/16/10,0,1
2/17/10,16,1
2/18/10,16,1
2/19/10,17,1
2/20/10,0,1
2/21/10,0,1
2/22/10,16,1
2/23/10,30,1
2/24/10,31,1
2/25/10,0,1
2/26/10,16,1
2/27/10,0,1
2/28/10,0,1
3/1/10,31,1
3/2/10,0,1
3/3/10,15,1
3/4/10,0,1
3/5/10,0,1
3/6/10,23,1
3/7/10,0,1
3/8/10,32,1
3/9/10,0,1
3/10/10,0,1
3/11/10,0,1
3/12/10,16,1
3/13/10,0,1
3/14/10,0,1
3/15/10,16,1
3/16/10,0,1
3/17/10,0,1
3/18/10,17,1
3/19/10,17,1
3/20/10,0,1
3/21/10,0,1
3/22/10,16,1
3/23/10,15,1
3/24/10,47,1
3/25/10,0,1
3/26/10,0,1
3/27/10,24,1
3/28/10,0,1
3/29/10,0,1
3/30/10,16,1
3/31/10,16,1
4/1/10,0,1
4/2/10,0,1
4/3/10,0,1
4/4/10,0,1
4/5/10,0,1
4/6/10,0,1
4/7/10,0,1
4/8/10,0,1
4/9/10,0,1
4/10/10,0,1
4/11/10,0,1
4/12/10,0,1
4/13/10,15,1
4/14/10,16,1
4/15/10,16,1
4/16/10,33,1
4/17/10,0,1
4/18/10,0,1
4/19/10,0,1
4/20/10,15,1
4/21/10,0,1
4/22/10,16,1
4/23/10,0,1
4/24/10,0,1
4/25/10,23,1
4/26/10,0,1
4/27/10,30,1
4/28/10,0,1
4/29/10,0,1
4/30/10,0,1
5/1/10,0,1
5/2/10,0,1
5/3/10,0,1
5/4/10,16,1
5/5/10,16,1
5/6/10,17,1
5/7/10,52,1
5/8/10,50,1
5/9/10,0,1
5/10/10,32,1
5/11/10,31,1
5/12/10,0,1
5/13/10,33,1
5/14/10,0,1
5/15/10,25,1
5/16/10,51,1
5/17/10,32,1
5/18/10,63,1
5/19/10,32,1
5/20/10,100,1
5/21/10,35,1
5/22/10,0,1
5/23/10,0,1
5/24/10,16,1
5/25/10,16,1
5/26/10,17,1
5/27/10,17,1
5/28/10,0,1
5/29/10,0,1
5/30/10,0,1
5/31/10,0,1
6/1/10,33,1
6/2/10,0,1
6/3/10,0,1
6/4/10,0,1
6/5/10,0,1
6/6/10,0,1
6/7/10,0,1
6/8/10,0,1
6/9/10,0,1
6/10/10,0,1
6/11/10,0,1
6/12/10,0,1
6/13/10,0,1
6/14/10,0,1
6/15/10,17,1
6/16/10,0,1
6/17/10,47,1
6/18/10,0,1
6/19/10,0,1
6/20/10,0,1
6/21/10,46,1
6/22/10,45,1
6/23/10,46,1
6/24/10,0,1
6/25/10,49,1
6/26/10,0,1
6/27/10,0,1
6/28/10,0,1
6/29/10,89,1
6/30/10,0,1
7/1/10,47,1
7/2/10,47,1
7/3/10,0,1
7/4/10,0,1
7/5/10,0,1
7/6/10,40,1
7/7/10,78,1
7/8/10,80,1
7/9/10,0,1
7/10/10,0,1
7/11/10,0,1
7/12/10,39,1
7/13/10,0,1
7/14/10,39,1
7/15/10,40,1
7/16/10,0,1
7/17/10,0,1
7/18/10,0,1
7/19/10,0,1
7/20/10,0,1
7/21/10,0,1
7/22/10,0,1
7/23/10,42,1
7/24/10,0,1
7/25/10,0,1
7/26/10,40,1
7/27/10,77,1
7/28/10,0,1
7/29/10,39,1
7/30/10,0,1
7/31/10,0,1
8/1/10,56,1
8/2/10,0,1
8/3/10,77,1
8/4/10,0,1
8/5/10,0,1
8/6/10,42,1
8/7/10,0,1
8/8/10,0,1
8/9/10,0,1
8/10/10,0,1
8/11/10,0,1
8/12/10,39,1
8/13/10,41,1
8/14/10,0,1
8/15/10,56,1
8/16/10,0,1
8/17/10,39,1
8/18/10,39,1
8/19/10,40,1
8/20/10,0,1
8/21/10,54,1
8/22/10,0,1
8/23/10,0,1
8/24/10,0,1
8/25/10,0,1
8/26/10,39,1
8/27/10,0,1
8/28/10,0,1
8/29/10,0,1
8/30/10,0,1
8/31/10,0,1
9/1/10,0,1
9/2/10,0,1
9/3/10,0,1
9/4/10,0,1
9/5/10,56,1
9/6/10,0,1
9/7/10,37,1
9/8/10,36,1
9/9/10,0,1
9/10/10,0,1
9/11/10,0,1
9/12/10,50,1
9/13/10,0,1
9/14/10,0,1
9/15/10,0,1
9/16/10,0,1
9/17/10,0,1
9/18/10,52,1
9/19/10,0,1
9/20/10,0,1
9/21/10,0,1
9/22/10,0,1
9/23/10,0,1
9/24/10,0,1
9/25/10,0,1
9/26/10,0,1
9/27/10,72,1
9/28/10,0,1
9/29/10,36,1
9/30/10,0,1
10/1/10,76,1
10/2/10,0,1
10/3/10,0,1
10/4/10,0,1
10/5/10,36,1
10/6/10,0,1
10/7/10,0,1
10/8/10,39,1
10/9/10,0,1
10/10/10,51,1
10/11/10,0,1
10/12/10,0,1
10/13/10,37,1
10/14/10,36,1
10/15/10,38,1
10/16/10,0,1
10/17/10,0,1
10/18/10,36,1
10/19/10,0,1
10/20/10,0,1
10/21/10,0,1
10/22/10,38,1
10/23/10,50,1
10/24/10,0,1
10/25/10,0,1
10/26/10,0,1
10/27/10,0,1
10/28/10,0,1
10/29/10,39,1
10/30/10,0,1
10/31/10,52,1
11/1/10,0,1
11/2/10,34,1
11/3/10,33,1
11/4/10,34,1
11/5/10,37,1
11/6/10,0,1
11/7/10,0,1
11/8/10,0,1
11/9/10,0,1
11/10/10,35,1
11/11/10,36,1
11/12/10,38,1
11/13/10,0,1
11/14/10,0,1
11/15/10,35,1
11/16/10,0,1
11/17/10,34,1
11/18/10,0,1
11/19/10,37,1
11/20/10,0,1
11/21/10,0,1
11/22/10,35,1
11/23/10,0,1
11/24/10,0,1
11/25/10,0,1
11/26/10,0,1
11/27/10,48,1
11/28/10,0,1
11/29/10,100,1
11/30/10,0,1
12/1/10,67,1
12/2/10,34,1
12/3/10,0,1
12/4/10,0,1
12/5/10,0,1
12/6/10,34,1
12/7/10,34,1
12/8/10,0,1
12/9/10,34,1
12/10/10,73,1
12/11/10,0,1
12/12/10,0,1
12/13/10,0,1
12/14/10,0,1
12/15/10,35,1
12/16/10,0,1
12/17/10,0,1
12/18/10,48,1
12/19/10,0,1
12/20/10,37,1
12/21/10,36,1
12/22/10,38,1
12/23/10,0,1
12/24/10,0,1
12/25/10,0,1
12/26/10,0,1
12/27/10,41,1
12/28/10,40,1
12/29/10,40,1
12/30/10,0,1
12/31/10,0,1
1/1/11,0,1
1/2/11,0,1
1/3/11,0,1
1/4/11,0,1
1/5/11,58,1
1/6/11,30,1
1/7/11,31,1
1/8/11,0,1
1/9/11,0,1
1/10/11,0,1
1/11/11,29,1
1/12/11,29,1
1/13/11,59,1
1/14/11,0,1
1/15/11,0,1
1/16/11,0,1
1/17/11,0,1
1/18/11,0,1
1/19/11,41,1
1/20/11,0,1
1/21/11,21,1
1/22/11,0,1
1/23/11,0,1
1/24/11,20,1
1/25/11,20,1
1/26/11,40,1
1/27/11,0,1
1/28/11,0,1
1/29/11,51,1
1/30/11,0,1
1/31/11,0,1
2/1/11,0,1
2/2/11,38,1
2/3/11,20,1
2/4/11,20,1
2/5/11,25,1
2/6/11,0,1
2/7/11,20,1
2/8/11,0,1
2/9/11,39,1
2/10/11,40,1
2/11/11,0,1
2/12/11,0,1
2/13/11,27,1
2/14/11,0,1
2/15/11,0,1
2/16/11,0,1
2/17/11,0,1
2/18/11,42,1
2/19/11,0,1
2/20/11,0,1
2/21/11,21,1
2/22/11,60,1
2/23/11,0,1
2/24/11,0,1
2/25/11,21,1
2/26/11,26,1
2/27/11,0,1
2/28/11,20,1
3/1/11,0,1
3/2/11,0,1
3/3/11,20,1
3/4/11,0,1
3/5/11,0,1
3/6/11,0,1
3/7/11,0,1
3/8/11,0,1
3/9/11,39,1
3/10/11,20,1
3/11/11,0,1
3/12/11,28,1
3/13/11,0,1
3/14/11,0,1
3/15/11,21,1
3/16/11,20,1
3/17/11,0,1
3/18/11,65,1
3/19/11,0,1
3/20/11,0,1
3/21/11,20,1
3/22/11,0,1
3/23/11,39,1
3/24/11,0,1
3/25/11,42,1
3/26/11,26,1
3/27/11,25,1
3/28/11,39,1
3/29/11,20,1
3/30/11,39,1
3/31/11,20,1
4/1/11,21,1
4/2/11,26,1
4/3/11,0,1
4/4/11,39,1
4/5/11,0,1
4/6/11,39,1
4/7/11,0,1
4/8/11,0,1
4/9/11,52,1
4/10/11,0,1
4/11/11,58,1
4/12/11,39,1
4/13/11,19,1
4/14/11,20,1
4/15/11,82,1
4/16/11,26,1
4/17/11,26,1
4/18/11,79,1
4/19/11,58,1
4/20/11,0,1
4/21/11,20,1
4/22/11,22,1
4/23/11,0,1
4/24/11,0,1
4/25/11,0,1
4/26/11,39,1
4/27/11,0,1
4/28/11,39,1
4/29/11,0,1
4/30/11,0,1
5/1/11,0,1
5/2/11,0,1
5/3/11,57,1
5/4/11,19,1
5/5/11,0,1
5/6/11,21,1
5/7/11,53,1
5/8/11,0,1
5/9/11,20,1
5/10/11,0,1
5/11/11,20,1
5/12/11,0,1
5/13/11,0,1
5/14/11,26,1
5/15/11,0,1
5/16/11,0,1
5/17/11,19,1
5/18/11,20,1
5/19/11,0,1
5/20/11,21,1
5/21/11,26,1
5/22/11,0,1
5/23/11,20,1
5/24/11,0,1
5/25/11,19,1
5/26/11,20,1
5/27/11,0,1
5/28/11,0,1
5/29/11,0,1
5/30/11,26,1
5/31/11,20,1
6/1/11,0,1
6/2/11,40,1
6/3/11,21,1
6/4/11,0,1
6/5/11,0,1
6/6/11,0,1
6/7/11,20,1
6/8/11,61,1
6/9/11,41,1
6/10/11,0,1
6/11/11,27,1
6/12/11,0,1
6/13/11,0,1
6/14/11,100,1
6/15/11,20,1
6/16/11,20,1
6/17/11,21,1
6/18/11,0,1
6/19/11,0,1
6/20/11,0,1
6/21/11,0,1
6/22/11,0,1
6/23/11,15,1
6/24/11,0,1
6/25/11,0,1
6/26/11,20,1
6/27/11,29,1
6/28/11,15,1
6/29/11,0,1
6/30/11,15,1
7/1/11,16,1
7/2/11,0,1
7/3/11,0,1
7/4/11,0,1
7/5/11,16,1
7/6/11,15,1
7/7/11,0,1
7/8/11,15,1
7/9/11,0,1
7/10/11,0,1
7/11/11,15,1
7/12/11,14,1
7/13/11,0,1
7/14/11,0,1
7/15/11,15,1
7/16/11,0,1
7/17/11,20,1
7/18/11,43,1
7/19/11,28,1
7/20/11,29,1
7/21/11,30,1
7/22/11,0,1
7/23/11,0,1
7/24/11,0,1
7/25/11,14,1
7/26/11,0,1
7/27/11,0,1
7/28/11,14,1
7/29/11,45,1
7/30/11,0,1
7/31/11,0,1
8/1/11,14,1
8/2/11,0,1
8/3/11,0,1
8/4/11,100,1
8/5/11,44,1
8/6/11,37,1
8/7/11,37,1
8/8/11,71,1
8/9/11,97,1
8/10/11,86,1
8/11/11,43,1
8/12/11,45,1
8/13/11,18,1
8/14/11,0,1
8/15/11,14,1
8/16/11,0,1
8/17/11,29,1
8/18/11,29,1
8/19/11,15,1
8/20/11,18,1
8/21/11,0,1
8/22/11,0,1
8/23/11,28,1
8/24/11,14,1
8/25/11,42,1
8/26/11,0,1
8/27/11,0,1
8/28/11,0,1
8/29/11,56,1
8/30/11,0,1
8/31/11,0,1
9/1/11,0,1
9/2/11,0,1
9/3/11,18,1
9/4/11,0,1
9/5/11,16,1
9/6/11,0,1
9/7/11,13,1
9/8/11,14,1
9/9/11,14,1
9/10/11,17,1
9/11/11,17,1
9/12/11,0,1
9/13/11,0,1
9/14/11,27,1
9/15/11,0,1
9/16/11,0,1
9/17/11,0,1
9/18/11,0,1
9/19/11,53,1
9/20/11,0,1
9/21/11,0,1
9/22/11,0,1
9/23/11,0,1
9/24/11,0,1
9/25/11,0,1
9/26/11,13,1
9/27/11,0,1
9/28/11,0,1
9/29/11,14,1
9/30/11,0,1
10/1/11,0,1
10/2/11,17,1
10/3/11,0,1
10/4/11,52,1
10/5/11,26,1
10/6/11,26,1
10/7/11,0,1
10/8/11,0,1
10/9/11,0,1
10/10/11,0,1
10/11/11,12,1
10/12/11,25,1
10/13/11,0,1
10/14/11,0,1
10/15/11,0,1
10/16/11,0,1
10/17/11,26,1
10/18/11,26,1
10/19/11,13,1
10/20/11,13,1
10/21/11,28,1
10/22/11,0,1
10/23/11,0,1
10/24/11,26,1
10/25/11,38,1
10/26/11,0,1
10/27/11,13,1
10/28/11,14,1
10/29/11,0,1
10/30/11,0,1
10/31/11,27,1
11/1/11,14,1
11/2/11,13,1
11/3/11,13,1
11/4/11,27,1
11/5/11,0,1
11/6/11,0,1
11/7/11,26,1
11/8/11,13,1
11/9/11,13,1
11/10/11,38,1
11/11/11,0,1
11/12/11,16,1
11/13/11,0,1
11/14/11,50,1
11/15/11,25,1
11/16/11,25,1
11/17/11,26,1
11/18/11,13,1
11/19/11,0,1
11/20/11,0,1
11/21/11,38,1
11/22/11,0,1
11/23/11,0,1
11/24/11,0,1
11/25/11,0,1
11/26/11,0,1
11/27/11,0,1
11/28/11,0,1
11/29/11,36,1
11/30/11,0,1
12/1/11,49,1
12/2/11,0,1
12/3/11,0,1
12/4/11,0,1
12/5/11,0,1
12/6/11,12,1
12/7/11,12,1
12/8/11,0,1
12/9/11,0,1
12/10/11,0,1
12/11/11,31,1
12/12/11,0,1
12/13/11,0,1
12/14/11,0,1
12/15/11,0,1
12/16/11,26,1
12/17/11,0,1
12/18/11,16,1
12/19/11,0,1
12/20/11,13,1
12/21/11,0,1
12/22/11,14,1
12/23/11,15,1
12/24/11,17,1
12/25/11,20,1
12/26/11,0,1
12/27/11,0,1
12/28/11,13,1
12/29/11,13,1
12/30/11,0,1
12/31/11,0,1
1/1/12,0,1
1/2/12,0,1
1/3/12,12,1
1/4/12,0,1
1/5/12,24,1
1/6/12,0,1
1/7/12,0,1
1/8/12,0,1
1/9/12,0,1
1/10/12,24,1
1/11/12,12,1
1/12/12,0,1
1/13/12,0,1
1/14/12,0,1
1/15/12,29,1
1/16/12,0,1
1/17/12,24,1
1/18/12,0,1
1/19/12,12,1
1/20/12,0,1
1/21/12,0,1
1/22/12,0,1
1/23/12,0,1
1/24/12,0,1
1/25/12,72,1
1/26/12,0,1
1/27/12,0,1
1/28/12,30,1
1/29/12,0,1
1/30/12,0,1
1/31/12,0,1
2/1/12,24,1
2/2/12,0,1
2/3/12,75,1
2/4/12,30,1
2/5/12,30,1
2/6/12,49,1
2/7/12,48,1
2/8/12,0,1
2/9/12,48,1
2/10/12,50,1
2/11/12,0,1
2/12/12,0,1
2/13/12,70,1
2/14/12,24,1
2/15/12,0,1
2/16/12,0,1
2/17/12,100,1
2/18/12,0,1
2/19/12,0,1
2/20/12,0,1
2/21/12,24,1
2/22/12,48,1
2/23/12,24,1
2/24/12,24,1
2/25/12,0,1
2/26/12,0,1
2/27/12,71,1
2/28/12,0,1
2/29/12,23,1
3/1/12,26,1
3/2/12,27,1
3/3/12,32,1
3/4/12,0,1
3/5/12,26,1
3/6/12,72,1
3/7/12,48,1
3/8/12,49,1
3/9/12,25,1
3/10/12,0,1
3/11/12,30,1
3/12/12,24,1
3/13/12,49,1
3/14/12,49,1
3/15/12,0,1
3/16/12,26,1
3/17/12,0,1
3/18/12,0,1
3/19/12,72,1
3/20/12,72,1
3/21/12,73,1
3/22/12,99,1
3/23/12,51,1
3/24/12,31,1
3/25/12,61,1
3/26/12,96,1
3/27/12,72,1
3/28/12,48,1
3/29/12,24,1
3/30/12,77,1
3/31/12,0,1
4/1/12,0,1
4/2/12,72,1
4/3/12,24,1
4/4/12,49,1
4/5/12,25,1
4/6/12,27,1
4/7/12,32,1
4/8/12,0,1
4/9/12,58,1
4/10/12,77,1
4/11/12,0,1
4/12/12,48,1
4/13/12,25,1
4/14/12,30,1
4/15/12,90,1
4/16/12,0,1
4/17/12,0,1
4/18/12,0,1
4/19/12,24,1
4/20/12,0,1
4/21/12,0,1
4/22/12,0,1
4/23/12,0,1
4/24/12,24,1
4/25/12,24,1
4/26/12,48,1
4/27/12,0,1
4/28/12,30,1
4/29/12,0,1
4/30/12,0,1
5/1/12,46,1
5/2/12,23,1
5/3/12,0,1
5/4/12,49,1
5/5/12,0,1
5/6/12,0,1
5/7/12,69,1
5/8/12,0,1
5/9/12,23,1
5/10/12,0,1
5/11/12,25,1
5/12/12,0,1
5/13/12,0,1
5/14/12,72,1
5/15/12,47,1
5/16/12,0,1
5/17/12,0,1
5/18/12,0,1
5/19/12,0,1
5/20/12,63,1
5/21/12,48,1
5/22/12,0,1
5/23/12,48,1
5/24/12,25,1
5/25/12,26,1
5/26/12,0,1
5/27/12,34,1
5/28/12,0,1
5/29/12,48,1
5/30/12,24,1
5/31/12,0,1
6/1/12,74,1
6/2/12,0,1
6/3/12,0,1
6/4/12,48,1
6/5/12,24,1
6/6/12,0,1
6/7/12,0,1
6/8/12,26,1
6/9/12,0,1
6/10/12,31,1
6/11/12,48,1
6/12/12,72,1
6/13/12,24,1
6/14/12,50,1
6/15/12,0,1
6/16/12,0,1
6/17/12,0,1
6/18/12,0,1
6/19/12,24,1
6/20/12,14,1
6/21/12,27,1
6/22/12,56,1
6/23/12,17,1
6/24/12,0,1
6/25/12,67,1
6/26/12,13,1
6/27/12,13,1
6/28/12,0,1
6/29/12,14,1
6/30/12,17,1
7/1/12,0,1
7/2/12,14,1
7/3/12,41,1
7/4/12,0,1
7/5/12,15,1
7/6/12,28,1
7/7/12,16,1
7/8/12,33,1
7/9/12,26,1
7/10/12,26,1
7/11/12,0,1
7/12/12,0,1
7/13/12,0,1
7/14/12,0,1
7/15/12,0,1
7/16/12,13,1
7/17/12,13,1
7/18/12,26,1
7/19/12,0,1
7/20/12,0,1
7/21/12,0,1
7/22/12,0,1
7/23/12,26,1
7/24/12,0,1
7/25/12,0,1
7/26/12,0,1
7/27/12,0,1
7/28/12,0,1
7/29/12,0,1
7/30/12,0,1
7/31/12,0,1
8/1/12,0,1
8/2/12,13,1
8/3/12,14,1
8/4/12,0,1
8/5/12,17,1
8/6/12,39,1
8/7/12,13,1
8/8/12,26,1
8/9/12,13,1
8/10/12,14,1
8/11/12,0,1
8/12/12,17,1
8/13/12,39,1
8/14/12,0,1
8/15/12,26,1
8/16/12,0,1
8/17/12,14,1
8/18/12,0,1
8/19/12,0,1
8/20/12,26,1
8/21/12,39,1
8/22/12,26,1
8/23/12,13,1
8/24/12,14,1
8/25/12,0,1
8/26/12,0,1
8/27/12,0,1
8/28/12,38,1
8/29/12,0,1
8/30/12,26,1
8/31/12,0,1
9/1/12,0,1
9/2/12,0,1
9/3/12,15,1
9/4/12,0,1
9/5/12,25,1
9/6/12,13,1
9/7/12,26,1
9/8/12,0,1
9/9/12,0,1
9/10/12,25,1
9/11/12,25,1
9/12/12,25,1
9/13/12,25,1
9/14/12,13,1
9/15/12,16,1
9/16/12,16,1
9/17/12,25,1
9/18/12,12,1
9/19/12,13,1
9/20/12,13,1
9/21/12,13,1
9/22/12,16,1
9/23/12,0,1
9/24/12,100,1
9/25/12,13,1
9/26/12,13,1
9/27/12,13,1
9/28/12,13,1
9/29/12,16,1
9/30/12,15,1
10/1/12,25,1
10/2/12,0,1
10/3/12,0,1
10/4/12,12,1
10/5/12,65,1
10/6/12,16,1
10/7/12,15,1
10/8/12,12,1
10/9/12,0,1
10/10/12,0,1
10/11/12,0,1
10/12/12,13,1
10/13/12,0,1
10/14/12,0,1
10/15/12,24,1
10/16/12,12,1
10/17/12,0,1
10/18/12,12,1
10/19/12,13,1
10/20/12,0,1
10/21/12,0,1
10/22/12,0,1
10/23/12,12,1
10/24/12,0,1
10/25/12,12,1
10/26/12,12,1
10/27/12,30,1
10/28/12,0,1
10/29/12,0,1
10/30/12,0,1
10/31/12,0,1
11/1/12,13,1
11/2/12,12,1
11/3/12,0,1
11/4/12,0,1
11/5/12,0,1
11/6/12,12,1
11/7/12,11,1
11/8/12,0,1
11/9/12,0,1
11/10/12,15,1
11/11/12,0,1
11/12/12,0,1
11/13/12,12,1
11/14/12,24,1
11/15/12,24,1
11/16/12,0,1
11/17/12,0,1
11/18/12,0,1
11/19/12,12,1
11/20/12,0,1
11/21/12,13,1
11/22/12,15,1
11/23/12,0,1
11/24/12,15,1
11/25/12,14,1
11/26/12,0,1
11/27/12,11,1
11/28/12,11,1
11/29/12,0,1
11/30/12,12,1
12/1/12,14,1
12/2/12,0,1
12/3/12,34,1
12/4/12,23,1
12/5/12,11,1
12/6/12,0,1
12/7/12,0,1
12/8/12,0,1
12/9/12,0,1
12/10/12,0,1
12/11/12,11,1
12/12/12,11,1
12/13/12,0,1
12/14/12,24,1
12/15/12,0,1
12/16/12,0,1
12/17/12,12,1
12/18/12,24,1
12/19/12,36,1
12/20/12,25,1
12/21/12,13,1
12/22/12,0,1
12/23/12,0,1
12/24/12,45,1
12/25/12,0,1
12/26/12,14,1
12/27/12,0,1
12/28/12,13,1
12/29/12,0,1
12/30/12,15,1
12/31/12,13,1
1/1/13,0,1
1/2/13,36,1
1/3/13,58,1
1/4/13,24,1
1/5/13,0,1
1/6/13,0,1
1/7/13,0,1
1/8/13,23,1
1/9/13,46,1
1/10/13,11,1
1/11/13,24,1
1/12/13,27,1
1/13/13,27,1
1/14/13,0,1
1/15/13,33,1
1/16/13,11,1
1/17/13,23,1
1/18/13,12,1
1/19/13,0,1
1/20/13,0,1
1/21/13,16,1
1/22/13,0,1
1/23/13,46,1
1/24/13,15,1
1/25/13,16,1
1/26/13,36,1
1/27/13,0,1
1/28/13,0,1
1/29/13,0,1
1/30/13,30,1
1/31/13,15,1
2/1/13,47,1
2/2/13,18,1
2/3/13,0,1
2/4/13,15,1
2/5/13,0,1
2/6/13,30,1
2/7/13,15,1
2/8/13,91,1
2/9/13,0,1
2/10/13,0,1
2/11/13,43,1
2/12/13,44,1
2/13/13,15,1
2/14/13,15,1
2/15/13,16,1
2/16/13,0,1
2/17/13,0,1
2/18/13,15,1
2/19/13,0,1
2/20/13,29,1
2/21/13,30,1
2/22/13,31,1
2/23/13,36,1
2/24/13,36,1
2/25/13,29,1
2/26/13,100,1
2/27/13,29,1
2/28/13,45,1
3/1/13,46,1
3/2/13,18,1
3/3/13,0,1
3/4/13,15,1
3/5/13,15,1
3/6/13,15,1
3/7/13,60,1
3/8/13,0,1
3/9/13,18,1
3/10/13,0,1
3/11/13,44,1
3/12/13,15,1
3/13/13,0,1
3/14/13,15,1
3/15/13,31,1
3/16/13,0,1
3/17/13,18,1
3/18/13,15,1
3/19/13,59,1
3/20/13,29,1
3/21/13,0,1
3/22/13,16,1
3/23/13,0,1
3/24/13,0,1
3/25/13,0,1
3/26/13,0,1
3/27/13,15,1
3/28/13,0,1
3/29/13,0,1
3/30/13,0,1
3/31/13,20,1
4/1/13,0,1
4/2/13,0,1
4/3/13,15,1
4/4/13,45,1
4/5/13,0,1
4/6/13,0,1
4/7/13,18,1
4/8/13,15,1
4/9/13,29,1
4/10/13,44,1
4/11/13,15,1
4/12/13,0,1
4/13/13,0,1
4/14/13,0,1
4/15/13,0,1
4/16/13,14,1
4/17/13,0,1
4/18/13,44,1
4/19/13,15,1
4/20/13,18,1
4/21/13,19,1
4/22/13,0,1
4/23/13,0,1
4/24/13,30,1
4/25/13,45,1
4/26/13,47,1
4/27/13,0,1
4/28/13,19,1
4/29/13,15,1
4/30/13,0,1
5/1/13,0,1
5/2/13,15,1
5/3/13,31,1
5/4/13,0,1
5/5/13,0,1
5/6/13,0,1
5/7/13,15,1
5/8/13,30,1
5/9/13,31,1
5/10/13,16,1
5/11/13,0,1
5/12/13,0,1
5/13/13,0,1
5/14/13,30,1
5/15/13,0,1
5/16/13,15,1
5/17/13,16,1
5/18/13,0,1
5/19/13,0,1
5/20/13,0,1
5/21/13,15,1
5/22/13,0,1
5/23/13,31,1
5/24/13,16,1
5/25/13,0,1
5/26/13,0,1
5/27/13,0,1
5/28/13,30,1
5/29/13,15,1
5/30/13,0,1
5/31/13,16,1
6/1/13,0,1
6/2/13,19,1
6/3/13,15,1
6/4/13,0,1
6/5/13,46,1
6/6/13,0,1
6/7/13,16,1
6/8/13,0,1
6/9/13,20,1
6/10/13,0,1
6/11/13,30,1
6/12/13,0,1
6/13/13,0,1
6/14/13,0,1
6/15/13,20,1
6/16/13,0,1
6/17/13,0,1
6/18/13,0,1
6/19/13,0,1
6/20/13,0,1
6/21/13,32,1
6/22/13,0,1
6/23/13,32,1
6/24/13,76,1
6/25/13,0,1
6/26/13,25,1
6/27/13,26,1
6/28/13,26,1
6/29/13,0,1
6/30/13,32,1
7/1/13,0,1
7/2/13,25,1
7/3/13,52,1
7/4/13,0,1
7/5/13,30,1
7/6/13,0,1
7/7/13,0,1
7/8/13,50,1
7/9/13,50,1
7/10/13,0,1
7/11/13,51,1
7/12/13,0,1
7/13/13,0,1
7/14/13,0,1
7/15/13,50,1
7/16/13,0,1
7/17/13,25,1
7/18/13,25,1
7/19/13,52,1
7/20/13,0,1
7/21/13,0,1
7/22/13,49,1
7/23/13,24,1
7/24/13,25,1
7/25/13,0,1
7/26/13,0,1
7/27/13,0,1
7/28/13,0,1
7/29/13,25,1
7/30/13,49,1
7/31/13,25,1
8/1/13,99,1
8/2/13,52,1
8/3/13,31,1
8/4/13,0,1
8/5/13,0,1
8/6/13,25,1
8/7/13,25,1
8/8/13,49,1
8/9/13,78,1
8/10/13,0,1
8/11/13,0,1
8/12/13,0,1
8/13/13,0,1
8/14/13,0,1
8/15/13,25,1
8/16/13,52,1
8/17/13,0,1
8/18/13,0,1
8/19/13,0,1
8/20/13,0,1
8/21/13,25,1
8/22/13,0,1
8/23/13,26,1
8/24/13,31,1
8/25/13,0,1
8/26/13,0,1
8/27/13,48,1
8/28/13,48,1
8/29/13,0,1
8/30/13,25,1
8/31/13,30,1
9/1/13,0,1
9/2/13,28,1
9/3/13,24,1
9/4/13,0,1
9/5/13,0,1
9/6/13,0,1
9/7/13,0,1
9/8/13,0,1
9/9/13,0,1
9/10/13,0,1
9/11/13,23,1
9/12/13,48,1
9/13/13,24,1
9/14/13,0,1
9/15/13,0,1
9/16/13,23,1
9/17/13,0,1
9/18/13,47,1
9/19/13,24,1
9/20/13,0,1
9/21/13,0,1
9/22/13,0,1
9/23/13,48,1
9/24/13,0,1
9/25/13,72,1
9/26/13,0,1
9/27/13,26,1
9/28/13,0,1
9/29/13,0,1
9/30/13,24,1
10/1/13,24,1
10/2/13,71,1
10/3/13,0,1
10/4/13,0,1
10/5/13,0,1
10/6/13,29,1
10/7/13,71,1
10/8/13,47,1
10/9/13,24,1
10/10/13,72,1
10/11/13,25,1
10/12/13,30,1
10/13/13,0,1
10/14/13,96,1
10/15/13,95,1
10/16/13,48,1
10/17/13,0,1
10/18/13,100,1
10/19/13,30,1
10/20/13,30,1
10/21/13,0,1
10/22/13,70,1
10/23/13,71,1
10/24/13,24,1
10/25/13,25,1
10/26/13,30,1
10/27/13,30,1
10/28/13,47,1
10/29/13,0,1
10/30/13,23,1
10/31/13,0,1
11/1/13,0,1
11/2/13,30,1
11/3/13,0,1
11/4/13,0,1
11/5/13,0,1
11/6/13,94,1
11/7/13,48,1
11/8/13,0,1
11/9/13,0,1
11/10/13,0,1
11/11/13,24,1
11/12/13,0,1
11/13/13,0,1
11/14/13,47,1
11/15/13,49,1
11/16/13,29,1
11/17/13,0,1
11/18/13,69,1
11/19/13,46,1
11/20/13,0,1
11/21/13,47,1
11/22/13,24,1
11/23/13,57,1
11/24/13,0,1
11/25/13,0,1
11/26/13,0,1
11/27/13,50,1
11/28/13,61,1
11/29/13,0,1
11/30/13,0,1
12/1/13,0,1
12/2/13,44,1
12/3/13,0,1
12/4/13,22,1
12/5/13,0,1
12/6/13,0,1
12/7/13,0,1
12/8/13,0,1
12/9/13,0,1
12/10/13,23,1
12/11/13,0,1
12/12/13,24,1
12/13/13,74,1
12/14/13,0,1
12/15/13,29,1
12/16/13,24,1
12/17/13,94,1
12/18/13,48,1
12/19/13,0,1
12/20/13,51,1
12/21/13,0,1
12/22/13,0,1
12/23/13,53,1
12/24/13,30,1
12/25/13,0,1
12/26/13,85,1
12/27/13,27,1
12/28/13,30,1
12/29/13,0,1
12/30/13,25,1
12/31/13,53,1
1/1/14,0,1
1/2/14,49,1
1/3/14,24,1
1/4/14,0,1
1/5/14,0,1
1/6/14,69,1
1/7/14,0,1
1/8/14,0,1
1/9/14,47,1
1/10/14,24,1
1/11/14,0,1
1/12/14,28,1
1/13/14,0,1
1/14/14,23,1
1/15/14,23,1
1/16/14,23,1
1/17/14,0,1
1/18/14,0,1
1/19/14,0,1
1/20/14,0,1
1/21/14,0,1
1/22/14,33,1
1/23/14,17,1
1/24/14,17,1
1/25/14,21,1
1/26/14,0,1
1/27/14,16,1
1/28/14,0,1
1/29/14,17,1
1/30/14,34,1
1/31/14,52,1
2/1/14,0,1
2/2/14,0,1
2/3/14,66,1
2/4/14,16,1
2/5/14,51,1
2/6/14,24,1
2/7/14,40,1
2/8/14,20,1
2/9/14,0,1
2/10/14,16,1
2/11/14,33,1
2/12/14,33,1
2/13/14,17,1
2/14/14,17,1
2/15/14,21,1
2/16/14,0,1
2/17/14,17,1
2/18/14,0,1
2/19/14,17,1
2/20/14,17,1
2/21/14,17,1
2/22/14,41,1
2/23/14,20,1
2/24/14,16,1
2/25/14,33,1
2/26/14,16,1
2/27/14,33,1
2/28/14,17,1
3/1/14,61,1
3/2/14,20,1
3/3/14,16,1
3/4/14,17,1
3/5/14,0,1
3/6/14,17,1
3/7/14,53,1
3/8/14,0,1
3/9/14,0,1
3/10/14,0,1
3/11/14,17,1
3/12/14,17,1
3/13/14,17,1
3/14/14,0,1
3/15/14,0,1
3/16/14,0,1
3/17/14,33,1
3/18/14,34,1
3/19/14,17,1
3/20/14,34,1
3/21/14,53,1
3/22/14,21,1
3/23/14,0,1
3/24/14,17,1
3/25/14,16,1
3/26/14,17,1
3/27/14,17,1
3/28/14,18,1
3/29/14,0,1
3/30/14,0,1
3/31/14,33,1
4/1/14,0,1
4/2/14,17,1
4/3/14,0,1
4/4/14,35,1
4/5/14,0,1
4/6/14,0,1
4/7/14,50,1
4/8/14,33,1
4/9/14,17,1
4/10/14,17,1
4/11/14,18,1
4/12/14,0,1
4/13/14,43,1
4/14/14,33,1
4/15/14,33,1
4/16/14,34,1
4/17/14,0,1
4/18/14,38,1
4/19/14,0,1
4/20/14,23,1
4/21/14,0,1
4/22/14,0,1
4/23/14,17,1
4/24/14,17,1
4/25/14,18,1
4/26/14,0,1
4/27/14,21,1
4/28/14,0,1
4/29/14,0,1
4/30/14,33,1
5/1/14,34,1
5/2/14,18,1
5/3/14,0,1
5/4/14,0,1
5/5/14,51,1
5/6/14,0,1
5/7/14,17,1
5/8/14,18,1
5/9/14,18,1
5/10/14,22,1
5/11/14,0,1
5/12/14,0,1
5/13/14,0,1
5/14/14,69,1
5/15/14,88,1
5/16/14,0,1
5/17/14,0,1
5/18/14,45,1
5/19/14,17,1
5/20/14,18,1
5/21/14,19,1
5/22/14,20,1
5/23/14,0,1
5/24/14,53,1
5/25/14,0,1
5/26/14,25,1
5/27/14,78,1
5/28/14,38,1
5/29/14,20,1
5/30/14,61,1
5/31/14,0,1
6/1/14,25,1
6/2/14,39,1
6/3/14,0,1
6/4/14,20,1
6/5/14,40,1
6/6/14,41,1
6/7/14,0,1
6/8/14,77,1
6/9/14,99,1
6/10/14,20,1
6/11/14,0,1
6/12/14,100,1
6/13/14,62,1
6/14/14,26,1
6/15/14,0,1
6/16/14,0,1
6/17/14,40,1
6/18/14,20,1
6/19/14,61,1
6/20/14,0,1
6/21/14,26,1
6/22/14,0,1
6/23/14,30,1
6/24/14,0,1
6/25/14,30,1
6/26/14,0,1
6/27/14,15,1
6/28/14,19,1
6/29/14,0,1
6/30/14,0,1
7/1/14,29,1
7/2/14,30,1
7/3/14,0,1
7/4/14,0,1
7/5/14,0,1
7/6/14,39,1
7/7/14,0,1
7/8/14,0,1
7/9/14,15,1
7/10/14,15,1
7/11/14,0,1
7/12/14,18,1
7/13/14,0,1
7/14/14,0,1
7/15/14,0,1
7/16/14,0,1
7/17/14,15,1
7/18/14,15,1
7/19/14,0,1
7/20/14,19,1
7/21/14,15,1
7/22/14,29,1
7/23/14,15,1
7/24/14,30,1
7/25/14,16,1
7/26/14,0,1
7/27/14,18,1
7/28/14,15,1
7/29/14,15,1
7/30/14,0,1
7/31/14,45,1
8/1/14,30,1
8/2/14,0,1
8/3/14,19,1
8/4/14,15,1
8/5/14,44,1
8/6/14,29,1
8/7/14,0,1
8/8/14,16,1
8/9/14,0,1
8/10/14,19,1
8/11/14,0,1
8/12/14,14,1
8/13/14,14,1
8/14/14,15,1
8/15/14,30,1
8/16/14,0,1
8/17/14,0,1
8/18/14,0,1
8/19/14,0,1
8/20/14,43,1
8/21/14,29,1
8/22/14,0,1
8/23/14,0,1
8/24/14,0,1
8/25/14,28,1
8/26/14,14,1
8/27/14,28,1
8/28/14,0,1
8/29/14,30,1
8/30/14,0,1
8/31/14,0,1
9/1/14,33,1
9/2/14,0,1
9/3/14,14,1
9/4/14,0,1
9/5/14,14,1
9/6/14,0,1
9/7/14,17,1
9/8/14,0,1
9/9/14,26,1
9/10/14,0,1
9/11/14,14,1
9/12/14,0,1
9/13/14,0,1
9/14/14,17,1
9/15/14,0,1
9/16/14,13,1
9/17/14,27,1
9/18/14,14,1
9/19/14,0,1
9/20/14,0,1
9/21/14,17,1
9/22/14,14,1
9/23/14,41,1
9/24/14,0,1
9/25/14,14,1
9/26/14,0,1
9/27/14,18,1
9/28/14,18,1
9/29/14,27,1
9/30/14,13,1
10/1/14,14,1
10/2/14,69,1
10/3/14,14,1
10/4/14,18,1
10/5/14,0,1
10/6/14,14,1
10/7/14,27,1
10/8/14,0,1
10/9/14,14,1
10/10/14,43,1
10/11/14,18,1
10/12/14,35,1
10/13/14,14,1
10/14/14,53,1
10/15/14,68,1
10/16/14,54,1
10/17/14,100,1
10/18/14,36,1
10/19/14,18,1
10/20/14,14,1
10/21/14,13,1
10/22/14,54,1
10/23/14,27,1
10/24/14,0,1
10/25/14,18,1
10/26/14,0,1
10/27/14,13,1
10/28/14,40,1
10/29/14,40,1
10/30/14,0,1
10/31/14,15,1
11/1/14,18,1
11/2/14,0,1
11/3/14,14,1
11/4/14,13,1
11/5/14,0,1
11/6/14,0,1
11/7/14,14,1
11/8/14,0,1
11/9/14,0,1
11/10/14,13,1
11/11/14,41,1
11/12/14,0,1
11/13/14,13,1
11/14/14,14,1
11/15/14,0,1
11/16/14,0,1
11/17/14,0,1
11/18/14,29,1
11/19/14,28,1
11/20/14,0,1
11/21/14,14,1
11/22/14,17,1
11/23/14,0,1
11/24/14,0,1
11/25/14,14,1
11/26/14,14,1
11/27/14,0,1
11/28/14,48,1
11/29/14,17,1
11/30/14,0,1
12/1/14,26,1
12/2/14,13,1
12/3/14,26,1
12/4/14,13,1
12/5/14,27,1
12/6/14,16,1
12/7/14,0,1
12/8/14,13,1
12/9/14,39,1
12/10/14,0,1
12/11/14,14,1
12/12/14,42,1
12/13/14,18,1
12/14/14,0,1
12/15/14,55,1
12/16/14,27,1
12/17/14,85,1
12/18/14,43,1
12/19/14,15,1
12/20/14,18,1
12/21/14,0,1
12/22/14,0,1
12/23/14,16,1
12/24/14,35,1
12/25/14,0,1
12/26/14,17,1
12/27/14,0,1
12/28/14,0,1
12/29/14,0,1
12/30/14,30,1
12/31/14,31,1
1/1/15,0,1
1/2/15,61,1
1/3/15,33,1
1/4/15,0,1
1/5/15,27,1
1/6/15,14,1
1/7/15,14,1
1/8/15,14,1
1/9/15,41,1
1/10/15,0,1
1/11/15,0,1
1/12/15,13,1
1/13/15,13,1
1/14/15,54,1
1/15/15,40,1
1/16/15,14,1
1/17/15,0,1
1/18/15,17,1
1/19/15,14,1
1/20/15,13,1
1/21/15,39,1
1/22/15,72,1
1/23/15,0,1
1/24/15,0,1
1/25/15,60,1
1/26/15,70,1
1/27/15,0,1
1/28/15,24,1
1/29/15,47,1
1/30/15,24,1
1/31/15,0,1
2/1/15,28,1
2/2/15,23,1
2/3/15,46,1
2/4/15,23,1
2/5/15,0,1
2/6/15,48,1
2/7/15,0,1
2/8/15,0,1
2/9/15,0,1
2/10/15,23,1
2/11/15,0,1
2/12/15,23,1
2/13/15,48,1
2/14/15,0,1
2/15/15,0,1
2/16/15,25,1
2/17/15,46,1
2/18/15,0,1
2/19/15,0,1
2/20/15,0,1
2/21/15,29,1
2/22/15,0,1
2/23/15,45,1
2/24/15,0,1
2/25/15,47,1
2/26/15,71,1
2/27/15,94,1
2/28/15,0,1
3/1/15,0,1
3/2/15,23,1
3/3/15,70,1
3/4/15,23,1
3/5/15,47,1
3/6/15,48,1
3/7/15,0,1
3/8/15,0,1
3/9/15,24,1
3/10/15,23,1
3/11/15,71,1
3/12/15,48,1
3/13/15,0,1
3/14/15,60,1
3/15/15,0,1
3/16/15,24,1
3/17/15,24,1
3/18/15,24,1
3/19/15,0,1
3/20/15,49,1
3/21/15,0,1
3/22/15,30,1
3/23/15,96,1
3/24/15,24,1
3/25/15,40,1
3/26/15,57,1
3/27/15,25,1
3/28/15,0,1
3/29/15,66,1
3/30/15,73,1
3/31/15,24,1
4/1/15,49,1
4/2/15,50,1
4/3/15,0,1
4/4/15,0,1
4/5/15,33,1
4/6/15,25,1
4/7/15,0,1
4/8/15,0,1
4/9/15,48,1
4/10/15,50,1
4/11/15,0,1
4/12/15,31,1
4/13/15,0,1
4/14/15,0,1
4/15/15,94,1
4/16/15,24,1
4/17/15,100,1
4/18/15,64,1
4/19/15,0,1
4/20/15,23,1
4/21/15,0,1
4/22/15,95,1
4/23/15,24,1
4/24/15,25,1
4/25/15,0,1
4/26/15,31,1
4/27/15,24,1
4/28/15,0,1
4/29/15,73,1
4/30/15,24,1
5/1/15,25,1
5/2/15,32,1
5/3/15,0,1
5/4/15,24,1
5/5/15,0,1
5/6/15,24,1
5/7/15,0,1
5/8/15,0,1
5/9/15,0,1
5/10/15,33,1
5/11/15,25,1
5/12/15,49,1
5/13/15,74,1
5/14/15,25,1
5/15/15,0,1
5/16/15,33,1
5/17/15,0,1
5/18/15,74,1
5/19/15,25,1
5/20/15,50,1
5/21/15,52,1
5/22/15,27,1
5/23/15,34,1
5/24/15,0,1
5/25/15,64,1
5/26/15,76,1
5/27/15,0,1
5/28/15,0,1
5/29/15,26,1
5/30/15,33,1
5/31/15,0,1
6/1/15,0,1
6/2/15,50,1
6/3/15,0,1
6/4/15,0,1
6/5/15,27,1
6/6/15,0,1
6/7/15,0,1
6/8/15,0,1
6/9/15,26,1
6/10/15,26,1
6/11/15,0,1
6/12/15,27,1
6/13/15,0,1
6/14/15,0,1
6/15/15,51,1
6/16/15,77,1
6/17/15,77,1
6/18/15,53,1
6/19/15,0,1
6/20/15,33,1
6/21/15,34,1
6/22/15,78,1
6/23/15,0,1
6/24/15,0,1
6/25/15,12,1
6/26/15,12,1
6/27/15,0,1
6/28/15,30,1
6/29/15,35,1
6/30/15,81,1
7/1/15,35,1
7/2/15,12,1
7/3/15,0,1
7/4/15,0,1
7/5/15,0,1
7/6/15,23,1
7/7/15,12,1
7/8/15,23,1
7/9/15,12,1
7/10/15,24,1
7/11/15,0,1
7/12/15,0,1
7/13/15,11,1
7/14/15,23,1
7/15/15,23,1
7/16/15,0,1
7/17/15,49,1
7/18/15,0,1
7/19/15,0,1
7/20/15,12,1
7/21/15,23,1
7/22/15,0,1
7/23/15,24,1
7/24/15,12,1
7/25/15,44,1
7/26/15,0,1
7/27/15,23,1
7/28/15,35,1
7/29/15,12,1
7/30/15,23,1
7/31/15,0,1
8/1/15,15,1
8/2/15,15,1
8/3/15,12,1
8/4/15,23,1
8/5/15,12,1
8/6/15,0,1
8/7/15,12,1
8/8/15,15,1
8/9/15,0,1
8/10/15,35,1
8/11/15,0,1
8/12/15,35,1
8/13/15,12,1
8/14/15,12,1
8/15/15,0,1
8/16/15,0,1
8/17/15,0,1
8/18/15,0,1
8/19/15,0,1
8/20/15,11,1
8/21/15,58,1
8/22/15,44,1
8/23/15,29,1
8/24/15,33,1
8/25/15,77,1
8/26/15,100,1
8/27/15,34,1
8/28/15,46,1
8/29/15,0,1
8/30/15,0,1
8/31/15,11,1
9/1/15,54,1
9/2/15,11,1
9/3/15,33,1
9/4/15,23,1
9/5/15,14,1
9/6/15,0,1
9/7/15,14,1
9/8/15,0,1
9/9/15,21,1
9/10/15,54,1
9/11/15,11,1
9/12/15,14,1
9/13/15,14,1
9/14/15,32,1
9/15/15,21,1
9/16/15,54,1
9/17/15,11,1
9/18/15,23,1
9/19/15,0,1
9/20/15,0,1
9/21/15,63,1
9/22/15,32,1
9/23/15,0,1
9/24/15,0,1
9/25/15,11,1
9/26/15,0,1
9/27/15,0,1
9/28/15,42,1
9/29/15,32,1
9/30/15,0,1
10/1/15,11,1
10/2/15,0,1
10/3/15,0,1
10/4/15,0,1
10/5/15,0,1
10/6/15,0,1
10/7/15,22,1
10/8/15,11,1
10/9/15,11,1
10/10/15,0,1
10/11/15,0,1
10/12/15,11,1
10/13/15,31,1
10/14/15,31,1
10/15/15,21,1
10/16/15,0,1
10/17/15,0,1
10/18/15,27,1
10/19/15,11,1
10/20/15,21,1
10/21/15,0,1
10/22/15,42,1
10/23/15,0,1
10/24/15,14,1
10/25/15,0,1
10/26/15,10,1
10/27/15,0,1
10/28/15,0,1
10/29/15,52,1
10/30/15,0,1
10/31/15,27,1
11/1/15,14,1
11/2/15,0,1
11/3/15,0,1
11/4/15,10,1
11/5/15,0,1
11/6/15,11,1
11/7/15,0,1
11/8/15,0,1
11/9/15,21,1
11/10/15,30,1
11/11/15,0,1
11/12/15,21,1
11/13/15,22,1
11/14/15,0,1
11/15/15,13,1
11/16/15,10,1
11/17/15,10,1
11/18/15,10,1
11/19/15,0,1
11/20/15,21,1
11/21/15,27,1
11/22/15,13,1
11/23/15,0,1
11/24/15,21,1
11/25/15,0,1
11/26/15,0,1
11/27/15,13,1
11/28/15,0,1
11/29/15,13,1
11/30/15,0,1
12/1/15,0,1
12/2/15,0,1
12/3/15,0,1
12/4/15,10,1
12/5/15,0,1
12/6/15,0,1
12/7/15,10,1
12/8/15,10,1
12/9/15,20,1
12/10/15,10,1
12/11/15,11,1
12/12/15,0,1
12/13/15,13,1
12/14/15,10,1
12/15/15,10,1
12/16/15,32,1
12/17/15,11,1
12/18/15,11,1
12/19/15,28,1
12/20/15,14,1
12/21/15,0,1
12/22/15,12,1
12/23/15,0,1
12/24/15,0,1
12/25/15,0,1
12/26/15,0,1
12/27/15,0,1
12/28/15,0,1
12/29/15,23,1
12/30/15,12,1
12/31/15,0,1
1/1/16,12,1
1/2/16,0,1
1/3/16,0,1
1/4/16,9,1
1/5/16,18,1
1/6/16,9,1
1/7/16,27,1
1/8/16,27,1
1/9/16,32,1
1/10/16,20,1
1/11/16,9,1
1/12/16,27,1
1/13/16,36,1
1/14/16,25,1
1/15/16,27,1
1/16/16,11,1
1/17/16,10,1
1/18/16,9,1
1/19/16,35,1
1/20/16,44,1
1/21/16,9,1
1/22/16,45,1
1/23/16,0,1
1/24/16,12,1
1/25/16,19,1
1/26/16,5,1
1/27/16,5,1
1/28/16,10,1
1/29/16,5,1
1/30/16,6,1
1/31/16,0,1
2/1/16,14,1
2/2/16,9,1
2/3/16,10,1
2/4/16,5,1
2/5/16,5,1
2/6/16,6,1
2/7/16,11,1
2/8/16,9,1
2/9/16,0,1
2/10/16,0,1
2/11/16,15,1
2/12/16,10,1
2/13/16,6,1
2/14/16,0,1
2/15/16,0,1
2/16/16,5,1
2/17/16,10,1
2/18/16,10,1
2/19/16,0,1
2/20/16,0,1
2/21/16,0,1
2/22/16,0,1
2/23/16,19,1
2/24/16,0,1
2/25/16,0,1
2/26/16,5,1
2/27/16,0,1
2/28/16,0,1
2/29/16,5,1
3/1/16,0,1
3/2/16,5,1
3/3/16,14,1
3/4/16,15,1
3/5/16,11,1
3/6/16,0,1
3/7/16,5,1
3/8/16,0,1
3/9/16,5,1
3/10/16,10,1
3/11/16,5,1
3/12/16,6,1
3/13/16,0,1
3/14/16,15,1
3/15/16,5,1
3/16/16,5,1
3/17/16,0,1
3/18/16,10,1
3/19/16,6,1
3/20/16,0,1
3/21/16,5,1
3/22/16,15,1
3/23/16,5,1
3/24/16,10,1
3/25/16,0,1
3/26/16,0,1
3/27/16,0,1
3/28/16,15,1
3/29/16,15,1
3/30/16,10,1
3/31/16,10,1
4/1/16,10,1
4/2/16,0,1
4/3/16,6,1
4/4/16,10,1
4/5/16,0,1
4/6/16,14,1
4/7/16,19,1
4/8/16,15,1
4/9/16,6,1
4/10/16,0,1
4/11/16,10,1
4/12/16,14,1
4/13/16,10,1
4/14/16,19,1
4/15/16,0,1
4/16/16,0,1
4/17/16,6,1
4/18/16,5,1
4/19/16,5,1
4/20/16,5,1
4/21/16,0,1
4/22/16,10,1
4/23/16,0,1
4/24/16,0,1
4/25/16,5,1
4/26/16,0,1
4/27/16,5,1
4/28/16,10,1
4/29/16,10,1
4/30/16,0,1
5/1/16,0,1
5/2/16,0,1
5/3/16,5,1
5/4/16,5,1
5/5/16,14,1
5/6/16,5,1
5/7/16,6,1
5/8/16,0,1
5/9/16,0,1
5/10/16,5,1
5/11/16,5,1
5/12/16,10,1
5/13/16,15,1
5/14/16,0,1
5/15/16,0,1
5/16/16,10,1
5/17/16,5,1
5/18/16,5,1
5/19/16,10,1
5/20/16,5,1
5/21/16,6,1
5/22/16,6,1
5/23/16,10,1
5/24/16,5,1
5/25/16,0,1
5/26/16,10,1
5/27/16,0,1
5/28/16,12,1
5/29/16,0,1
5/30/16,0,1
5/31/16,5,1
6/1/16,10,1
6/2/16,15,1
6/3/16,0,1
6/4/16,6,1
6/5/16,0,1
6/6/16,10,1
6/7/16,10,1
6/8/16,15,1
6/9/16,0,1
6/10/16,5,1
6/11/16,0,1
6/12/16,6,1
6/13/16,5,1
6/14/16,10,1
6/15/16,15,1
6/16/16,5,1
6/17/16,21,1
6/18/16,0,1
6/19/16,0,1
6/20/16,15,1
6/21/16,10,1
6/22/16,10,1
6/23/16,10,1
6/24/16,100,1
6/25/16,38,1
6/26/16,10,1
6/27/16,40,1
6/28/16,31,1
6/29/16,24,1
6/30/16,25,1
7/1/16,75,1
7/2/16,10,1
7/3/16,0,1
7/4/16,0,1
7/5/16,0,1
7/6/16,24,1
7/7/16,25,1
7/8/16,25,1
7/9/16,0,1
7/10/16,0,1
7/11/16,17,1
7/12/16,8,1
7/13/16,25,1
7/14/16,16,1
7/15/16,17,1
7/16/16,10,1
7/17/16,0,1
7/18/16,0,1
7/19/16,25,1
7/20/16,16,1
7/21/16,24,1
7/22/16,17,1
7/23/16,0,1
7/24/16,0,1
7/25/16,16,1
7/26/16,8,1
7/27/16,24,1
7/28/16,8,1
7/29/16,25,1
7/30/16,19,1
7/31/16,9,1
8/1/16,0,1
8/2/16,65,1
8/3/16,0,1
8/4/16,0,1
8/5/16,0,1
8/6/16,10,1
8/7/16,10,1
8/8/16,17,1
8/9/16,17,1
8/10/16,33,1
8/11/16,0,1
8/12/16,9,1
8/13/16,0,1
8/14/16,0,1
8/15/16,26,1
8/16/16,0,1
8/17/16,35,1
8/18/16,0,1
8/19/16,0,1
8/20/16,0,1
8/21/16,0,1
8/22/16,0,1
8/23/16,17,1
8/24/16,25,1
8/25/16,24,1
8/26/16,8,1
8/27/16,0,1
8/28/16,28,1
8/29/16,16,1
8/30/16,8,1
8/31/16,16,1
9/1/16,8,1
9/2/16,8,1
9/3/16,9,1
9/4/16,0,1
9/5/16,9,1
9/6/16,30,1
9/7/16,15,1
9/8/16,8,1
9/9/16,16,1
9/10/16,18,1
9/11/16,0,1
9/12/16,30,1
9/13/16,15,1
9/14/16,15,1
9/15/16,15,1
9/16/16,0,1
9/17/16,0,1
9/18/16,9,1
9/19/16,15,1
9/20/16,30,1
9/21/16,8,1
9/22/16,8,1
9/23/16,0,1
9/24/16,0,1
9/25/16,0,1
9/26/16,22,1
9/27/16,0,1
9/28/16,30,1
9/29/16,23,1
9/30/16,16,1
10/1/16,0,1
10/2/16,0,1
10/3/16,45,1
10/4/16,7,1
10/5/16,8,1
10/6/16,38,1
10/7/16,15,1
10/8/16,9,1
10/9/16,0,1
10/10/16,0,1
10/11/16,8,1
10/12/16,15,1
10/13/16,23,1
10/14/16,0,1
10/15/16,9,1
10/16/16,0,1
10/17/16,8,1
10/18/16,0,1
10/19/16,8,1
10/20/16,8,1
10/21/16,16,1
10/22/16,0,1
10/23/16,0,1
10/24/16,7,1
10/25/16,0,1
10/26/16,22,1
10/27/16,7,1
10/28/16,16,1
10/29/16,9,1
10/30/16,0,1
10/31/16,15,1
11/1/16,23,1
11/2/16,15,1
11/3/16,7,1
11/4/16,23,1
11/5/16,0,1
11/6/16,9,1
11/7/16,29,1
11/8/16,43,1
11/9/16,100,1
11/10/16,15,1
11/11/16,0,1
11/12/16,9,1
11/13/16,18,1
11/14/16,7,1
11/15/16,7,1
11/16/16,29,1
11/17/16,7,1
11/18/16,15,1
11/19/16,0,1
11/20/16,9,1
11/21/16,7,1
11/22/16,7,1
11/23/16,8,1
11/24/16,9,1
11/25/16,33,1
11/26/16,9,1
11/27/16,8,1
11/28/16,20,1
11/29/16,7,1
11/30/16,7,1
12/1/16,0,1
12/2/16,0,1
12/3/16,8,1
12/4/16,0,1
12/5/16,13,1
12/6/16,7,1
12/7/16,28,1
12/8/16,28,1
12/9/16,7,1
12/10/16,0,1
12/11/16,0,1
12/12/16,20,1
12/13/16,7,1
12/14/16,0,1
12/15/16,0,1
12/16/16,0,1
12/17/16,0,1
12/18/16,17,1
12/19/16,22,1
12/20/16,8,1
12/21/16,23,1
12/22/16,16,1
12/23/16,16,1
12/24/16,9,1
12/25/16,0,1
12/26/16,0,1
12/27/16,0,1
12/28/16,50,1
12/29/16,16,1
12/30/16,17,1
12/31/16,18,1
1/1/17,0,1
1/2/17,0,1
1/3/17,31,1
1/4/17,15,1
1/5/17,16,1
1/6/17,0,1
1/7/17,18,1
1/8/17,0,1
1/9/17,30,1
1/10/17,0,1
1/11/17,0,1
1/12/17,45,1
1/13/17,15,1
1/14/17,0,1
1/15/17,17,1
1/16/17,47,1
1/17/17,0,1
1/18/17,59,1
1/19/17,59,1
1/20/17,44,1
1/21/17,0,1
1/22/17,0,1
1/23/17,0,1
1/24/17,0,1
1/25/17,44,1
1/26/17,29,1
1/27/17,30,1
1/28/17,36,1
1/29/17,0,1
1/30/17,57,1
1/31/17,43,1
2/1/17,14,1
2/2/17,29,1
2/3/17,0,1
2/4/17,0,1
2/5/17,0,1
2/6/17,28,1
2/7/17,43,1
2/8/17,87,1
2/9/17,15,1
2/10/17,0,1
2/11/17,0,1
2/12/17,0,1
2/13/17,56,1
2/14/17,44,1
2/15/17,45,1
2/16/17,43,1
2/17/17,0,1
2/18/17,0,1
2/19/17,0,1
2/20/17,76,1
2/21/17,0,1
2/22/17,43,1
2/23/17,43,1
2/24/17,30,1
2/25/17,0,1
2/26/17,0,1
2/27/17,13,1
2/28/17,0,1
3/1/17,0,1
3/2/17,27,1
3/3/17,29,1
3/4/17,17,1
3/5/17,0,1
3/6/17,14,1
3/7/17,27,1
3/8/17,29,1
3/9/17,0,1
3/10/17,29,1
3/11/17,0,1
3/12/17,16,1
3/13/17,0,1
3/14/17,0,1
3/15/17,29,1
3/16/17,15,1
3/17/17,0,1
3/18/17,0,1
3/19/17,0,1
3/20/17,29,1
3/21/17,14,1
3/22/17,0,1
3/23/17,0,1
3/24/17,30,1
3/25/17,0,1
3/26/17,0,1
3/27/17,43,1
3/28/17,0,1
3/29/17,0,1
3/30/17,15,1
3/31/17,15,1
4/1/17,17,1
4/2/17,0,1
4/3/17,14,1
4/4/17,0,1
4/5/17,0,1
4/6/17,29,1
4/7/17,0,1
4/8/17,0,1
4/9/17,0,1
4/10/17,44,1
4/11/17,44,1
4/12/17,29,1
4/13/17,30,1
4/14/17,16,1
4/15/17,18,1
4/16/17,19,1
4/17/17,44,1
4/18/17,43,1
4/19/17,72,1
4/20/17,0,1
4/21/17,15,1
4/22/17,0,1
4/23/17,18,1
4/24/17,100,1
4/25/17,42,1
4/26/17,44,1
4/27/17,23,1
4/28/17,23,1
4/29/17,0,1
4/30/17,14,1
5/1/17,45,1
5/2/17,44,1
5/3/17,34,1
5/4/17,11,1
5/5/17,24,1
5/6/17,0,1
5/7/17,14,1
5/8/17,11,1
5/9/17,45,1
5/10/17,0,1
5/11/17,70,1
5/12/17,12,1
5/13/17,0,1
5/14/17,0,1
5/15/17,24,1
5/16/17,0,1
5/17/17,73,1
5/18/17,49,1
5/19/17,63,1
5/20/17,0,1
5/21/17,0,1
5/22/17,48,1
5/23/17,12,1
5/24/17,24,1
5/25/17,37,1
5/26/17,26,1
5/27/17,0,1
5/28/17,16,1
5/29/17,0,1
5/30/17,36,1
5/31/17,47,1
6/1/17,37,1
6/2/17,13,1
6/3/17,0,1
6/4/17,15,1
6/5/17,12,1
6/6/17,47,1
6/7/17,24,1
6/8/17,24,1
6/9/17,13,1
6/10/17,0,1
6/11/17,0,1
6/12/17,36,1
6/13/17,0,1
6/14/17,24,1
6/15/17,0,1
6/16/17,0,1
6/17/17,0,1
6/18/17,0,1
6/19/17,0,1
6/20/17,0,1
6/21/17,0,1
6/22/17,0,1
6/23/17,24,1
6/24/17,0,1
6/25/17,0,1
6/26/17,25,1
6/27/17,0,1
6/28/17,13,1
6/29/17,13,1
6/30/17,0,1
7/1/17,0,1
7/2/17,0,1
7/3/17,14,1
7/4/17,0,1
7/5/17,53,1
7/6/17,26,1
7/7/17,13,1
7/8/17,0,1
7/9/17,0,1
7/10/17,0,1
7/11/17,13,1
7/12/17,13,1
7/13/17,25,1
7/14/17,26,1
7/15/17,30,1
7/16/17,15,1
7/17/17,38,1
7/18/17,13,1
7/19/17,50,1
7/20/17,25,1
7/21/17,0,1
7/22/17,15,1
7/23/17,29,1
7/24/17,0,1
7/25/17,37,1
7/26/17,50,1
7/27/17,37,1
7/28/17,25,1
7/29/17,0,1
7/30/17,0,1
7/31/17,12,1
8/1/17,70,1
8/2/17,45,1
8/3/17,59,1
8/4/17,12,1
8/5/17,0,1
8/6/17,14,1
8/7/17,23,1
8/8/17,11,1
8/9/17,60,1
8/10/17,61,1
8/11/17,100,1
8/12/17,42,1
8/13/17,14,1
8/14/17,37,1
8/15/17,24,1
8/16/17,48,1
8/17/17,48,1
8/18/17,49,1
8/19/17,28,1
8/20/17,0,1
8/21/17,11,1
8/22/17,24,1
8/23/17,36,1
8/24/17,24,1
8/25/17,24,1
8/26/17,0,1
8/27/17,0,1
8/28/17,27,1
8/29/17,26,1
8/30/17,40,1
8/31/17,13,1
9/1/17,14,1
9/2/17,0,1
9/3/17,0,1
9/4/17,15,1
9/5/17,38,1
9/6/17,100,1
9/7/17,51,1
9/8/17,26,1
9/9/17,15,1
9/10/17,0,1
9/11/17,26,1
9/12/17,13,1
9/13/17,39,1
9/14/17,65,1
9/15/17,93,1
9/16/17,0,1
9/17/17,15,1
9/18/17,38,1
9/19/17,38,1
9/20/17,51,1
9/21/17,26,1
9/22/17,27,1
9/23/17,16,1
9/24/17,31,1
9/25/17,26,1
9/26/17,26,1
9/27/17,13,1
9/28/17,91,1
9/29/17,13,1
9/30/17,0,1
10/1/17,0,1
10/2/17,37,1
10/3/17,51,1
10/4/17,51,1
10/5/17,13,1
10/6/17,53,1
10/7/17,15,1
10/8/17,15,1
10/9/17,38,1
10/10/17,50,1
10/11/17,38,1
10/12/17,25,1
10/13/17,79,1
10/14/17,0,1
10/15/17,30,1
10/16/17,13,1
10/17/17,26,1
10/18/17,13,1
10/19/17,39,1
10/20/17,27,1
10/21/17,16,1
10/22/17,45,1
10/23/17,26,1
10/24/17,0,1
10/25/17,25,1
10/26/17,26,1
10/27/17,0,1
10/28/17,0,1
10/29/17,31,1
10/30/17,25,1
10/31/17,0,1
11/1/17,0,1
11/2/17,50,1
11/3/17,13,1
11/4/17,15,1
11/5/17,0,1
11/6/17,13,1
11/7/17,25,1
11/8/17,38,1
11/9/17,13,1
11/10/17,53,1
11/11/17,15,1
11/12/17,15,1
11/13/17,38,1
11/14/17,0,1
11/15/17,25,1
11/16/17,13,1
11/17/17,13,1
11/18/17,0,1
11/19/17,0,1
11/20/17,26,1
11/21/17,40,1
11/22/17,14,1
11/23/17,31,1
11/24/17,14,1
11/25/17,0,1
11/26/17,15,1
11/27/17,12,1
11/28/17,0,1
11/29/17,50,1
11/30/17,13,1
12/1/17,13,1
12/2/17,30,1
12/3/17,15,1
12/4/17,12,1
12/5/17,25,1
12/6/17,0,1
12/7/17,38,1
12/8/17,51,1
12/9/17,0,1
12/10/17,15,1
12/11/17,25,1
12/12/17,12,1
12/13/17,13,1
12/14/17,13,1
12/15/17,0,1
12/16/17,16,1
12/17/17,15,1
12/18/17,13,1
12/19/17,79,1
12/20/17,27,1
12/21/17,14,1
12/22/17,0,1
12/23/17,0,1
12/24/17,0,1
12/25/17,0,1
12/26/17,30,1
12/27/17,4,1
12/28/17,2,1
12/29/17,0,1
12/30/17,2,1
12/31/17,2,1
1/1/18,0,1
1/2/18,2,1
1/3/18,2,1
1/4/18,8,1
1/5/18,10,1
1/6/18,2,1
1/7/18,2,1
1/8/18,4,1
1/9/18,2,1
1/10/18,4,1
1/11/18,0,1
1/12/18,0,1
1/13/18,0,1
1/14/18,0,1
1/15/18,0,1
1/16/18,4,1
1/17/18,6,1
1/18/18,0,1
1/19/18,2,1
1/20/18,0,1
1/21/18,2,1
1/22/18,6,1
1/23/18,4,1
1/24/18,4,1
1/25/18,10,1
1/26/18,2,1
1/27/18,2,1
1/28/18,0,1
1/29/18,11,1
1/30/18,6,1
1/31/18,11,1
2/1/18,2,1
2/2/18,12,1
2/3/18,0,1
2/4/18,2,1
2/5/18,39,1
2/6/18,100,1
2/7/18,26,1
2/8/18,19,1
2/9/18,27,1
2/10/18,4,1
2/11/18,9,1
2/12/18,17,1
2/13/18,8,1
2/14/18,17,1
2/15/18,8,1
2/16/18,12,1
2/17/18,0,1
2/18/18,2,1
2/19/18,6,1
2/20/18,9,1
2/21/18,9,1
2/22/18,13,1
2/23/18,8,1
2/24/18,0,1
2/25/18,9,1
2/26/18,7,1
2/27/18,15,1
2/28/18,15,1
3/1/18,4,1
3/2/18,6,1
3/3/18,0,1
3/4/18,0,1
3/5/18,4,1
3/6/18,5,1
3/7/18,7,1
3/8/18,2,1
3/9/18,6,1
3/10/18,0,1
3/11/18,0,1
3/12/18,2,1
3/13/18,7,1
3/14/18,8,1
3/15/18,2,1
3/16/18,2,1
3/17/18,2,1
3/18/18,2,1
3/19/18,9,1
3/20/18,6,1
3/21/18,4,1
3/22/18,8,1
3/23/18,6,1
3/24/18,2,1
3/25/18,5,1
3/26/18,4,1
3/27/18,10,1
3/28/18,6,1
3/29/18,0,1
3/30/18,6,1
3/31/18,0,1
4/1/18,0,1
4/2/18,6,1
4/3/18,0,1
4/4/18,0,1
4/5/18,4,1
4/6/18,12,1
4/7/18,4,1
4/8/18,7,1
4/9/18,0,1
4/10/18,0,1
4/11/18,4,1
4/12/18,10,1
4/13/18,0,1
4/14/18,2,1
4/15/18,4,1
4/16/18,4,1
4/17/18,4,1
4/18/18,2,1
4/19/18,2,1
4/20/18,6,1
4/21/18,2,1
4/22/18,0,1
4/23/18,4,1
4/24/18,4,1
4/25/18,2,1
4/26/18,0,1
4/27/18,20,1
4/28/18,0,1
4/29/18,24,1
4/30/18,59,1
5/1/18,20,1
5/2/18,20,1
5/3/18,20,1
5/4/18,41,1
5/5/18,48,1
5/6/18,0,1
5/7/18,39,1
5/8/18,39,1
5/9/18,19,1
5/10/18,40,1
5/11/18,40,1
5/12/18,0,1
5/13/18,0,1
5/14/18,20,1
5/15/18,60,1
5/16/18,39,1
5/17/18,100,1
5/18/18,0,1
5/19/18,0,1
5/20/18,24,1
5/21/18,0,1
5/22/18,40,1
5/23/18,20,1
5/24/18,21,1
5/25/18,43,1
5/26/18,25,1
5/27/18,0,1
5/28/18,0,1
5/29/18,20,1
5/30/18,0,1
5/31/18,21,1
6/1/18,21,1
6/2/18,0,1
6/3/18,0,1
6/4/18,0,1
6/5/18,20,1
6/6/18,21,1
6/7/18,20,1
6/8/18,42,1
6/9/18,24,1
6/10/18,24,1
6/11/18,20,1
6/12/18,57,1
6/13/18,39,1
6/14/18,20,1
6/15/18,21,1
6/16/18,24,1
6/17/18,25,1
6/18/18,0,1
6/19/18,41,1
6/20/18,42,1
6/21/18,0,1
6/22/18,43,1
6/23/18,0,1
6/24/18,0,1
6/25/18,21,1
6/26/18,41,1
6/27/18,21,1
6/28/18,21,1
6/29/18,43,1
6/30/18,0,1
7/1/18,0,1
7/2/18,62,1
7/3/18,42,1
7/4/18,0,1
7/5/18,22,1
7/6/18,63,1
7/7/18,0,1
7/8/18,0,1
7/9/18,20,1
7/10/18,0,1
7/11/18,0,1
7/12/18,43,1
7/13/18,0,1
7/14/18,0,1
7/15/18,0,1
7/16/18,42,1
7/17/18,84,1
7/18/18,0,1
7/19/18,0,1
7/20/18,0,1
7/21/18,0,1
7/22/18,24,1
7/23/18,0,1
7/24/18,82,1
7/25/18,41,1
7/26/18,42,1
7/27/18,43,1
7/28/18,18,1
7/29/18,18,1
7/30/18,0,1
7/31/18,60,1
8/1/18,15,1
8/2/18,0,1
8/3/18,0,1
8/4/18,18,1
8/5/18,18,1
8/6/18,0,1
8/7/18,30,1
8/8/18,60,1
8/9/18,30,1
8/10/18,31,1
8/11/18,35,1
8/12/18,0,1
8/13/18,31,1
8/14/18,30,1
8/15/18,46,1
8/16/18,15,1
8/17/18,15,1
8/18/18,18,1
8/19/18,0,1
8/20/18,0,1
8/21/18,91,1
8/22/18,31,1
8/23/18,15,1
8/24/18,16,1
8/25/18,0,1
8/26/18,18,1
8/27/18,0,1
8/28/18,76,1
8/29/18,15,1
8/30/18,30,1
8/31/18,31,1
9/1/18,17,1
9/2/18,0,1
9/3/18,17,1
9/4/18,15,1
9/5/18,15,1
9/6/18,29,1
9/7/18,29,1
9/8/18,17,1
9/9/18,0,1
9/10/18,0,1
9/11/18,14,1
9/12/18,14,1
9/13/18,0,1
9/14/18,15,1
9/15/18,18,1
9/16/18,0,1
9/17/18,29,1
9/18/18,0,1
9/19/18,0,1
9/20/18,14,1
9/21/18,15,1
9/22/18,0,1
9/23/18,0,1
9/24/18,15,1
9/25/18,14,1
9/26/18,43,1
9/27/18,29,1
9/28/18,15,1
9/29/18,0,1
9/30/18,0,1
10/1/18,14,1
10/2/18,0,1
10/3/18,0,1
10/4/18,15,1
10/5/18,45,1
10/6/18,18,1
10/7/18,17,1
10/8/18,15,1
10/9/18,15,1
10/10/18,44,1
10/11/18,74,1
10/12/18,63,1
10/13/18,0,1
10/14/18,36,1
10/15/18,44,1
10/16/18,44,1
10/17/18,29,1
10/18/18,46,1
10/19/18,77,1
10/20/18,0,1
10/21/18,0,1
10/22/18,30,1
10/23/18,59,1
10/24/18,100,1
10/25/18,29,1
10/26/18,47,1
10/27/18,18,1
10/28/18,0,1
10/29/18,12,1
10/30/18,24,1
10/31/18,50,1
11/1/18,25,1
11/2/18,12,1
11/3/18,15,1
11/4/18,0,1
11/5/18,22,1
11/6/18,12,1
11/7/18,0,1
11/8/18,0,1
11/9/18,12,1
11/10/18,0,1
11/11/18,0,1
11/12/18,12,1
11/13/18,59,1
11/14/18,24,1
11/15/18,12,1
11/16/18,25,1
11/17/18,0,1
11/18/18,29,1
11/19/18,61,1
11/20/18,24,1
11/21/18,26,1
11/22/18,0,1
11/23/18,27,1
11/24/18,0,1
11/25/18,0,1
11/26/18,0,1
11/27/18,11,1
11/28/18,23,1
11/29/18,24,1
11/30/18,23,1
12/1/18,14,1
12/2/18,14,1
12/3/18,35,1
12/4/18,12,1
12/5/18,24,1
12/6/18,12,1
12/7/18,37,1
12/8/18,0,1
12/9/18,0,1
12/10/18,47,1
12/11/18,24,1
12/12/18,12,1
12/13/18,24,1
12/14/18,23,1
12/15/18,0,1
12/16/18,0,1
12/17/18,0,1
12/18/18,23,1
12/19/18,12,1
12/20/18,51,1
12/21/18,26,1
12/22/18,15,1
12/23/18,15,1
12/24/18,59,1
12/25/18,17,1
12/26/18,100,1
12/27/18,93,1
12/28/18,13,1
12/29/18,0,1
12/30/18,29,1
12/31/18,40,1
1/1/19,0,1
1/2/19,25,1
1/3/19,25,1
1/4/19,25,1
1/5/19,14,1
1/6/19,28,1
1/7/19,0,1
1/8/19,35,1
1/9/19,36,1
1/10/19,36,1
1/11/19,36,1
1/12/19,0,1
1/13/19,0,1
1/14/19,23,1
1/15/19,46,1
1/16/19,12,1
1/17/19,23,1
1/18/19,24,1
1/19/19,0,1
1/20/19,0,1
1/21/19,12,1
1/22/19,35,1
1/23/19,23,1
1/24/19,11,1
1/25/19,24,1
1/26/19,14,1
1/27/19,0,1
1/28/19,12,1
1/29/19,11,1
1/30/19,0,1
1/31/19,20,1
2/1/19,10,1
2/2/19,0,1
2/3/19,23,1
2/4/19,9,1
2/5/19,39,1
2/6/19,10,1
2/7/19,19,1
2/8/19,10,1
2/9/19,0,1
2/10/19,11,1
2/11/19,9,1
2/12/19,10,1
2/13/19,10,1
2/14/19,0,1
2/15/19,51,1
2/16/19,0,1
2/17/19,0,1
2/18/19,20,1
2/19/19,10,1
2/20/19,19,1
2/21/19,19,1
2/22/19,10,1
2/23/19,0,1
2/24/19,12,1
2/25/19,47,1
2/26/19,29,1
2/27/19,19,1
2/28/19,0,1
3/1/19,0,1
3/2/19,23,1
3/3/19,11,1
3/4/19,20,1
3/5/19,0,1
3/6/19,0,1
3/7/19,19,1
3/8/19,0,1
3/9/19,12,1
3/10/19,0,1
3/11/19,30,1
3/12/19,0,1
3/13/19,20,1
3/14/19,30,1
3/15/19,0,1
3/16/19,12,1
3/17/19,12,1
3/18/19,21,1
3/19/19,10,1
3/20/19,21,1
3/21/19,0,1
3/22/19,31,1
3/23/19,0,1
3/24/19,11,1
3/25/19,10,1
3/26/19,21,1
3/27/19,0,1
3/28/19,20,1
3/29/19,0,1
3/30/19,12,1
3/31/19,12,1
4/1/19,10,1
4/2/19,20,1
4/3/19,0,1
4/4/19,20,1
4/5/19,21,1
4/6/19,0,1
4/7/19,0,1
4/8/19,0,1
4/9/19,0,1
4/10/19,0,1
4/11/19,10,1
4/12/19,21,1
4/13/19,12,1
4/14/19,12,1
4/15/19,10,1
4/16/19,0,1
4/17/19,31,1
4/18/19,0,1
4/19/19,11,1
4/20/19,0,1
4/21/19,13,1
4/22/19,0,1
4/23/19,10,1
4/24/19,0,1
4/25/19,0,1
4/26/19,10,1
4/27/19,12,1
4/28/19,0,1
4/29/19,20,1
4/30/19,10,1
5/1/19,0,1
5/2/19,20,1
5/3/19,10,1
5/4/19,0,1
5/5/19,12,1
5/6/19,40,1
5/7/19,100,1
5/8/19,10,1
5/9/19,20,1
5/10/19,21,1
5/11/19,0,1
5/12/19,12,1
5/13/19,40,1
5/14/19,10,1
5/15/19,21,1
5/16/19,20,1
5/17/19,10,1
5/18/19,0,1
5/19/19,13,1
5/20/19,41,1
5/21/19,20,1
5/22/19,21,1
5/23/19,10,1
5/24/19,11,1
5/25/19,0,1
5/26/19,13,1
5/27/19,0,1
5/28/19,10,1
5/29/19,30,1
5/30/19,10,1
5/31/19,30,1
6/1/19,0,1
6/2/19,17,1
6/3/19,29,1
6/4/19,15,1
6/5/19,59,1
6/6/19,29,1
6/7/19,0,1
6/8/19,0,1
6/9/19,0,1
6/10/19,44,1
6/11/19,0,1
6/12/19,15,1
6/13/19,15,1
6/14/19,0,1
6/15/19,0,1
6/16/19,0,1
6/17/19,0,1
6/18/19,15,1
6/19/19,29,1
6/20/19,15,1
6/21/19,30,1
6/22/19,0,1
6/23/19,36,1
6/24/19,15,1
6/25/19,0,1
6/26/19,45,1
6/27/19,15,1
6/28/19,32,1
6/29/19,18,1
6/30/19,0,1
7/1/19,0,1
7/2/19,15,1
7/3/19,15,1
7/4/19,0,1
7/5/19,17,1
7/6/19,0,1
7/7/19,0,1
7/8/19,44,1
7/9/19,0,1
7/10/19,15,1
7/11/19,0,1
7/12/19,46,1
7/13/19,18,1
7/14/19,18,1
7/15/19,45,1
7/16/19,58,1
7/17/19,29,1
7/18/19,15,1
7/19/19,31,1
7/20/19,35,1
7/21/19,0,1
7/22/19,15,1
7/23/19,0,1
7/24/19,32,1
7/25/19,0,1
7/26/19,16,1
7/27/19,0,1
7/28/19,0,1
7/29/19,76,1
7/30/19,31,1
7/31/19,61,1
8/1/19,30,1
8/2/19,31,1
8/3/19,17,1
8/4/19,0,1
8/5/19,76,1
8/6/19,45,1
8/7/19,46,1
8/8/19,46,1
8/9/19,46,1
8/10/19,17,1
8/11/19,0,1
8/12/19,44,1
8/13/19,44,1
8/14/19,100,1
8/15/19,89,1
8/16/19,30,1
8/17/19,17,1
8/18/19,0,1
8/19/19,43,1
8/20/19,29,1
8/21/19,15,1
8/22/19,15,1
8/23/19,44,1
8/24/19,34,1
8/25/19,0,1
8/26/19,71,1
8/27/19,57,1
8/28/19,14,1
8/29/19,14,1
8/30/19,0,1
8/31/19,0,1
9/1/19,16,1
9/2/19,0,1
9/3/19,27,1
9/4/19,13,1
9/5/19,27,1
9/6/19,26,1
9/7/19,16,1
9/8/19,0,1
9/9/19,27,1
9/10/19,40,1
9/11/19,27,1
9/12/19,27,1
9/13/19,0,1
9/14/19,16,1
9/15/19,0,1
9/16/19,39,1
9/17/19,13,1
9/18/19,0,1
9/19/19,14,1
9/20/19,27,1
9/21/19,16,1
9/22/19,0,1
9/23/19,52,1
9/24/19,40,1
9/25/19,13,1
9/26/19,14,1
9/27/19,14,1
9/28/19,0,1
9/29/19,0,1
9/30/19,27,1
10/1/19,0,1
10/2/19,60,1
10/3/19,31,1
10/4/19,10,1
10/5/19,0,1
10/6/19,0,1
10/7/19,0,1
10/8/19,20,1
10/9/19,62,1
10/10/19,10,1
10/11/19,21,1
10/12/19,0,1
10/13/19,0,1
10/14/19,41,1
10/15/19,0,1
10/16/19,31,1
10/17/19,10,1
10/18/19,21,1
10/19/19,12,1
10/20/19,0,1
10/21/19,0,1
10/22/19,20,1
10/23/19,20,1
10/24/19,0,1
10/25/19,42,1
10/26/19,0,1
10/27/19,0,1
10/28/19,19,1
10/29/19,10,1
10/30/19,10,1
10/31/19,31,1
11/1/19,22,1
11/2/19,0,1
11/3/19,0,1
11/4/19,30,1
11/5/19,10,1
11/6/19,0,1
11/7/19,20,1
11/8/19,10,1
11/9/19,0,1
11/10/19,0,1
11/11/19,20,1
11/12/19,10,1
11/13/19,10,1
11/14/19,20,1
11/15/19,10,1
11/16/19,0,1
11/17/19,23,1
11/18/19,29,1
11/19/19,100,1
11/20/19,41,1
11/21/19,20,1
11/22/19,31,1
11/23/19,0,1
11/24/19,0,1
11/25/19,41,1
11/26/19,21,1
11/27/19,32,1
11/28/19,12,1
11/29/19,33,1
11/30/19,0,1
12/1/19,0,1
12/2/19,28,1
12/3/19,29,1
12/4/19,10,1
12/5/19,10,1
12/6/19,10,1
12/7/19,24,1
12/8/19,0,1
12/9/19,10,1
12/10/19,0,1
12/11/19,30,1
12/12/19,0,1
12/13/19,10,1
12/14/19,12,1
12/15/19,0,1
12/16/19,30,1
12/17/19,10,1
12/18/19,20,1
12/19/19,31,1
12/20/19,32,1
12/21/19,0,1
12/22/19,0,1
12/23/19,22,1
12/24/19,0,1
12/25/19,0,1
12/26/19,82,1
12/27/19,11,1
12/28/19,24,1
12/29/19,12,1
12/30/19,0,1
12/31/19,11,1
1/1/20,0,1
1/2/20,3,1
1/3/20,7,1
1/4/20,4,1
1/5/20,8,1
1/6/20,10,1
1/7/20,3,1
1/8/20,10,1
1/9/20,3,1
1/10/20,3,1
1/11/20,0,1
1/12/20,8,1
1/13/20,6,1
1/14/20,6,1
1/15/20,3,1
1/16/20,7,1
1/17/20,3,1
1/18/20,4,1
1/19/20,0,1
1/20/20,3,1
1/21/20,3,1
1/22/20,10,1
1/23/20,3,1
1/24/20,7,1
1/25/20,0,1
1/26/20,4,1
1/27/20,3,1
1/28/20,10,1
1/29/20,0,1
1/30/20,17,1
1/31/20,3,1
2/1/20,8,1
2/2/20,0,1
2/3/20,15,1
2/4/20,0,1
2/5/20,6,1
2/6/20,7,1
2/7/20,7,1
2/8/20,0,1
2/9/20,4,1
2/10/20,0,1
2/11/20,3,1
2/12/20,6,1
2/13/20,0,1
2/14/20,7,1
2/15/20,4,1
2/16/20,0,1
2/17/20,3,1
2/18/20,9,1
2/19/20,3,1
2/20/20,9,1
2/21/20,10,1
2/22/20,7,1
2/23/20,4,1
2/24/20,53,1
2/25/20,15,1
2/26/20,15,1
2/27/20,59,1
2/28/20,64,1
2/29/20,18,1
3/1/20,15,1
3/2/20,47,1
3/3/20,28,1
3/4/20,15,1
3/5/20,44,1
3/6/20,38,1
3/7/20,11,1
3/8/20,29,1
3/9/20,100,1
3/10/20,46,1
3/11/20,40,1
3/12/20,80,1
3/13/20,90,1
3/14/20,33,1
3/15/20,11,1
3/16/20,77,1
3/17/20,79,1
3/18/20,84,1
3/19/20,47,1
3/20/20,45,1
3/21/20,17,1
3/22/20,21,1
3/23/20,78,1
3/24/20,82,1
3/25/20,53,1
3/26/20,46,1
3/27/20,70,1
3/28/20,14,1
3/29/20,24,1
3/30/20,35,1
3/31/20,50,1
4/1/20,32,1
4/2/20,20,1
4/3/20,58,1
4/4/20,16,1
4/5/20,8,1
4/6/20,92,1
4/7/20,73,1
4/8/20,58,1
4/9/20,65,1
4/10/20,37,1
4/11/20,25,1
4/12/20,17,1
4/13/20,64,1
4/14/20,71,1
4/15/20,68,1
4/16/20,56,1
4/17/20,21,1
4/18/20,16,1
4/19/20,16,1
4/20/20,41,1
4/21/20,62,1
4/22/20,70,1
4/23/20,70,1
4/24/20,21,1
4/25/20,16,1
4/26/20,24,1
4/27/20,42,1
4/28/20,50,1
4/29/20,14,1
4/30/20,14,1
5/1/20,86,1
5/2/20,8,1
5/3/20,25,1
5/4/20,42,1
5/5/20,13,1
5/6/20,35,1
5/7/20,22,1
5/8/20,36,1
5/9/20,24,1
5/10/20,8,1
5/11/20,50,1
5/12/20,43,1
5/13/20,36,1
5/14/20,49,1
5/15/20,29,1
5/16/20,8,1
5/17/20,66,1
5/18/20,57,1
5/19/20,28,1
5/20/20,43,1
5/21/20,37,1
5/22/20,30,1
5/23/20,17,1
5/24/20,9,1
5/25/20,25,1
5/26/20,36,1
5/27/20,36,1
5/28/20,28,1
5/29/20,7,1
5/30/20,8,1
5/31/20,0,1
6/1/20,22,1
6/2/20,15,1
6/3/20,28,1
6/4/20,28,1
6/5/20,22,1
6/6/20,0,1
6/7/20,9,1
6/8/20,35,1
6/9/20,42,1
6/10/20,65,1
6/11/20,80,1
6/12/20,100,1
6/13/20,62,1
6/14/20,17,1
6/15/20,90,1
6/16/20,59,1
6/17/20,69,1
6/18/20,45,1
6/19/20,39,1
6/20/20,17,1
6/21/20,27,1
6/22/20,31,1
6/23/20,53,1
6/24/20,23,1
6/25/20,31,1
6/26/20,16,1
6/27/20,26,1
6/28/20,17,1
6/29/20,39,1
6/30/20,23,1
7/1/20,79,1
7/2/20,8,1
7/3/20,0,1
7/4/20,14,1
7/5/20,7,1
7/6/20,57,1
7/7/20,17,1
7/8/20,29,1
7/9/20,6,1
7/10/20,12,1
7/11/20,19,1
7/12/20,7,1
7/13/20,29,1
7/14/20,23,1
7/15/20,40,1
7/16/20,35,1
7/17/20,6,1
7/18/20,7,1
7/19/20,0,1
7/20/20,18,1
7/21/20,35,1
7/22/20,29,1
7/23/20,29,1
7/24/20,41,1
7/25/20,7,1
7/26/20,0,1
7/27/20,18,1
7/28/20,24,1
7/29/20,18,1
7/30/20,11,1
7/31/20,30,1
8/1/20,0,1
8/2/20,7,1
8/3/20,23,1
8/4/20,18,1
8/5/20,17,1
8/6/20,35,1
8/7/20,12,1
8/8/20,13,1
8/9/20,20,1
8/10/20,17,1
8/11/20,11,1
8/12/20,29,1
8/13/20,34,1
8/14/20,12,1
8/15/20,13,1
8/16/20,26,1
8/17/20,6,1
8/18/20,17,1
8/19/20,11,1
8/20/20,17,1
8/21/20,0,1
8/22/20,0,1
8/23/20,0,1
8/24/20,22,1
8/25/20,5,1
8/26/20,27,1
8/27/20,38,1
8/28/20,40,1
8/29/20,13,1
8/30/20,13,1
8/31/20,32,1
9/1/20,11,1
9/2/20,16,1
9/3/20,100,1
9/4/20,39,1
9/5/20,20,1
9/6/20,7,1
9/7/20,25,1
9/8/20,47,1
9/9/20,37,1
9/10/20,10,1
9/11/20,27,1
9/12/20,13,1
9/13/20,6,1
9/14/20,21,1
9/15/20,5,1
9/16/20,21,1
9/17/20,21,1
9/18/20,33,1
9/19/20,33,1
9/20/20,26,1
9/21/20,37,1
9/22/20,31,1
9/23/20,27,1
9/24/20,21,1
9/25/20,12,1
9/26/20,0,1
9/27/20,0,1
9/28/20,18,1
9/29/20,11,1
9/30/20,17,1
10/1/20,17,1
10/2/20,24,1
10/3/20,0,1
10/4/20,14,1
10/5/20,68,1
10/6/20,30,1
10/7/20,29,1
10/8/20,0,1
10/9/20,23,1
10/10/20,0,1
10/11/20,12,1
10/12/20,33,1
10/13/20,33,1
10/14/20,11,1
10/15/20,11,1
10/16/20,57,1
10/17/20,0,1
10/18/20,0,1
10/19/20,56,1
10/20/20,45,1
10/21/20,11,1
10/22/20,34,1
10/23/20,0,1
10/24/20,13,1
10/25/20,12,1
10/26/20,33,1
10/27/20,0,1
10/28/20,100,1
10/29/20,77,1
10/30/20,81,1
10/31/20,13,1
11/1/20,13,1
11/2/20,44,1
11/3/20,33,1
11/4/20,43,1
11/5/20,16,1
11/6/20,27,1
11/7/20,11,1
11/8/20,23,1
11/9/20,21,1
11/10/20,74,1
11/11/20,11,1
11/12/20,52,1
11/13/20,11,1
11/14/20,12,1
11/15/20,24,1
11/16/20,32,1
11/17/20,32,1
11/18/20,44,1
11/19/20,22,1
11/20/20,45,1
11/21/20,12,1
11/22/20,0,1
11/23/20,33,1
11/24/20,45,1
11/25/20,23,1
11/26/20,36,1
11/27/20,35,1
11/28/20,24,1
11/29/20,0,1
11/30/20,10,1
12/1/20,11,1
12/2/20,32,1
12/3/20,11,1
12/4/20,22,1
12/5/20,0,1
12/6/20,12,1
12/7/20,53,1
12/8/20,32,1
12/9/20,54,1
12/10/20,0,1
12/11/20,22,1
12/12/20,0,1
12/13/20,12,1
12/14/20,11,1
12/15/20,22,1
12/16/20,22,1
12/17/20,11,1
12/18/20,34,1
12/19/20,0,1
12/20/20,0,1
12/21/20,46,1
12/22/20,11,1
12/23/20,35,1
12/24/20,49,1
12/25/20,41,1
12/26/20,0,1
12/27/20,0,1
12/28/20,22,1
12/29/20,46,1
12/30/20,0,1
12/31/20,0,1
1/1/21,0,1
1/2/21,0,1
1/3/21,23,1
1/4/21,52,1
1/5/21,21,1
1/6/21,52,1
1/7/21,11,1
1/8/21,42,1
1/9/21,0,1
1/10/21,12,1
1/11/21,43,1
1/12/21,43,1
1/13/21,65,1
1/14/21,54,1
1/15/21,32,1
1/16/21,0,1
1/17/21,12,1
1/18/21,11,1
1/19/21,22,1
1/20/21,21,1
1/21/21,32,1
1/22/21,11,1
1/23/21,12,1
1/24/21,0,1
1/25/21,42,1
1/26/21,32,1
1/27/21,42,1
1/28/21,65,1
1/29/21,66,1
1/30/21,37,1
1/31/21,0,1
2/1/21,75,1
2/2/21,75,1
2/3/21,11,1
2/4/21,22,1
2/5/21,55,1
2/6/21,0,1
2/7/21,12,1
2/8/21,21,1
2/9/21,33,1
2/10/21,22,1
2/11/21,22,1
2/12/21,33,1
2/13/21,24,1
2/14/21,36,1
2/15/21,57,1
2/16/21,56,1
2/17/21,66,1
2/18/21,44,1
2/19/21,11,1
2/20/21,37,1
2/21/21,12,1
2/22/21,64,1
2/23/21,45,1
2/24/21,0,1
2/25/21,55,1
2/26/21,100,1
2/27/21,25,1
2/28/21,0,1
3/1/21,43,1
3/2/21,55,1
3/3/21,76,1
3/4/21,99,1
3/5/21,89,1
3/6/21,38,1
3/7/21,25,1
3/8/21,44,1
3/9/21,45,1
3/10/21,43,1
3/11/21,0,1
3/12/21,44,1
3/13/21,0,1
3/14/21,23,1
3/15/21,36,1
3/16/21,9,1
3/17/21,75,1
3/18/21,75,1
3/19/21,22,1
3/20/21,0,1
3/21/21,0,1
3/22/21,32,1
3/23/21,22,1
3/24/21,21,1
3/25/21,22,1
3/26/21,79,1
3/27/21,0,1
3/28/21,25,1
3/29/21,33,1
3/30/21,55,1
3/31/21,0,1
4/1/21,0,1
4/2/21,12,1
4/3/21,0,1
4/4/21,26,1
4/5/21,46,1
4/6/21,22,1
4/7/21,25,1
4/8/21,13,1
4/9/21,100,1
4/10/21,14,1
4/11/21,14,1
4/12/21,25,1
4/13/21,13,1
4/14/21,25,1
4/15/21,64,1
4/16/21,39,1
4/17/21,15,1
4/18/21,0,1
4/19/21,13,1
4/20/21,38,1
4/21/21,13,1
4/22/21,91,1
4/23/21,26,1
4/24/21,0,1
4/25/21,15,1
4/26/21,26,1
4/27/21,39,1
4/28/21,51,1
4/29/21,13,1
4/30/21,37,1
5/1/21,0,1
5/2/21,0,1
5/3/21,25,1
5/4/21,25,1
5/5/21,12,1
5/6/21,26,1
5/7/21,13,1
5/8/21,0,1
5/9/21,0,1
5/10/21,26,1
5/11/21,64,1
5/12/21,76,1
5/13/21,39,1
5/14/21,53,1
5/15/21,0,1
5/16/21,15,1
5/17/21,52,1
5/18/21,0,1
5/19/21,89,1
5/20/21,13,1
5/21/21,27,1
5/22/21,0,1
5/23/21,15,1
5/24/21,52,1
5/25/21,13,1
5/26/21,39,1
5/27/21,39,1
5/28/21,26,1
5/29/21,0,1
5/30/21,44,1
5/31/21,0,1
6/1/21,52,1
6/2/21,38,1
6/3/21,25,1
6/4/21,26,1
6/5/21,15,1
6/6/21,15,1
6/7/21,13,1
6/8/21,26,1
6/9/21,13,1
6/10/21,26,1
6/11/21,27,1
6/12/21,45,1
6/13/21,0,1
6/14/21,13,1
6/15/21,13,1
6/16/21,77,1
6/17/21,13,1
6/18/21,27,1
6/19/21,0,1
6/20/21,15,1
6/21/21,13,1
6/22/21,26,1
6/23/21,13,1
6/24/21,13,1
6/25/21,14,1
6/26/21,0,1
6/27/21,15,1
6/28/21,13,1
6/29/21,66,1
6/30/21,65,1
7/1/21,25,1
7/2/21,14,1
7/3/21,15,1
7/4/21,16,1
7/5/21,15,1
7/6/21,40,1
7/7/21,26,1
7/8/21,71,1
7/9/21,59,1
7/10/21,0,1
7/11/21,31,1
7/12/21,14,1
7/13/21,43,1
7/14/21,14,1
7/15/21,28,1
7/16/21,14,1
7/17/21,16,1
7/18/21,16,1
7/19/21,71,1
7/20/21,29,1
7/21/21,42,1
7/22/21,15,1
7/23/21,15,1
7/24/21,0,1
7/25/21,16,1
7/26/21,29,1
7/27/21,29,1
7/28/21,28,1
7/29/21,14,1
7/30/21,14,1
7/31/21,0,1
8/1/21,0,1
8/2/21,57,1
8/3/21,73,1
8/4/21,57,1
8/5/21,0,1
8/6/21,15,1
8/7/21,0,1
8/8/21,0,1
8/9/21,28,1
8/10/21,30,1
8/11/21,57,1
8/12/21,29,1
8/13/21,0,1
8/14/21,32,1
8/15/21,0,1
8/16/21,29,1
8/17/21,72,1
8/18/21,100,1
8/19/21,29,1
8/20/21,14,1
8/21/21,32,1
8/22/21,0,1
8/23/21,44,1
8/24/21,31,1
8/25/21,42,1
8/26/21,44,1
8/27/21,29,1
8/28/21,0,1
8/29/21,0,1
8/30/21,28,1
8/31/21,14,1
9/1/21,14,1
9/2/21,15,1
9/3/21,46,1
9/4/21,0,1
9/5/21,0,1
9/6/21,0,1
9/7/21,15,1
9/8/21,0,1
9/9/21,0,1
9/10/21,15,1
9/11/21,17,1
9/12/21,0,1
9/13/21,45,1
9/14/21,44,1
9/15/21,29,1
9/16/21,44,1
9/17/21,0,1
9/18/21,0,1
9/19/21,16,1
9/20/21,59,1
9/21/21,30,1
9/22/21,73,1
9/23/21,76,1
9/24/21,15,1
9/25/21,34,1
9/26/21,0,1
9/27/21,45,1
9/28/21,44,1
9/29/21,44,1
9/30/21,45,1
10/1/21,31,1
10/2/21,17,1
10/3/21,32,1
10/4/21,0,1
10/5/21,15,1
10/6/21,29,1