Daily,Banking: (United States)
2004-01-01,0
2004-01-02,33
2004-01-03,97
2004-01-04,27
2004-01-05,64
2004-01-06,45
2004-01-07,41
2004-01-08,74
2004-01-09,42
2004-01-10,13
2004-01-11,40
2004-01-12,73
2004-01-13,92
2004-01-14,63
2004-01-15,86
2004-01-16,75
2004-01-17,39
2004-01-18,40
2004-01-19,18
2004-01-20,62
2004-01-21,46
2004-01-22,38
2004-01-23,24
2004-01-24,37
2004-01-25,37
2004-01-26,46
2004-01-27,45
2004-01-28,53
2004-01-29,70
2004-01-30,57
2004-01-31,37
2004-02-01,38
2004-02-02,22
2004-02-03,35
2004-02-04,100
2004-02-05,59
2004-02-06,46
2004-02-07,100
2004-02-08,0
2004-02-09,44
2004-02-10,43
2004-02-11,44
2004-02-12,61
2004-02-13,41
2004-02-14,39
2004-02-15,53
2004-02-16,68
2004-02-17,37
2004-02-18,51
2004-02-19,67
2004-02-20,56
2004-02-21,24
2004-02-22,36
2004-02-23,28
2004-02-24,58
2004-02-25,29
2004-02-26,22
2004-02-27,48
2004-02-28,75
2004-02-29,0
2004-03-01,70
2004-03-02,50
2004-03-03,0
2004-03-04,82
2004-03-05,54
2004-03-06,39
2004-03-07,0
2004-03-08,0
2004-03-09,0
2004-03-10,91
2004-03-11,81
2004-03-12,22
2004-03-13,76
2004-03-14,38
2004-03-15,81
2004-03-16,29
2004-03-17,7
2004-03-18,38
2004-03-19,49
2004-03-20,13
2004-03-21,25
2004-03-22,29
2004-03-23,0
2004-03-24,90
2004-03-25,27
2004-03-26,90
2004-03-27,25
2004-03-28,13
2004-03-29,57
2004-03-30,48
2004-03-31,35
2004-04-01,63
2004-04-02,69
2004-04-03,25
2004-04-04,12
2004-04-05,22
2004-04-06,21
2004-04-07,73
2004-04-08,45
2004-04-09,45
2004-04-10,0
2004-04-11,81
2004-04-12,0
2004-04-13,0
2004-04-14,55
2004-04-15,71
2004-04-16,23
2004-04-17,26
2004-04-18,86
2004-04-19,42
2004-04-20,81
2004-04-21,41
2004-04-22,42
2004-04-23,30
2004-04-24,76
2004-04-25,12
2004-04-26,54
2004-04-27,47
2004-04-28,90
2004-04-29,57
2004-04-30,68
2004-05-01,49
2004-05-02,23
2004-05-03,69
2004-05-04,47
2004-05-05,41
2004-05-06,36
2004-05-07,31
2004-05-08,26
2004-05-09,92
2004-05-10,65
2004-05-11,34
2004-05-12,54
2004-05-13,49
2004-05-14,53
2004-05-15,38
2004-05-16,13
2004-05-17,42
2004-05-18,41
2004-05-19,28
2004-05-20,14
2004-05-21,75
2004-05-22,25
2004-05-23,76
2004-05-24,35
2004-05-25,34
2004-05-26,43
2004-05-27,51
2004-05-28,82
2004-05-29,41
2004-05-30,43
2004-05-31,12
2004-06-01,71
2004-06-02,97
2004-06-03,58
2004-06-04,70
2004-06-05,13
2004-06-06,25
2004-06-07,57
2004-06-08,57
2004-06-09,37
2004-06-10,34
2004-06-11,38
2004-06-12,26
2004-06-13,9
2004-06-14,24
2004-06-15,52
2004-06-16,68
2004-06-17,35
2004-06-18,32
2004-06-19,9
2004-06-20,0
2004-06-21,39
2004-06-22,37
2004-06-23,68
2004-06-24,49
2004-06-25,32
2004-06-26,34
2004-06-27,9
2004-06-28,19
2004-06-29,56
2004-06-30,43
2004-07-01,40
2004-07-02,39
2004-07-03,27
2004-07-04,0
2004-07-05,16
2004-07-06,38
2004-07-07,47
2004-07-08,82
2004-07-09,52
2004-07-10,41
2004-07-11,17
2004-07-12,52
2004-07-13,50
2004-07-14,21
2004-07-15,38
2004-07-16,53
2004-07-17,8
2004-07-18,33
2004-07-19,37
2004-07-20,60
2004-07-21,56
2004-07-22,44
2004-07-23,26
2004-07-24,24
2004-07-25,17
2004-07-26,29
2004-07-27,41
2004-07-28,28
2004-07-29,29
2004-07-30,42
2004-07-31,33
2004-08-01,33
2004-08-02,28
2004-08-03,28
2004-08-04,33
2004-08-05,39
2004-08-06,51
2004-08-07,17
2004-08-08,67
2004-08-09,19
2004-08-10,87
2004-08-11,74
2004-08-12,47
2004-08-13,65
2004-08-14,16
2004-08-15,16
2004-08-16,46
2004-08-17,27
2004-08-18,23
2004-08-19,61
2004-08-20,45
2004-08-21,31
2004-08-22,24
2004-08-23,50
2004-08-24,31
2004-08-25,40
2004-08-26,32
2004-08-27,34
2004-08-28,38
2004-08-29,15
2004-08-30,35
2004-08-31,35
2004-09-01,36
2004-09-02,45
2004-09-03,65
2004-09-04,23
2004-09-05,40
2004-09-06,40
2004-09-07,30
2004-09-08,55
2004-09-09,59
2004-09-10,32
2004-09-11,29
2004-09-12,28
2004-09-13,41
2004-09-14,20
2004-09-15,37
2004-09-16,21
2004-09-17,59
2004-09-18,35
2004-09-19,21
2004-09-20,21
2004-09-21,28
2004-09-22,33
2004-09-23,37
2004-09-24,31
2004-09-25,29
2004-09-26,7
2004-09-27,33
2004-09-28,31
2004-09-29,24
2004-09-30,25
2004-10-01,59
2004-10-02,50
2004-10-03,41
2004-10-04,35
2004-10-05,28
2004-10-06,37
2004-10-07,51
2004-10-08,41
2004-10-09,30
2004-10-10,7
2004-10-11,21
2004-10-12,0
2004-10-13,26
2004-10-14,50
2004-10-15,44
2004-10-16,7
2004-10-17,14
2004-10-18,24
2004-10-19,27
2004-10-20,40
2004-10-21,20
2004-10-22,34
2004-10-23,7
2004-10-24,27
2004-10-25,39
2004-10-26,27
2004-10-27,27
2004-10-28,28
2004-10-29,53
2004-10-30,30
2004-10-31,28
2004-11-01,28
2004-11-02,22
2004-11-03,27
2004-11-04,43
2004-11-05,38
2004-11-06,34
2004-11-07,40
2004-11-08,30
2004-11-09,0
2004-11-10,43
2004-11-11,21
2004-11-12,25
2004-11-13,27
2004-11-14,13
2004-11-15,31
2004-11-16,49
2004-11-17,46
2004-11-18,31
2004-11-19,100
2004-11-20,21
2004-11-21,19
2004-11-22,31
2004-11-23,31
2004-11-24,18
2004-11-25,23
2004-11-26,20
2004-11-27,28
2004-11-28,19
2004-11-29,45
2004-11-30,22
2004-12-01,34
2004-12-02,30
2004-12-03,59
2004-12-04,31
2004-12-05,18
2004-12-06,29
2004-12-07,35
2004-12-08,37
2004-12-09,15
2004-12-10,31
2004-12-11,31
2004-12-12,13
2004-12-13,26
2004-12-14,36
2004-12-15,46
2004-12-16,51
2004-12-17,25
2004-12-18,20
2004-12-19,28
2004-12-20,29
2004-12-21,17
2004-12-22,27
2004-12-23,36
2004-12-24,66
2004-12-25,10
2004-12-26,25
2004-12-27,15
2004-12-28,50
2004-12-29,18
2004-12-30,28
2004-12-31,25
2005-01-01,33
2005-01-02,32
2005-01-03,49
2005-01-04,47
2005-01-05,18
2005-01-06,41
2005-01-07,23
2005-01-08,47
2005-01-09,41
2005-01-10,62
2005-01-11,71
2005-01-12,46
2005-01-13,73
2005-01-14,49
2005-01-15,69
2005-01-16,18
2005-01-17,78
2005-01-18,66
2005-01-19,42
2005-01-20,68
2005-01-21,80
2005-01-22,49
2005-01-23,40
2005-01-24,56
2005-01-25,39
2005-01-26,40
2005-01-27,61
2005-01-28,42
2005-01-29,57
2005-01-30,56
2005-01-31,50
2005-02-01,78
2005-02-02,70
2005-02-03,51
2005-02-04,42
2005-02-05,42
2005-02-06,8
2005-02-07,97
2005-02-08,62
2005-02-09,63
2005-02-10,79
2005-02-11,62
2005-02-12,50
2005-02-13,24
2005-02-14,53
2005-02-15,69
2005-02-16,74
2005-02-17,59
2005-02-18,52
2005-02-19,49
2005-02-20,67
2005-02-21,38
2005-02-22,72
2005-02-23,67
2005-02-24,72
2005-02-25,57
2005-02-26,65
2005-02-27,36
2005-02-28,48
2005-03-01,76
2005-03-02,49
2005-03-03,61
2005-03-04,63
2005-03-05,24
2005-03-06,57
2005-03-07,29
2005-03-08,28
2005-03-09,68
2005-03-10,35
2005-03-11,36
2005-03-12,48
2005-03-13,48
2005-03-14,67
2005-03-15,57
2005-03-16,39
2005-03-17,19
2005-03-18,58
2005-03-19,40
2005-03-20,17
2005-03-21,59
2005-03-22,53
2005-03-23,88
2005-03-24,68
2005-03-25,85
2005-03-26,52
2005-03-27,17
2005-03-28,61
2005-03-29,78
2005-03-30,55
2005-03-31,82
2005-04-01,37
2005-04-02,65
2005-04-03,40
2005-04-04,20
2005-04-05,0
2005-04-06,39
2005-04-07,53
2005-04-08,53
2005-04-09,43
2005-04-10,34
2005-04-11,48
2005-04-12,41
2005-04-13,38
2005-04-14,88
2005-04-15,72
2005-04-16,60
2005-04-17,34
2005-04-18,76
2005-04-19,28
2005-04-20,53
2005-04-21,30
2005-04-22,88
2005-04-23,40
2005-04-24,62
2005-04-25,56
2005-04-26,41
2005-04-27,46
2005-04-28,56
2005-04-29,40
2005-04-30,38
2005-05-01,46
2005-05-02,54
2005-05-03,62
2005-05-04,31
2005-05-05,69
2005-05-06,60
2005-05-07,34
2005-05-08,42
2005-05-09,100
2005-05-10,9
2005-05-11,55
2005-05-12,47
2005-05-13,50
2005-05-14,25
2005-05-15,48
2005-05-16,60
2005-05-17,36
2005-05-18,64
2005-05-19,57
2005-05-20,51
2005-05-21,33
2005-05-22,8
2005-05-23,50
2005-05-24,45
2005-05-25,65
2005-05-26,34
2005-05-27,59
2005-05-28,35
2005-05-29,28
2005-05-30,68
2005-05-31,37
2005-06-01,51
2005-06-02,62
2005-06-03,51
2005-06-04,64
2005-06-05,33
2005-06-06,52
2005-06-07,80
2005-06-08,94
2005-06-09,39
2005-06-10,72
2005-06-11,48
2005-06-12,16
2005-06-13,33
2005-06-14,18
2005-06-15,88
2005-06-16,58
2005-06-17,57
2005-06-18,41
2005-06-19,34
2005-06-20,66
2005-06-21,42
2005-06-22,99
2005-06-23,58
2005-06-24,73
2005-06-25,25
2005-06-26,25
2005-06-27,80
2005-06-28,46
2005-06-29,47
2005-06-30,44
2005-07-01,65
2005-07-02,59
2005-07-03,37
2005-07-04,32
2005-07-05,45
2005-07-06,64
2005-07-07,70
2005-07-08,44
2005-07-09,68
2005-07-10,23
2005-07-11,50
2005-07-12,48
2005-07-13,64
2005-07-14,74
2005-07-15,54
2005-07-16,61
2005-07-17,62
2005-07-18,86
2005-07-19,63
2005-07-20,54
2005-07-21,61
2005-07-22,30
2005-07-23,46
2005-07-24,94
2005-07-25,85
2005-07-26,48
2005-07-27,27
2005-07-28,52
2005-07-29,54
2005-07-30,61
2005-07-31,54
2005-08-01,50
2005-08-02,75
2005-08-03,45
2005-08-04,41
2005-08-05,64
2005-08-06,75
2005-08-07,46
2005-08-08,58
2005-08-09,65
2005-08-10,22
2005-08-11,45
2005-08-12,72
2005-08-13,73
2005-08-14,15
2005-08-15,53
2005-08-16,39
2005-08-17,81
2005-08-18,64
2005-08-19,67
2005-08-20,28
2005-08-21,22
2005-08-22,57
2005-08-23,42
2005-08-24,71
2005-08-25,41
2005-08-26,64
2005-08-27,42
2005-08-28,75
2005-08-29,46
2005-08-30,90
2005-08-31,50
2005-09-01,66
2005-09-02,62
2005-09-03,57
2005-09-04,45
2005-09-05,50
2005-09-06,76
2005-09-07,65
2005-09-08,63
2005-09-09,52
2005-09-10,13
2005-09-11,72
2005-09-12,64
2005-09-13,40
2005-09-14,24
2005-09-15,48
2005-09-16,52
2005-09-17,60
2005-09-18,32
2005-09-19,44
2005-09-20,46
2005-09-21,63
2005-09-22,49
2005-09-23,44
2005-09-24,33
2005-09-25,45
2005-09-26,47
2005-09-27,69
2005-09-28,47
2005-09-29,44
2005-09-30,47
2005-10-01,27
2005-10-02,45
2005-10-03,47
2005-10-04,41
2005-10-05,54
2005-10-06,50
2005-10-07,55
2005-10-08,25
2005-10-09,13
2005-10-10,40
2005-10-11,56
2005-10-12,54
2005-10-13,67
2005-10-14,100
2005-10-15,65
2005-10-16,44
2005-10-17,35
2005-10-18,42
2005-10-19,65
2005-10-20,66
2005-10-21,49
2005-10-22,56
2005-10-23,31
2005-10-24,45
2005-10-25,48
2005-10-26,77
2005-10-27,77
2005-10-28,41
2005-10-29,39
2005-10-30,19
2005-10-31,54
2005-11-01,73
2005-11-02,59
2005-11-03,57
2005-11-04,32
2005-11-05,30
2005-11-06,78
2005-11-07,25
2005-11-08,36
2005-11-09,86
2005-11-10,47
2005-11-11,17
2005-11-12,30
2005-11-13,36
2005-11-14,51
2005-11-15,45
2005-11-16,46
2005-11-17,36
2005-11-18,47
2005-11-19,36
2005-11-20,18
2005-11-21,44
2005-11-22,58
2005-11-23,46
2005-11-24,33
2005-11-25,35
2005-11-26,49
2005-11-27,46
2005-11-28,73
2005-11-29,43
2005-11-30,55
2005-12-01,21
2005-12-02,26
2005-12-03,45
2005-12-04,33
2005-12-05,48
2005-12-06,30
2005-12-07,34
2005-12-08,35
2005-12-09,33
2005-12-10,17
2005-12-11,45
2005-12-12,42
2005-12-13,62
2005-12-14,38
2005-12-15,47
2005-12-16,62
2005-12-17,29
2005-12-18,37
2005-12-19,56
2005-12-20,41
2005-12-21,51
2005-12-22,80
2005-12-23,91
2005-12-24,35
2005-12-25,17
2005-12-26,39
2005-12-27,77
2005-12-28,81
2005-12-29,55
2005-12-30,74
2005-12-31,42
2006-01-01,21
2006-01-02,72
2006-01-03,54
2006-01-04,63
2006-01-05,46
2006-01-06,47
2006-01-07,38
2006-01-08,38
2006-01-09,56
2006-01-10,36
2006-01-11,66
2006-01-12,79
2006-01-13,66
2006-01-14,63
2006-01-15,60
2006-01-16,71
2006-01-17,61
2006-01-18,58
2006-01-19,55
2006-01-20,68
2006-01-21,61
2006-01-22,22
2006-01-23,57
2006-01-24,46
2006-01-25,74
2006-01-26,76
2006-01-27,45
2006-01-28,33
2006-01-29,33
2006-01-30,77
2006-01-31,71
2006-02-01,53
2006-02-02,52
2006-02-03,75
2006-02-04,60
2006-02-05,44
2006-02-06,83
2006-02-07,44
2006-02-08,62
2006-02-09,70
2006-02-10,44
2006-02-11,32
2006-02-12,52
2006-02-13,69
2006-02-14,73
2006-02-15,43
2006-02-16,60
2006-02-17,70
2006-02-18,48
2006-02-19,39
2006-02-20,43
2006-02-21,52
2006-02-22,58
2006-02-23,35
2006-02-24,84
2006-02-25,79
2006-02-26,77
2006-02-27,54
2006-02-28,73
2006-03-01,41
2006-03-02,58
2006-03-03,73
2006-03-04,48
2006-03-05,49
2006-03-06,55
2006-03-07,64
2006-03-08,68
2006-03-09,59
2006-03-10,66
2006-03-11,22
2006-03-12,27
2006-03-13,59
2006-03-14,51
2006-03-15,73
2006-03-16,67
2006-03-17,63
2006-03-18,44
2006-03-19,58
2006-03-20,51
2006-03-21,60
2006-03-22,61
2006-03-23,61
2006-03-24,33
2006-03-25,48
2006-03-26,27
2006-03-27,54
2006-03-28,62
2006-03-29,57
2006-03-30,87
2006-03-31,74
2006-04-01,93
2006-04-02,38
2006-04-03,58
2006-04-04,43
2006-04-05,54
2006-04-06,51
2006-04-07,80
2006-04-08,37
2006-04-09,16
2006-04-10,75
2006-04-11,41
2006-04-12,75
2006-04-13,50
2006-04-14,73
2006-04-15,51
2006-04-16,30
2006-04-17,72
2006-04-18,40
2006-04-19,71
2006-04-20,61
2006-04-21,83
2006-04-22,27
2006-04-23,58
2006-04-24,45
2006-04-25,54
2006-04-26,69
2006-04-27,61
2006-04-28,76
2006-04-29,28
2006-04-30,48
2006-05-01,65
2006-05-02,48
2006-05-03,56
2006-05-04,100
2006-05-05,68
2006-05-06,84
2006-05-07,39
2006-05-08,69
2006-05-09,45
2006-05-10,46
2006-05-11,56
2006-05-12,22
2006-05-13,50
2006-05-14,28
2006-05-15,59
2006-05-16,65
2006-05-17,57
2006-05-18,61
2006-05-19,47
2006-05-20,57
2006-05-21,51
2006-05-22,56
2006-05-23,70
2006-05-24,71
2006-05-25,80
2006-05-26,27
2006-05-27,48
2006-05-28,45
2006-05-29,38
2006-05-30,83
2006-05-31,78
2006-06-01,66
2006-06-02,59
2006-06-03,49
2006-06-04,51
2006-06-05,72
2006-06-06,37
2006-06-07,72
2006-06-08,52
2006-06-09,37
2006-06-10,60
2006-06-11,47
2006-06-12,55
2006-06-13,52
2006-06-14,72
2006-06-15,55
2006-06-16,59
2006-06-17,37
2006-06-18,16
2006-06-19,50
2006-06-20,40
2006-06-21,60
2006-06-22,47
2006-06-23,63
2006-06-24,54
2006-06-25,30
2006-06-26,66
2006-06-27,51
2006-06-28,67
2006-06-29,51
2006-06-30,89
2006-07-01,73
2006-07-02,71
2006-07-03,50
2006-07-04,28
2006-07-05,73
2006-07-06,64
2006-07-07,79
2006-07-08,39
2006-07-09,69
2006-07-10,81
2006-07-11,76
2006-07-12,57
2006-07-13,67
2006-07-14,59
2006-07-15,28
2006-07-16,44
2006-07-17,65
2006-07-18,76
2006-07-19,42
2006-07-20,64
2006-07-21,45
2006-07-22,65
2006-07-23,43
2006-07-24,58
2006-07-25,71
2006-07-26,36
2006-07-27,54
2006-07-28,68
2006-07-29,38
2006-07-30,29
2006-07-31,69
2006-08-01,66
2006-08-02,64
2006-08-03,81
2006-08-04,57
2006-08-05,24
2006-08-06,53
2006-08-07,65
2006-08-08,55
2006-08-09,41
2006-08-10,59
2006-08-11,69
2006-08-12,52
2006-08-13,43
2006-08-14,85
2006-08-15,68
2006-08-16,64
2006-08-17,59
2006-08-18,100
2006-08-19,50
2006-08-20,37
2006-08-21,85
2006-08-22,57
2006-08-23,66
2006-08-24,47
2006-08-25,64
2006-08-26,52
2006-08-27,39
2006-08-28,58
2006-08-29,62
2006-08-30,51
2006-08-31,52
2006-09-01,78
2006-09-02,44
2006-09-03,28
2006-09-04,39
2006-09-05,63
2006-09-06,51
2006-09-07,75
2006-09-08,61
2006-09-09,59
2006-09-10,80
2006-09-11,92
2006-09-12,72
2006-09-13,67
2006-09-14,52
2006-09-15,78
2006-09-16,60
2006-09-17,58
2006-09-18,64
2006-09-19,55
2006-09-20,78
2006-09-21,47
2006-09-22,61
2006-09-23,91
2006-09-24,24
2006-09-25,56
2006-09-26,50
2006-09-27,48
2006-09-28,70
2006-09-29,61
2006-09-30,69
2006-10-01,54
2006-10-02,63
2006-10-03,71
2006-10-04,47
2006-10-05,69
2006-10-06,77
2006-10-07,51
2006-10-08,38
2006-10-09,60
2006-10-10,39
2006-10-11,61
2006-10-12,56
2006-10-13,84
2006-10-14,30
2006-10-15,33
2006-10-16,70
2006-10-17,72
2006-10-18,80
2006-10-19,55
2006-10-20,85
2006-10-21,42
2006-10-22,36
2006-10-23,67
2006-10-24,69
2006-10-25,74
2006-10-26,58
2006-10-27,63
2006-10-28,52
2006-10-29,53
2006-10-30,68
2006-10-31,82
2006-11-01,73
2006-11-02,85
2006-11-03,43
2006-11-04,39
2006-11-05,27
2006-11-06,80
2006-11-07,51
2006-11-08,55
2006-11-09,49
2006-11-10,78
2006-11-11,38
2006-11-12,61
2006-11-13,45
2006-11-14,67
2006-11-15,64
2006-11-16,47
2006-11-17,61
2006-11-18,55
2006-11-19,46
2006-11-20,55
2006-11-21,45
2006-11-22,73
2006-11-23,38
2006-11-24,46
2006-11-25,65
2006-11-26,8
2006-11-27,63
2006-11-28,63
2006-11-29,63
2006-11-30,52
2006-12-01,70
2006-12-02,43
2006-12-03,29
2006-12-04,48
2006-12-05,49
2006-12-06,43
2006-12-07,70
2006-12-08,61
2006-12-09,44
2006-12-10,37
2006-12-11,72
2006-12-12,63
2006-12-13,60
2006-12-14,54
2006-12-15,55
2006-12-16,57
2006-12-17,48
2006-12-18,52
2006-12-19,69
2006-12-20,45
2006-12-21,52
2006-12-22,71
2006-12-23,68
2006-12-24,47
2006-12-25,16
2006-12-26,59
2006-12-27,88
2006-12-28,55
2006-12-29,89
2006-12-30,66
2006-12-31,40
2007-01-01,42
2007-01-02,67
2007-01-03,51
2007-01-04,83
2007-01-05,65
2007-01-06,89
2007-01-07,50
2007-01-08,72
2007-01-09,63
2007-01-10,81
2007-01-11,49
2007-01-12,64
2007-01-13,48
2007-01-14,43
2007-01-15,42
2007-01-16,56
2007-01-17,50
2007-01-18,44
2007-01-19,79
2007-01-20,64
2007-01-21,38
2007-01-22,60
2007-01-23,55
2007-01-24,59
2007-01-25,59
2007-01-26,85
2007-01-27,67
2007-01-28,38
2007-01-29,59
2007-01-30,51
2007-01-31,48
2007-02-01,63
2007-02-02,89
2007-02-03,65
2007-02-04,37
2007-02-05,58
2007-02-06,64
2007-02-07,53
2007-02-08,56
2007-02-09,64
2007-02-10,60
2007-02-11,46
2007-02-12,73
2007-02-13,48
2007-02-14,40
2007-02-15,58
2007-02-16,63
2007-02-17,69
2007-02-18,39
2007-02-19,55
2007-02-20,58
2007-02-21,48
2007-02-22,53
2007-02-23,82
2007-02-24,48
2007-02-25,56
2007-02-26,62
2007-02-27,55
2007-02-28,56
2007-03-01,76
2007-03-02,87
2007-03-03,62
2007-03-04,57
2007-03-05,66
2007-03-06,65
2007-03-07,43
2007-03-08,59
2007-03-09,56
2007-03-10,40
2007-03-11,26
2007-03-12,55
2007-03-13,56
2007-03-14,74
2007-03-15,62
2007-03-16,59
2007-03-17,38
2007-03-18,32
2007-03-19,66
2007-03-20,66
2007-03-21,75
2007-03-22,68
2007-03-23,65
2007-03-24,64
2007-03-25,35
2007-03-26,58
2007-03-27,73
2007-03-28,96
2007-03-29,54
2007-03-30,49
2007-03-31,56
2007-04-01,38
2007-04-02,76
2007-04-03,72
2007-04-04,100
2007-04-05,58
2007-04-06,84
2007-04-07,81
2007-04-08,47
2007-04-09,77
2007-04-10,63
2007-04-11,67
2007-04-12,65
2007-04-13,76
2007-04-14,50
2007-04-15,43
2007-04-16,59
2007-04-17,59
2007-04-18,56
2007-04-19,32
2007-04-20,62
2007-04-21,45
2007-04-22,49
2007-04-23,75
2007-04-24,54
2007-04-25,55
2007-04-26,76
2007-04-27,62
2007-04-28,29
2007-04-29,64
2007-04-30,63
2007-05-01,83
2007-05-02,84
2007-05-03,64
2007-05-04,52
2007-05-05,41
2007-05-06,33
2007-05-07,39
2007-05-08,75
2007-05-09,54
2007-05-10,70
2007-05-11,88
2007-05-12,62
2007-05-13,58
2007-05-14,78
2007-05-15,77
2007-05-16,60
2007-05-17,77
2007-05-18,65
2007-05-19,70
2007-05-20,58
2007-05-21,56
2007-05-22,59
2007-05-23,53
2007-05-24,53
2007-05-25,72
2007-05-26,52
2007-05-27,34
2007-05-28,60
2007-05-29,64
2007-05-30,73
2007-05-31,56
2007-06-01,76
2007-06-02,49
2007-06-03,59
2007-06-04,48
2007-06-05,47
2007-06-06,70
2007-06-07,68
2007-06-08,61
2007-06-09,72
2007-06-10,39
2007-06-11,74
2007-06-12,53
2007-06-13,63
2007-06-14,58
2007-06-15,74
2007-06-16,34
2007-06-17,38
2007-06-18,68
2007-06-19,42
2007-06-20,64
2007-06-21,49
2007-06-22,72
2007-06-23,72
2007-06-24,53
2007-06-25,69
2007-06-26,55
2007-06-27,66
2007-06-28,56
2007-06-29,67
2007-06-30,60
2007-07-01,50
2007-07-02,88
2007-07-03,76
2007-07-04,77
2007-07-05,66
2007-07-06,69
2007-07-07,60
2007-07-08,58
2007-07-09,62
2007-07-10,82
2007-07-11,75
2007-07-12,47
2007-07-13,74
2007-07-14,47
2007-07-15,45
2007-07-16,64
2007-07-17,53
2007-07-18,57
2007-07-19,60
2007-07-20,83
2007-07-21,75
2007-07-22,44
2007-07-23,58
2007-07-24,99
2007-07-25,71
2007-07-26,67
2007-07-27,71
2007-07-28,57
2007-07-29,37
2007-07-30,76
2007-07-31,78
2007-08-01,64
2007-08-02,69
2007-08-03,89
2007-08-04,52
2007-08-05,63
2007-08-06,53
2007-08-07,56
2007-08-08,63
2007-08-09,66
2007-08-10,75
2007-08-11,65
2007-08-12,50
2007-08-13,46
2007-08-14,74
2007-08-15,56
2007-08-16,70
2007-08-17,61
2007-08-18,56
2007-08-19,65
2007-08-20,56
2007-08-21,72
2007-08-22,60
2007-08-23,64
2007-08-24,97
2007-08-25,54
2007-08-26,49
2007-08-27,56
2007-08-28,50
2007-08-29,56
2007-08-30,74
2007-08-31,87
2007-09-01,66
2007-09-02,38
2007-09-03,52
2007-09-04,68
2007-09-05,75
2007-09-06,62
2007-09-07,71
2007-09-08,60
2007-09-09,61
2007-09-10,67
2007-09-11,67
2007-09-12,71
2007-09-13,63
2007-09-14,95
2007-09-15,57
2007-09-16,21
2007-09-17,79
2007-09-18,50
2007-09-19,62
2007-09-20,68
2007-09-21,78
2007-09-22,56
2007-09-23,32
2007-09-24,68
2007-09-25,90
2007-09-26,60
2007-09-27,56
2007-09-28,82
2007-09-29,50
2007-09-30,39
2007-10-01,56
2007-10-02,64
2007-10-03,64
2007-10-04,65
2007-10-05,82
2007-10-06,33
2007-10-07,47
2007-10-08,73
2007-10-09,74
2007-10-10,77
2007-10-11,61
2007-10-12,76
2007-10-13,46
2007-10-14,45
2007-10-15,67
2007-10-16,65
2007-10-17,79
2007-10-18,56
2007-10-19,61
2007-10-20,35
2007-10-21,39
2007-10-22,60
2007-10-23,64
2007-10-24,86
2007-10-25,63
2007-10-26,99
2007-10-27,60
2007-10-28,59
2007-10-29,50
2007-10-30,97
2007-10-31,63
2007-11-01,91
2007-11-02,79
2007-11-03,47
2007-11-04,50
2007-11-05,63
2007-11-06,55
2007-11-07,54
2007-11-08,57
2007-11-09,69
2007-11-10,53
2007-11-11,44
2007-11-12,67
2007-11-13,65
2007-11-14,70
2007-11-15,74
2007-11-16,53
2007-11-17,62
2007-11-18,58
2007-11-19,58
2007-11-20,60
2007-11-21,86
2007-11-22,59
2007-11-23,69
2007-11-24,40
2007-11-25,40
2007-11-26,62
2007-11-27,74
2007-11-28,75
2007-11-29,78
2007-11-30,100
2007-12-01,81
2007-12-02,61
2007-12-03,47
2007-12-04,62
2007-12-05,63
2007-12-06,77
2007-12-07,58
2007-12-08,70
2007-12-09,37
2007-12-10,74
2007-12-11,56
2007-12-12,62
2007-12-13,62
2007-12-14,91
2007-12-15,54
2007-12-16,48
2007-12-17,84
2007-12-18,78
2007-12-19,65
2007-12-20,61
2007-12-21,89
2007-12-22,49
2007-12-23,47
2007-12-24,77
2007-12-25,20
2007-12-26,78
2007-12-27,56
2007-12-28,82
2007-12-29,74
2007-12-30,37
2007-12-31,81
2008-01-01,62
2008-01-02,93
2008-01-03,81
2008-01-04,78
2008-01-05,63
2008-01-06,56
2008-01-07,71
2008-01-08,54
2008-01-09,53
2008-01-10,74
2008-01-11,65
2008-01-12,62
2008-01-13,44
2008-01-14,83
2008-01-15,80
2008-01-16,72
2008-01-17,60
2008-01-18,80
2008-01-19,76
2008-01-20,38
2008-01-21,70
2008-01-22,63
2008-01-23,70
2008-01-24,58
2008-01-25,84
2008-01-26,61
2008-01-27,51
2008-01-28,64
2008-01-29,82
2008-01-30,69
2008-01-31,67
2008-02-01,82
2008-02-02,70
2008-02-03,36
2008-02-04,79
2008-02-05,61
2008-02-06,63
2008-02-07,61
2008-02-08,62
2008-02-09,63
2008-02-10,54
2008-02-11,70
2008-02-12,78
2008-02-13,66
2008-02-14,67
2008-02-15,94
2008-02-16,69
2008-02-17,63
2008-02-18,64
2008-02-19,72
2008-02-20,64
2008-02-21,67
2008-02-22,64
2008-02-23,74
2008-02-24,36
2008-02-25,95
2008-02-26,61
2008-02-27,71
2008-02-28,77
2008-02-29,94
2008-03-01,77
2008-03-02,77
2008-03-03,86
2008-03-04,70
2008-03-05,66
2008-03-06,57
2008-03-07,65
2008-03-08,76
2008-03-09,35
2008-03-10,75
2008-03-11,64
2008-03-12,60
2008-03-13,79
2008-03-14,90
2008-03-15,55
2008-03-16,56
2008-03-17,90
2008-03-18,84
2008-03-19,75
2008-03-20,73
2008-03-21,84
2008-03-22,36
2008-03-23,43
2008-03-24,77
2008-03-25,60
2008-03-26,63
2008-03-27,70
2008-03-28,76
2008-03-29,62
2008-03-30,50
2008-03-31,59
2008-04-01,81
2008-04-02,81
2008-04-03,85
2008-04-04,81
2008-04-05,66
2008-04-06,64
2008-04-07,84
2008-04-08,78
2008-04-09,84
2008-04-10,71
2008-04-11,68
2008-04-12,60
2008-04-13,68
2008-04-14,72
2008-04-15,59
2008-04-16,75
2008-04-17,75
2008-04-18,63
2008-04-19,58
2008-04-20,55
2008-04-21,66
2008-04-22,65
2008-04-23,51
2008-04-24,81
2008-04-25,73
2008-04-26,53
2008-04-27,55
2008-04-28,76
2008-04-29,100
2008-04-30,70
2008-05-01,77
2008-05-02,77
2008-05-03,71
2008-05-04,70
2008-05-05,83
2008-05-06,67
2008-05-07,74
2008-05-08,80
2008-05-09,92
2008-05-10,72
2008-05-11,70
2008-05-12,66
2008-05-13,69
2008-05-14,86
2008-05-15,59
2008-05-16,76
2008-05-17,90
2008-05-18,50
2008-05-19,62
2008-05-20,72
2008-05-21,65
2008-05-22,87
2008-05-23,65
2008-05-24,74
2008-05-25,53
2008-05-26,61
2008-05-27,69
2008-05-28,72
2008-05-29,78
2008-05-30,99
2008-05-31,61
2008-06-01,66
2008-06-02,80
2008-06-03,78
2008-06-04,79
2008-06-05,78
2008-06-06,93
2008-06-07,83
2008-06-08,65
2008-06-09,84
2008-06-10,34
2008-06-11,33
2008-06-12,35
2008-06-13,34
2008-06-14,26
2008-06-15,24
2008-06-16,29
2008-06-17,37
2008-06-18,32
2008-06-19,31
2008-06-20,40
2008-06-21,27
2008-06-22,21
2008-06-23,42
2008-06-24,33
2008-06-25,38
2008-06-26,34
2008-06-27,35
2008-06-28,39
2008-06-29,19
2008-06-30,33
2008-07-01,42
2008-07-02,35
2008-07-03,39
2008-07-04,32
2008-07-05,30
2008-07-06,27
2008-07-07,38
2008-07-08,42
2008-07-09,36
2008-07-10,36
2008-07-11,45
2008-07-12,42
2008-07-13,25
2008-07-14,41
2008-07-15,40
2008-07-16,40
2008-07-17,41
2008-07-18,42
2008-07-19,31
2008-07-20,24
2008-07-21,39
2008-07-22,36
2008-07-23,44
2008-07-24,45
2008-07-25,48
2008-07-26,38
2008-07-27,33
2008-07-28,40
2008-07-29,34
2008-07-30,35
2008-07-31,44
2008-08-01,52
2008-08-02,33
2008-08-03,28
2008-08-04,47
2008-08-05,40
2008-08-06,34
2008-08-07,40
2008-08-08,46
2008-08-09,32
2008-08-10,26
2008-08-11,44
2008-08-12,34
2008-08-13,33
2008-08-14,43
2008-08-15,39
2008-08-16,36
2008-08-17,29
2008-08-18,44
2008-08-19,34
2008-08-20,37
2008-08-21,44
2008-08-22,39
2008-08-23,30
2008-08-24,27
2008-08-25,40
2008-08-26,40
2008-08-27,53
2008-08-28,48
2008-08-29,58
2008-08-30,47
2008-08-31,33
2008-09-01,38
2008-09-02,52
2008-09-03,57
2008-09-04,67
2008-09-05,57
2008-09-06,41
2008-09-07,42
2008-09-08,51
2008-09-09,57
2008-09-10,50
2008-09-11,54
2008-09-12,62
2008-09-13,51
2008-09-14,34
2008-09-15,67
2008-09-16,66
2008-09-17,61
2008-09-18,64
2008-09-19,49
2008-09-20,33
2008-09-21,32
2008-09-22,61
2008-09-23,59
2008-09-24,49
2008-09-25,54
2008-09-26,79
2008-09-27,47
2008-09-28,38
2008-09-29,62
2008-09-30,64
2008-10-01,63
2008-10-02,60
2008-10-03,64
2008-10-04,47
2008-10-05,34
2008-10-06,50
2008-10-07,44
2008-10-08,55
2008-10-09,52
2008-10-10,55
2008-10-11,50
2008-10-12,33
2008-10-13,51
2008-10-14,61
2008-10-15,59
2008-10-16,54
2008-10-17,46
2008-10-18,49
2008-10-19,33
2008-10-20,53
2008-10-21,49
2008-10-22,55
2008-10-23,53
2008-10-24,64
2008-10-25,39
2008-10-26,36
2008-10-27,67
2008-10-28,55
2008-10-29,51
2008-10-30,59
2008-10-31,69
2008-11-01,61
2008-11-02,44
2008-11-03,67
2008-11-04,53
2008-11-05,57
2008-11-06,56
2008-11-07,65
2008-11-08,57
2008-11-09,47
2008-11-10,67
2008-11-11,62
2008-11-12,59
2008-11-13,60
2008-11-14,64
2008-11-15,63
2008-11-16,49
2008-11-17,57
2008-11-18,57
2008-11-19,67
2008-11-20,74
2008-11-21,67
2008-11-22,60
2008-11-23,38
2008-11-24,67
2008-11-25,71
2008-11-26,83
2008-11-27,50
2008-11-28,74
2008-11-29,64
2008-11-30,60
2008-12-01,85
2008-12-02,78
2008-12-03,83
2008-12-04,59
2008-12-05,77
2008-12-06,64
2008-12-07,47
2008-12-08,65
2008-12-09,68
2008-12-10,71
2008-12-11,74
2008-12-12,81
2008-12-13,71
2008-12-14,45
2008-12-15,68
2008-12-16,79
2008-12-17,54
2008-12-18,71
2008-12-19,90
2008-12-20,61
2008-12-21,52
2008-12-22,70
2008-12-23,70
2008-12-24,72
2008-12-25,44
2008-12-26,90
2008-12-27,64
2008-12-28,47
2008-12-29,73
2008-12-30,81
2008-12-31,88
2009-01-01,67
2009-01-02,100
2009-01-03,72
2009-01-04,51
2009-01-05,73
2009-01-06,80
2009-01-07,73
2009-01-08,67
2009-01-09,75
2009-01-10,74
2009-01-11,50
2009-01-12,76
2009-01-13,79
2009-01-14,82
2009-01-15,84
2009-01-16,93
2009-01-17,82
2009-01-18,53
2009-01-19,73
2009-01-20,79
2009-01-21,84
2009-01-22,88
2009-01-23,91
2009-01-24,65
2009-01-25,69
2009-01-26,69
2009-01-27,69
2009-01-28,67
2009-01-29,73
2009-01-30,94
2009-01-31,76
2009-02-01,61
2009-02-02,81
2009-02-03,94
2009-02-04,83
2009-02-05,82
2009-02-06,84
2009-02-07,77
2009-02-08,50
2009-02-09,75
2009-02-10,78
2009-02-11,77
2009-02-12,76
2009-02-13,93
2009-02-14,73
2009-02-15,59
2009-02-16,87
2009-02-17,91
2009-02-18,82
2009-02-19,76
2009-02-20,99
2009-02-21,78
2009-02-22,52
2009-02-23,93
2009-02-24,80
2009-02-25,78
2009-02-26,76
2009-02-27,93
2009-02-28,77
2009-03-01,55
2009-03-02,83
2009-03-03,91
2009-03-04,84
2009-03-05,86
2009-03-06,87
2009-03-07,71
2009-03-08,59
2009-03-09,86
2009-03-10,88
2009-03-11,84
2009-03-12,96
2009-03-13,91
2009-03-14,68
2009-03-15,56
2009-03-16,92
2009-03-17,70
2009-03-18,78
2009-03-19,78
2009-03-20,91
2009-03-21,83
2009-03-22,44
2009-03-23,79
2009-03-24,95
2009-03-25,83
2009-03-26,74
2009-03-27,75
2009-03-28,71
2009-03-29,51
2009-03-30,93
2009-03-31,93
2009-04-01,84
2009-04-02,87
2009-04-03,92
2009-04-04,76
2009-04-05,53
2009-04-06,82
2009-04-07,81
2009-04-08,86
2009-04-09,88
2009-04-10,95
2009-04-11,74
2009-04-12,60
2009-04-13,85
2009-04-14,80
2009-04-15,90
2009-04-16,74
2009-04-17,94
2009-04-18,70
2009-04-19,54
2009-04-20,90
2009-04-21,83
2009-04-22,81
2009-04-23,74
2009-04-24,80
2009-04-25,69
2009-04-26,65
2009-04-27,72
2009-04-28,88
2009-04-29,86
2009-04-30,82
2009-05-01,96
2009-05-02,85
2009-05-03,61
2009-05-04,86
2009-05-05,87
2009-05-06,76
2009-05-07,83
2009-05-08,100
2009-05-09,78
2009-05-10,62
2009-05-11,83
2009-05-12,78
2009-05-13,87
2009-05-14,76
2009-05-15,91
2009-05-16,87
2009-05-17,60
2009-05-18,85
2009-05-19,92
2009-05-20,98
2009-05-21,78
2009-05-22,94
2009-05-23,67
2009-05-24,49
2009-05-25,59
2009-05-26,83
2009-05-27,93
2009-05-28,77
2009-05-29,98
2009-05-30,74
2009-05-31,67
2009-06-01,100
2009-06-02,92
2009-06-03,86
2009-06-04,79
2009-06-05,94
2009-06-06,82
2009-06-07,51
2009-06-08,90
2009-06-09,79
2009-06-10,42
2009-06-11,46
2009-06-12,57
2009-06-13,47
2009-06-14,33
2009-06-15,55
2009-06-16,59
2009-06-17,54
2009-06-18,48
2009-06-19,55
2009-06-20,43
2009-06-21,29
2009-06-22,57
2009-06-23,55
2009-06-24,53
2009-06-25,48
2009-06-26,51
2009-06-27,50
2009-06-28,44
2009-06-29,57
2009-06-30,63
2009-07-01,52
2009-07-02,71
2009-07-03,68
2009-07-04,45
2009-07-05,44
2009-07-06,65
2009-07-07,52
2009-07-08,49
2009-07-09,54
2009-07-10,61
2009-07-11,46
2009-07-12,33
2009-07-13,49
2009-07-14,55
2009-07-15,54
2009-07-16,54
2009-07-17,57
2009-07-18,48
2009-07-19,43
2009-07-20,61
2009-07-21,59
2009-07-22,52
2009-07-23,49
2009-07-24,60
2009-07-25,51
2009-07-26,39
2009-07-27,57
2009-07-28,53
2009-07-29,53
2009-07-30,55
2009-07-31,64
2009-08-01,57
2009-08-02,48
2009-08-03,60
2009-08-04,60
2009-08-05,57
2009-08-06,66
2009-08-07,66
2009-08-08,49
2009-08-09,46
2009-08-10,59
2009-08-11,61
2009-08-12,59
2009-08-13,53
2009-08-14,67
2009-08-15,47
2009-08-16,44
2009-08-17,59
2009-08-18,57
2009-08-19,49
2009-08-20,60
2009-08-21,60
2009-08-22,54
2009-08-23,39
2009-08-24,52
2009-08-25,56
2009-08-26,51
2009-08-27,60
2009-08-28,64
2009-08-29,49
2009-08-30,43
2009-08-31,65
2009-09-01,61
2009-09-02,61
2009-09-03,58
2009-09-04,61
2009-09-05,52
2009-09-06,41
2009-09-07,39
2009-09-08,62
2009-09-09,65
2009-09-10,60
2009-09-11,63
2009-09-12,53
2009-09-13,47
2009-09-14,62
2009-09-15,62
2009-09-16,67
2009-09-17,54
2009-09-18,63
2009-09-19,46
2009-09-20,38
2009-09-21,55
2009-09-22,52
2009-09-23,54
2009-09-24,53
2009-09-25,59
2009-09-26,44
2009-09-27,40
2009-09-28,57
2009-09-29,61
2009-09-30,59
2009-10-01,66
2009-10-02,78
2009-10-03,54
2009-10-04,39
2009-10-05,66
2009-10-06,61
2009-10-07,58
2009-10-08,63
2009-10-09,70
2009-10-10,59
2009-10-11,44
2009-10-12,57
2009-10-13,60
2009-10-14,57
2009-10-15,69
2009-10-16,68
2009-10-17,59
2009-10-18,47
2009-10-19,62
2009-10-20,54
2009-10-21,60
2009-10-22,55
2009-10-23,63
2009-10-24,52
2009-10-25,44
2009-10-26,62
2009-10-27,60
2009-10-28,56
2009-10-29,57
2009-10-30,67
2009-10-31,49
2009-11-01,42
2009-11-02,66
2009-11-03,61
2009-11-04,64
2009-11-05,61
2009-11-06,70
2009-11-07,49
2009-11-08,46
2009-11-09,66
2009-11-10,59
2009-11-11,55
2009-11-12,60
2009-11-13,66
2009-11-14,52
2009-11-15,42
2009-11-16,60
2009-11-17,57
2009-11-18,50
2009-11-19,62
2009-11-20,65
2009-11-21,44
2009-11-22,44
2009-11-23,62
2009-11-24,51
2009-11-25,70
2009-11-26,41
2009-11-27,70
2009-11-28,56
2009-11-29,54
2009-11-30,69
2009-12-01,66
2009-12-02,61
2009-12-03,58
2009-12-04,62
2009-12-05,50
2009-12-06,39
2009-12-07,55
2009-12-08,55
2009-12-09,61
2009-12-10,61
2009-12-11,68
2009-12-12,51
2009-12-13,42
2009-12-14,62
2009-12-15,61
2009-12-16,60
2009-12-17,62
2009-12-18,67
2009-12-19,54
2009-12-20,38
2009-12-21,64
2009-12-22,67
2009-12-23,79
2009-12-24,72
2009-12-25,38
2009-12-26,57
2009-12-27,46
2009-12-28,70
2009-12-29,72
2009-12-30,73
2009-12-31,100
2010-01-01,52
2010-01-02,59
2010-01-03,52
2010-01-04,72
2010-01-05,67
2010-01-06,66
2010-01-07,65
2010-01-08,72
2010-01-09,61
2010-01-10,35
2010-01-11,51
2010-01-12,55
2010-01-13,47
2010-01-14,49
2010-01-15,60
2010-01-16,48
2010-01-17,40
2010-01-18,48
2010-01-19,48
2010-01-20,53
2010-01-21,51
2010-01-22,59
2010-01-23,41
2010-01-24,35
2010-01-25,51
2010-01-26,48
2010-01-27,47
2010-01-28,52
2010-01-29,100
2010-01-30,46
2010-01-31,38
2010-02-01,55
2010-02-02,55
2010-02-03,51
2010-02-04,51
2010-02-05,60
2010-02-06,42
2010-02-07,31
2010-02-08,51
2010-02-09,47
2010-02-10,53
2010-02-11,58
2010-02-12,60
2010-02-13,51
2010-02-14,36
2010-02-15,50
2010-02-16,53
2010-02-17,58
2010-02-18,54
2010-02-19,63
2010-02-20,52
2010-02-21,35
2010-02-22,55
2010-02-23,53
2010-02-24,54
2010-02-25,49
2010-02-26,61
2010-02-27,55
2010-02-28,45
2010-03-01,60
2010-03-02,53
2010-03-03,52
2010-03-04,59
2010-03-05,61
2010-03-06,51
2010-03-07,40
2010-03-08,50
2010-03-09,54
2010-03-10,57
2010-03-11,48
2010-03-12,61
2010-03-13,49
2010-03-14,37
2010-03-15,54
2010-03-16,54
2010-03-17,56
2010-03-18,55
2010-03-19,66
2010-03-20,43
2010-03-21,36
2010-03-22,59
2010-03-23,51
2010-03-24,56
2010-03-25,53
2010-03-26,61
2010-03-27,52
2010-03-28,38
2010-03-29,50
2010-03-30,51
2010-03-31,67
2010-04-01,68
2010-04-02,65
2010-04-03,41
2010-04-04,39
2010-04-05,60
2010-04-06,52
2010-04-07,51
2010-04-08,59
2010-04-09,69
2010-04-10,52
2010-04-11,37
2010-04-12,60
2010-04-13,61
2010-04-14,57
2010-04-15,64
2010-04-16,61
2010-04-17,49
2010-04-18,37
2010-04-19,52
2010-04-20,54
2010-04-21,58
2010-04-22,55
2010-04-23,65
2010-04-24,50
2010-04-25,34
2010-04-26,46
2010-04-27,52
2010-04-28,51
2010-04-29,53
2010-04-30,71
2010-05-01,52
2010-05-02,45
2010-05-03,64
2010-05-04,58
2010-05-05,55
2010-05-06,53
2010-05-07,67
2010-05-08,53
2010-05-09,36
2010-05-10,62
2010-05-11,46
2010-05-12,57
2010-05-13,50
2010-05-14,59
2010-05-15,47
2010-05-16,41
2010-05-17,56
2010-05-18,46
2010-05-19,53
2010-05-20,45
2010-05-21,58
2010-05-22,51
2010-05-23,34
2010-05-24,43
2010-05-25,46
2010-05-26,48
2010-05-27,47
2010-05-28,63
2010-05-29,49
2010-05-30,28
2010-05-31,43
2010-06-01,56
2010-06-02,51
2010-06-03,50
2010-06-04,55
2010-06-05,44
2010-06-06,29
2010-06-07,57
2010-06-08,42
2010-06-09,43
2010-06-10,76
2010-06-11,81
2010-06-12,65
2010-06-13,56
2010-06-14,69
2010-06-15,80
2010-06-16,74
2010-06-17,74
2010-06-18,79
2010-06-19,66
2010-06-20,59
2010-06-21,70
2010-06-22,86
2010-06-23,69
2010-06-24,83
2010-06-25,84
2010-06-26,72
2010-06-27,54
2010-06-28,83
2010-06-29,78
2010-06-30,100
2010-07-01,99
2010-07-02,86
2010-07-03,70
2010-07-04,56
2010-07-05,80
2010-07-06,83
2010-07-07,86
2010-07-08,80
2010-07-09,81
2010-07-10,67
2010-07-11,56
2010-07-12,75
2010-07-13,85
2010-07-14,71
2010-07-15,50
2010-07-16,58
2010-07-17,37
2010-07-18,26
2010-07-19,41
2010-07-20,43
2010-07-21,43
2010-07-22,43
2010-07-23,49
2010-07-24,36
2010-07-25,28
2010-07-26,45
2010-07-27,46
2010-07-28,43
2010-07-29,51
2010-07-30,55
2010-07-31,32
2010-08-01,28
2010-08-02,43
2010-08-03,42
2010-08-04,45
2010-08-05,43
2010-08-06,55
2010-08-07,34
2010-08-08,30
2010-08-09,42
2010-08-10,43
2010-08-11,40
2010-08-12,48
2010-08-13,47
2010-08-14,33
2010-08-15,34
2010-08-16,42
2010-08-17,36
2010-08-18,39
2010-08-19,47
2010-08-20,50
2010-08-21,38
2010-08-22,29
2010-08-23,42
2010-08-24,44
2010-08-25,38
2010-08-26,39
2010-08-27,48
2010-08-28,37
2010-08-29,37
2010-08-30,49
2010-08-31,47
2010-09-01,40
2010-09-02,49
2010-09-03,58
2010-09-04,43
2010-09-05,23
2010-09-06,33
2010-09-07,41
2010-09-08,46
2010-09-09,44
2010-09-10,47
2010-09-11,33
2010-09-12,29
2010-09-13,51
2010-09-14,43
2010-09-15,52
2010-09-16,40
2010-09-17,47
2010-09-18,37
2010-09-19,24
2010-09-20,37
2010-09-21,38
2010-09-22,39
2010-09-23,43
2010-09-24,50
2010-09-25,39
2010-09-26,27
2010-09-27,44
2010-09-28,42
2010-09-29,45
2010-09-30,43
2010-10-01,50
2010-10-02,44
2010-10-03,29
2010-10-04,55
2010-10-05,40
2010-10-06,42
2010-10-07,46
2010-10-08,45
2010-10-09,38
2010-10-10,22
2010-10-11,37
2010-10-12,44
2010-10-13,42
2010-10-14,48
2010-10-15,47
2010-10-16,28
2010-10-17,25
2010-10-18,45
2010-10-19,39
2010-10-20,38
2010-10-21,41
2010-10-22,53
2010-10-23,39
2010-10-24,29
2010-10-25,44
2010-10-26,42
2010-10-27,45
2010-10-28,43
2010-10-29,52
2010-10-30,41
2010-10-31,35
2010-11-01,47
2010-11-02,51
2010-11-03,47
2010-11-04,44
2010-11-05,50
2010-11-06,41
2010-11-07,29
2010-11-08,50
2010-11-09,47
2010-11-10,49
2010-11-11,42
2010-11-12,41
2010-11-13,42
2010-11-14,38
2010-11-15,45
2010-11-16,41
2010-11-17,46
2010-11-18,42
2010-11-19,51
2010-11-20,41
2010-11-21,32
2010-11-22,41
2010-11-23,44
2010-11-24,51
2010-11-25,40
2010-11-26,47
2010-11-27,49
2010-11-28,38
2010-11-29,56
2010-11-30,50
2010-12-01,47
2010-12-02,50
2010-12-03,51
2010-12-04,44
2010-12-05,34
2010-12-06,51
2010-12-07,47
2010-12-08,45
2010-12-09,52
2010-12-10,54
2010-12-11,43
2010-12-12,32
2010-12-13,49
2010-12-14,51
2010-12-15,48
2010-12-16,43
2010-12-17,52
2010-12-18,37
2010-12-19,31
2010-12-20,51
2010-12-21,51
2010-12-22,48
2010-12-23,55
2010-12-24,48
2010-12-25,26
2010-12-26,30
2010-12-27,45
2010-12-28,53
2010-12-29,49
2010-12-30,55
2010-12-31,61
2011-01-01,51
2011-01-02,39
2011-01-03,60
2011-01-04,49
2011-01-05,51
2011-01-06,48
2011-01-07,55
2011-01-08,53
2011-01-09,36
2011-01-10,75
2011-01-11,74
2011-01-12,73
2011-01-13,83
2011-01-14,100
2011-01-15,69
2011-01-16,58
2011-01-17,78
2011-01-18,81
2011-01-19,84
2011-01-20,86
2011-01-21,86
2011-01-22,76
2011-01-23,61
2011-01-24,74
2011-01-25,83
2011-01-26,75
2011-01-27,71
2011-01-28,88
2011-01-29,75
2011-01-30,60
2011-01-31,78
2011-02-01,80
2011-02-02,84
2011-02-03,86
2011-02-04,92
2011-02-05,74
2011-02-06,62
2011-02-07,79
2011-02-08,87
2011-02-09,74
2011-02-10,81
2011-02-11,90
2011-02-12,77
2011-02-13,66
2011-02-14,92
2011-02-15,85
2011-02-16,71
2011-02-17,61
2011-02-18,64
2011-02-19,53
2011-02-20,37
2011-02-21,43
2011-02-22,49
2011-02-23,57
2011-02-24,57
2011-02-25,60
2011-02-26,45
2011-02-27,41
2011-02-28,52
2011-03-01,99
2011-03-02,76
2011-03-03,74
2011-03-04,79
2011-03-05,57
2011-03-06,41
2011-03-07,55
2011-03-08,52
2011-03-09,43
2011-03-10,63
2011-03-11,53
2011-03-12,44
2011-03-13,42
2011-03-14,51
2011-03-15,62
2011-03-16,58
2011-03-17,49
2011-03-18,61
2011-03-19,44
2011-03-20,33
2011-03-21,51
2011-03-22,43
2011-03-23,48
2011-03-24,51
2011-03-25,50
2011-03-26,47
2011-03-27,36
2011-03-28,53
2011-03-29,54
2011-03-30,55
2011-03-31,62
2011-04-01,73
2011-04-02,59
2011-04-03,42
2011-04-04,58
2011-04-05,66
2011-04-06,56
2011-04-07,57
2011-04-08,60
2011-04-09,51
2011-04-10,40
2011-04-11,58
2011-04-12,59
2011-04-13,62
2011-04-14,55
2011-04-15,74
2011-04-16,56
2011-04-17,47
2011-04-18,61
2011-04-19,56
2011-04-20,58
2011-04-21,53
2011-04-22,65
2011-04-23,48
2011-04-24,33
2011-04-25,63
2011-04-26,58
2011-04-27,55
2011-04-28,55
2011-04-29,68
2011-04-30,57
2011-05-01,40
2011-05-02,63
2011-05-03,59
2011-05-04,54
2011-05-05,53
2011-05-06,63
2011-05-07,48
2011-05-08,41
2011-05-09,56
2011-05-10,62
2011-05-11,64
2011-05-12,60
2011-05-13,61
2011-05-14,52
2011-05-15,44
2011-05-16,56
2011-05-17,58
2011-05-18,60
2011-05-19,57
2011-05-20,62
2011-05-21,38
2011-05-22,43
2011-05-23,65
2011-05-24,76
2011-05-25,64
2011-05-26,65
2011-05-27,76
2011-05-28,61
2011-05-29,48
2011-05-30,61
2011-05-31,71
2011-06-01,79
2011-06-02,77
2011-06-03,91
2011-06-04,64
2011-06-05,56
2011-06-06,73
2011-06-07,74
2011-06-08,70
2011-06-09,67
2011-06-10,71
2011-06-11,55
2011-06-12,44
2011-06-13,65
2011-06-14,63
2011-06-15,67
2011-06-16,70
2011-06-17,70
2011-06-18,56
2011-06-19,45
2011-06-20,56
2011-06-21,63
2011-06-22,60
2011-06-23,64
2011-06-24,75
2011-06-25,46
2011-06-26,50
2011-06-27,71
2011-06-28,69
2011-06-29,62
2011-06-30,74
2011-07-01,86
2011-07-02,63
2011-07-03,41
2011-07-04,53
2011-07-05,77
2011-07-06,75
2011-07-07,77
2011-07-08,65
2011-07-09,61
2011-07-10,52
2011-07-11,63
2011-07-12,59
2011-07-13,71
2011-07-14,65
2011-07-15,81
2011-07-16,66
2011-07-17,55
2011-07-18,68
2011-07-19,64
2011-07-20,66
2011-07-21,66
2011-07-22,75
2011-07-23,52
2011-07-24,50
2011-07-25,69
2011-07-26,63
2011-07-27,62
2011-07-28,69
2011-07-29,80
2011-07-30,64
2011-07-31,56
2011-08-01,78
2011-08-02,70
2011-08-03,76
2011-08-04,62
2011-08-05,71
2011-08-06,55
2011-08-07,51
2011-08-08,63
2011-08-09,64
2011-08-10,75
2011-08-11,80
2011-08-12,74
2011-08-13,58
2011-08-14,52
2011-08-15,79
2011-08-16,68
2011-08-17,69
2011-08-18,73
2011-08-19,75
2011-08-20,63
2011-08-21,55
2011-08-22,65
2011-08-23,74
2011-08-24,73
2011-08-25,65
2011-08-26,74
2011-08-27,54
2011-08-28,49
2011-08-29,65
2011-08-30,66
2011-08-31,69
2011-09-01,81
2011-09-02,75
2011-09-03,61
2011-09-04,48
2011-09-05,55
2011-09-06,76
2011-09-07,69
2011-09-08,69
2011-09-09,84
2011-09-10,54
2011-09-11,52
2011-09-12,69
2011-09-13,68
2011-09-14,78
2011-09-15,72
2011-09-16,78
2011-09-17,54
2011-09-18,48
2011-09-19,70
2011-09-20,74
2011-09-21,72
2011-09-22,73
2011-09-23,68
2011-09-24,58
2011-09-25,51
2011-09-26,57
2011-09-27,67
2011-09-28,70
2011-09-29,71
2011-09-30,100
2011-10-01,75
2011-10-02,54
2011-10-03,83
2011-10-04,75
2011-10-05,66
2011-10-06,67
2011-10-07,83
2011-10-08,61
2011-10-09,49
2011-10-10,62
2011-10-11,67
2011-10-12,61
2011-10-13,66
2011-10-14,76
2011-10-15,52
2011-10-16,45
2011-10-17,57
2011-10-18,43
2011-10-19,42
2011-10-20,42
2011-10-21,54
2011-10-22,40
2011-10-23,30
2011-10-24,44
2011-10-25,41
2011-10-26,42
2011-10-27,41
2011-10-28,46
2011-10-29,35
2011-10-30,34
2011-10-31,49
2011-11-01,51
2011-11-02,39
2011-11-03,41
2011-11-04,54
2011-11-05,35
2011-11-06,29
2011-11-07,40
2011-11-08,41
2011-11-09,40
2011-11-10,45
2011-11-11,43
2011-11-12,33
2011-11-13,31
2011-11-14,46
2011-11-15,44
2011-11-16,44
2011-11-17,42
2011-11-18,47
2011-11-19,36
2011-11-20,27
2011-11-21,40
2011-11-22,41
2011-11-23,45
2011-11-24,29
2011-11-25,40
2011-11-26,32
2011-11-27,26
2011-11-28,41
2011-11-29,38
2011-11-30,39
2011-12-01,51
2011-12-02,51
2011-12-03,32
2011-12-04,24
2011-12-05,39
2011-12-06,43
2011-12-07,41
2011-12-08,40
2011-12-09,41
2011-12-10,37
2011-12-11,31
2011-12-12,35
2011-12-13,39
2011-12-14,39
2011-12-15,44
2011-12-16,44
2011-12-17,37
2011-12-18,26
2011-12-19,46
2011-12-20,39
2011-12-21,43
2011-12-22,43
2011-12-23,52
2011-12-24,34
2011-12-25,21
2011-12-26,35
2011-12-27,47
2011-12-28,49
2011-12-29,47
2011-12-30,53
2011-12-31,37
2012-01-01,27
2012-01-02,37
2012-01-03,51
2012-01-04,44
2012-01-05,47
2012-01-06,45
2012-01-07,38
2012-01-08,37
2012-01-09,40
2012-01-10,63
2012-01-11,66
2012-01-12,62
2012-01-13,80
2012-01-14,68
2012-01-15,54
2012-01-16,75
2012-01-17,77
2012-01-18,85
2012-01-19,87
2012-01-20,78
2012-01-21,68
2012-01-22,53
2012-01-23,73
2012-01-24,75
2012-01-25,81
2012-01-26,72
2012-01-27,94
2012-01-28,69
2012-01-29,57
2012-01-30,80
2012-01-31,87
2012-02-01,90
2012-02-02,100
2012-02-03,99
2012-02-04,78
2012-02-05,66
2012-02-06,88
2012-02-07,77
2012-02-08,81
2012-02-09,82
2012-02-10,93
2012-02-11,71
2012-02-12,56
2012-02-13,77
2012-02-14,83
2012-02-15,84
2012-02-16,88
2012-02-17,91
2012-02-18,77
2012-02-19,61
2012-02-20,70
2012-02-21,86
2012-02-22,84
2012-02-23,83
2012-02-24,97
2012-02-25,70
2012-02-26,51
2012-02-27,72
2012-02-28,69
2012-02-29,70
2012-03-01,79
2012-03-02,73
2012-03-03,57
2012-03-04,56
2012-03-05,70
2012-03-06,68
2012-03-07,66
2012-03-08,64
2012-03-09,74
2012-03-10,67
2012-03-11,44
2012-03-12,65
2012-03-13,71
2012-03-14,58
2012-03-15,65
2012-03-16,69
2012-03-17,54
2012-03-18,52
2012-03-19,63
2012-03-20,61
2012-03-21,61
2012-03-22,59
2012-03-23,59
2012-03-24,53
2012-03-25,47
2012-03-26,62
2012-03-27,53
2012-03-28,63
2012-03-29,67
2012-03-30,80
2012-03-31,51
2012-04-01,42
2012-04-02,63
2012-04-03,64
2012-04-04,62
2012-04-05,66
2012-04-06,61
2012-04-07,54
2012-04-08,37
2012-04-09,54
2012-04-10,63
2012-04-11,60
2012-04-12,71
2012-04-13,73
2012-04-14,53
2012-04-15,45
2012-04-16,66
2012-04-17,67
2012-04-18,57
2012-04-19,57
2012-04-20,67
2012-04-21,49
2012-04-22,36
2012-04-23,62
2012-04-24,55
2012-04-25,57
2012-04-26,60
2012-04-27,68
2012-04-28,54
2012-04-29,43
2012-04-30,63
2012-05-01,67
2012-05-02,58
2012-05-03,60
2012-05-04,74
2012-05-05,51
2012-05-06,45
2012-05-07,66
2012-05-08,60
2012-05-09,61
2012-05-10,63
2012-05-11,67
2012-05-12,45
2012-05-13,46
2012-05-14,53
2012-05-15,63
2012-05-16,61
2012-05-17,67
2012-05-18,74
2012-05-19,65
2012-05-20,44
2012-05-21,72
2012-05-22,68
2012-05-23,60
2012-05-24,68
2012-05-25,69
2012-05-26,53
2012-05-27,43
2012-05-28,49
2012-05-29,66
2012-05-30,66
2012-05-31,66
2012-06-01,84
2012-06-02,53
2012-06-03,50
2012-06-04,67
2012-06-05,78
2012-06-06,75
2012-06-07,79
2012-06-08,85
2012-06-09,60
2012-06-10,50
2012-06-11,65
2012-06-12,60
2012-06-13,61
2012-06-14,71
2012-06-15,85
2012-06-16,61
2012-06-17,55
2012-06-18,79
2012-06-19,70
2012-06-20,78
2012-06-21,73
2012-06-22,77
2012-06-23,64
2012-06-24,56
2012-06-25,55
2012-06-26,64
2012-06-27,68
2012-06-28,65
2012-06-29,77
2012-06-30,56
2012-07-01,62
2012-07-02,67
2012-07-03,64
2012-07-04,50
2012-07-05,83
2012-07-06,74
2012-07-07,60
2012-07-08,54
2012-07-09,64
2012-07-10,73
2012-07-11,66
2012-07-12,66
2012-07-13,84
2012-07-14,56
2012-07-15,47
2012-07-16,61
2012-07-17,60
2012-07-18,60
2012-07-19,59
2012-07-20,70
2012-07-21,46
2012-07-22,46
2012-07-23,56
2012-07-24,57
2012-07-25,55
2012-07-26,56
2012-07-27,64
2012-07-28,46
2012-07-29,47
2012-07-30,63
2012-07-31,60
2012-08-01,68
2012-08-02,60
2012-08-03,66
2012-08-04,60
2012-08-05,39
2012-08-06,54
2012-08-07,55
2012-08-08,62
2012-08-09,58
2012-08-10,59
2012-08-11,49
2012-08-12,33
2012-08-13,49
2012-08-14,56
2012-08-15,59
2012-08-16,58
2012-08-17,59
2012-08-18,53
2012-08-19,38
2012-08-20,50
2012-08-21,51
2012-08-22,50
2012-08-23,51
2012-08-24,51
2012-08-25,47
2012-08-26,37
2012-08-27,52
2012-08-28,56
2012-08-29,51
2012-08-30,55
2012-08-31,73
2012-09-01,49
2012-09-02,37
2012-09-03,45
2012-09-04,54
2012-09-05,57
2012-09-06,64
2012-09-07,59
2012-09-08,47
2012-09-09,40
2012-09-10,52
2012-09-11,49
2012-09-12,53
2012-09-13,49
2012-09-14,64
2012-09-15,44
2012-09-16,41
2012-09-17,56
2012-09-18,54
2012-09-19,60
2012-09-20,54
2012-09-21,56
2012-09-22,47
2012-09-23,35
2012-09-24,49
2012-09-25,61
2012-09-26,64
2012-09-27,68
2012-09-28,83
2012-09-29,53
2012-09-30,52
2012-10-01,72
2012-10-02,59
2012-10-03,64
2012-10-04,65
2012-10-05,71
2012-10-06,56
2012-10-07,48
2012-10-08,63
2012-10-09,71
2012-10-10,85
2012-10-11,77
2012-10-12,88
2012-10-13,62
2012-10-14,54
2012-10-15,76
2012-10-16,73
2012-10-17,66
2012-10-18,80
2012-10-19,80
2012-10-20,60
2012-10-21,64
2012-10-22,66
2012-10-23,65
2012-10-24,73
2012-10-25,65
2012-10-26,82
2012-10-27,63
2012-10-28,54
2012-10-29,61
2012-10-30,68
2012-10-31,84
2012-11-01,86
2012-11-02,83
2012-11-03,74
2012-11-04,67
2012-11-05,74
2012-11-06,71
2012-11-07,65
2012-11-08,74
2012-11-09,89
2012-11-10,75
2012-11-11,48
2012-11-12,69
2012-11-13,74
2012-11-14,69
2012-11-15,88
2012-11-16,80
2012-11-17,68
2012-11-18,54
2012-11-19,64
2012-11-20,81
2012-11-21,82
2012-11-22,51
2012-11-23,81
2012-11-24,60
2012-11-25,52
2012-11-26,67
2012-11-27,71
2012-11-28,66
2012-11-29,73
2012-11-30,85
2012-12-01,71
2012-12-02,54
2012-12-03,78
2012-12-04,75
2012-12-05,70
2012-12-06,79
2012-12-07,82
2012-12-08,58
2012-12-09,53
2012-12-10,80
2012-12-11,79
2012-12-12,78
2012-12-13,86
2012-12-14,86
2012-12-15,73
2012-12-16,57
2012-12-17,77
2012-12-18,78
2012-12-19,76
2012-12-20,81
2012-12-21,91
2012-12-22,80
2012-12-23,61
2012-12-24,69
2012-12-25,36
2012-12-26,83
2012-12-27,98
2012-12-28,100
2012-12-29,69
2012-12-30,61
2012-12-31,79
2013-01-01,70
2013-01-02,93
2013-01-03,88
2013-01-04,90
2013-01-05,73
2013-01-06,55
2013-01-07,66
2013-01-08,76
2013-01-09,78
2013-01-10,80
2013-01-11,82
2013-01-12,67
2013-01-13,45
2013-01-14,70
2013-01-15,87
2013-01-16,74
2013-01-17,71
2013-01-18,78
2013-01-19,70
2013-01-20,49
2013-01-21,57
2013-01-22,68
2013-01-23,87
2013-01-24,77
2013-01-25,78
2013-01-26,64
2013-01-27,48
2013-01-28,62
2013-01-29,64
2013-01-30,63
2013-01-31,72
2013-02-01,100
2013-02-02,67
2013-02-03,52
2013-02-04,72
2013-02-05,73
2013-02-06,70
2013-02-07,71
2013-02-08,87
2013-02-09,64
2013-02-10,53
2013-02-11,68
2013-02-12,80
2013-02-13,80
2013-02-14,72
2013-02-15,89
2013-02-16,81
2013-02-17,52
2013-02-18,66
2013-02-19,73
2013-02-20,83
2013-02-21,78
2013-02-22,84
2013-02-23,72
2013-02-24,52
2013-02-25,75
2013-02-26,80
2013-02-27,75
2013-02-28,81
2013-03-01,93
2013-03-02,71
2013-03-03,58
2013-03-04,76
2013-03-05,76
2013-03-06,71
2013-03-07,82
2013-03-08,94
2013-03-09,64
2013-03-10,52
2013-03-11,75
2013-03-12,77
2013-03-13,78
2013-03-14,76
2013-03-15,86
2013-03-16,64
2013-03-17,49
2013-03-18,66
2013-03-19,77
2013-03-20,78
2013-03-21,73
2013-03-22,79
2013-03-23,62
2013-03-24,50
2013-03-25,68
2013-03-26,72
2013-03-27,67
2013-03-28,76
2013-03-29,84
2013-03-30,66
2013-03-31,45
2013-04-01,85
2013-04-02,76
2013-04-03,84
2013-04-04,78
2013-04-05,84
2013-04-06,57
2013-04-07,52
2013-04-08,68
2013-04-09,67
2013-04-10,68
2013-04-11,70
2013-04-12,78
2013-04-13,71
2013-04-14,54
2013-04-15,70
2013-04-16,76
2013-04-17,65
2013-04-18,70
2013-04-19,73
2013-04-20,56
2013-04-21,50
2013-04-22,72
2013-04-23,62
2013-04-24,70
2013-04-25,72
2013-04-26,83
2013-04-27,64
2013-04-28,46
2013-04-29,69
2013-04-30,79
2013-05-01,80
2013-05-02,70
2013-05-03,95
2013-05-04,63
2013-05-05,53
2013-05-06,71
2013-05-07,70
2013-05-08,72
2013-05-09,75
2013-05-10,89
2013-05-11,62
2013-05-12,51
2013-05-13,73
2013-05-14,62
2013-05-15,76
2013-05-16,76
2013-05-17,80
2013-05-18,70
2013-05-19,51
2013-05-20,66
2013-05-21,68
2013-05-22,72
2013-05-23,69
2013-05-24,79
2013-05-25,54
2013-05-26,50
2013-05-27,59
2013-05-28,72
2013-05-29,77
2013-05-30,73
2013-05-31,89
2013-06-01,84
2013-06-02,54
2013-06-03,80
2013-06-04,75
2013-06-05,66
2013-06-06,80
2013-06-07,85
2013-06-08,62
2013-06-09,48
2013-06-10,69
2013-06-11,68
2013-06-12,72
2013-06-13,66
2013-06-14,80
2013-06-15,66
2013-06-16,47
2013-06-17,74
2013-06-18,68
2013-06-19,71
2013-06-20,72
2013-06-21,75
2013-06-22,57
2013-06-23,47
2013-06-24,74
2013-06-25,71
2013-06-26,71
2013-06-27,66
2013-06-28,82
2013-06-29,66
2013-06-30,56
2013-07-01,87
2013-07-02,72
2013-07-03,76
2013-07-04,57
2013-07-05,78
2013-07-06,61
2013-07-07,48
2013-07-08,75
2013-07-09,69
2013-07-10,73
2013-07-11,75
2013-07-12,84
2013-07-13,63
2013-07-14,51
2013-07-15,72
2013-07-16,70
2013-07-17,66
2013-07-18,73
2013-07-19,81
2013-07-20,62
2013-07-21,49
2013-07-22,67
2013-07-23,65
2013-07-24,76
2013-07-25,60
2013-07-26,86
2013-07-27,56
2013-07-28,50
2013-07-29,69
2013-07-30,69
2013-07-31,78
2013-08-01,78
2013-08-02,76
2013-08-03,60
2013-08-04,49
2013-08-05,63
2013-08-06,76
2013-08-07,66
2013-08-08,63
2013-08-09,76
2013-08-10,58
2013-08-11,44
2013-08-12,63
2013-08-13,66
2013-08-14,73
2013-08-15,69
2013-08-16,77
2013-08-17,56
2013-08-18,47
2013-08-19,66
2013-08-20,66
2013-08-21,74
2013-08-22,68
2013-08-23,76
2013-08-24,53
2013-08-25,46
2013-08-26,65
2013-08-27,71
2013-08-28,67
2013-08-29,62
2013-08-30,82
2013-08-31,59
2013-09-01,38
2013-09-02,58
2013-09-03,74
2013-09-04,77
2013-09-05,71
2013-09-06,79
2013-09-07,57
2013-09-08,46
2013-09-09,69
2013-09-10,59
2013-09-11,71
2013-09-12,65
2013-09-13,73
2013-09-14,58
2013-09-15,45
2013-09-16,66
2013-09-17,66
2013-09-18,58
2013-09-19,65
2013-09-20,69
2013-09-21,48
2013-09-22,41
2013-09-23,61
2013-09-24,60
2013-09-25,63
2013-09-26,62
2013-09-27,82
2013-09-28,64
2013-09-29,53
2013-09-30,79
2013-10-01,82
2013-10-02,68
2013-10-03,77
2013-10-04,74
2013-10-05,59
2013-10-06,45
2013-10-07,71
2013-10-08,65
2013-10-09,61
2013-10-10,75
2013-10-11,80
2013-10-12,61
2013-10-13,43
2013-10-14,64
2013-10-15,69
2013-10-16,83
2013-10-17,74
2013-10-18,78
2013-10-19,61
2013-10-20,53
2013-10-21,69
2013-10-22,66
2013-10-23,69
2013-10-24,64
2013-10-25,80
2013-10-26,67
2013-10-27,49
2013-10-28,69
2013-10-29,64
2013-10-30,73
2013-10-31,73
2013-11-01,92
2013-11-02,70
2013-11-03,58
2013-11-04,82
2013-11-05,72
2013-11-06,72
2013-11-07,75
2013-11-08,74
2013-11-09,63
2013-11-10,57
2013-11-11,65
2013-11-12,74
2013-11-13,74
2013-11-14,72
2013-11-15,83
2013-11-16,70
2013-11-17,51
2013-11-18,74
2013-11-19,72
2013-11-20,71
2013-11-21,78
2013-11-22,81
2013-11-23,63
2013-11-24,51
2013-11-25,69
2013-11-26,74
2013-11-27,76
2013-11-28,51
2013-11-29,75
2013-11-30,71
2013-12-01,59
2013-12-02,84
2013-12-03,77
2013-12-04,76
2013-12-05,68
2013-12-06,72
2013-12-07,56
2013-12-08,49
2013-12-09,72
2013-12-10,69
2013-12-11,66
2013-12-12,65
2013-12-13,83
2013-12-14,58
2013-12-15,48
2013-12-16,73
2013-12-17,66
2013-12-18,69
2013-12-19,72
2013-12-20,100
2013-12-21,80
2013-12-22,59
2013-12-23,86
2013-12-24,70
2013-12-25,43
2013-12-26,76
2013-12-27,87
2013-12-28,67
2013-12-29,60
2013-12-30,74
2013-12-31,71
2014-01-01,65
2014-01-02,86
2014-01-03,88
2014-01-04,57
2014-01-05,47
2014-01-06,61
2014-01-07,73
2014-01-08,64
2014-01-09,70
2014-01-10,75
2014-01-11,59
2014-01-12,52
2014-01-13,66
2014-01-14,66
2014-01-15,68
2014-01-16,76
2014-01-17,75
2014-01-18,65
2014-01-19,48
2014-01-20,65
2014-01-21,68
2014-01-22,74
2014-01-23,67
2014-01-24,79
2014-01-25,67
2014-01-26,46
2014-01-27,65
2014-01-28,71
2014-01-29,67
2014-01-30,71
2014-01-31,100
2014-02-01,74
2014-02-02,52
2014-02-03,68
2014-02-04,77
2014-02-05,76
2014-02-06,84
2014-02-07,83
2014-02-08,64
2014-02-09,54
2014-02-10,69
2014-02-11,75
2014-02-12,73
2014-02-13,71
2014-02-14,81
2014-02-15,70
2014-02-16,56
2014-02-17,67
2014-02-18,77
2014-02-19,83
2014-02-20,75
2014-02-21,83
2014-02-22,64
2014-02-23,57
2014-02-24,66
2014-02-25,71
2014-02-26,73
2014-02-27,74
2014-02-28,90
2014-03-01,74
2014-03-02,56
2014-03-03,73
2014-03-04,77
2014-03-05,73
2014-03-06,77
2014-03-07,83
2014-03-08,62
2014-03-09,54
2014-03-10,76
2014-03-11,79
2014-03-12,75
2014-03-13,76
2014-03-14,92
2014-03-15,89
2014-03-16,48
2014-03-17,76
2014-03-18,77
2014-03-19,76
2014-03-20,79
2014-03-21,84
2014-03-22,71
2014-03-23,60
2014-03-24,83
2014-03-25,73
2014-03-26,68
2014-03-27,73
2014-03-28,93
2014-03-29,75
2014-03-30,52
2014-03-31,79
2014-04-01,82
2014-04-02,77
2014-04-03,82
2014-04-04,96
2014-04-05,61
2014-04-06,59
2014-04-07,75
2014-04-08,74
2014-04-09,80
2014-04-10,82
2014-04-11,93
2014-04-12,66
2014-04-13,53
2014-04-14,77
2014-04-15,78
2014-04-16,64
2014-04-17,73
2014-04-18,76
2014-04-19,57
2014-04-20,40
2014-04-21,65
2014-04-22,64
2014-04-23,69
2014-04-24,68
2014-04-25,80
2014-04-26,65
2014-04-27,51
2014-04-28,62
2014-04-29,59
2014-04-30,73
2014-05-01,74
2014-05-02,81
2014-05-03,61
2014-05-04,49
2014-05-05,73
2014-05-06,66
2014-05-07,67
2014-05-08,71
2014-05-09,76
2014-05-10,61
2014-05-11,42
2014-05-12,65
2014-05-13,66
2014-05-14,64
2014-05-15,75
2014-05-16,76
2014-05-17,67
2014-05-18,53
2014-05-19,68
2014-05-20,61
2014-05-21,64
2014-05-22,62
2014-05-23,74
2014-05-24,57
2014-05-25,36
2014-05-26,50
2014-05-27,71
2014-05-28,63
2014-05-29,64
2014-05-30,78
2014-05-31,68
2014-06-01,51
2014-06-02,71
2014-06-03,66
2014-06-04,69
2014-06-05,68
2014-06-06,79
2014-06-07,52
2014-06-08,40
2014-06-09,66
2014-06-10,61
2014-06-11,61
2014-06-12,57
2014-06-13,69
2014-06-14,57
2014-06-15,45
2014-06-16,63
2014-06-17,55
2014-06-18,58
2014-06-19,64
2014-06-20,68
2014-06-21,60
2014-06-22,45
2014-06-23,60
2014-06-24,64
2014-06-25,60
2014-06-26,55
2014-06-27,66
2014-06-28,53
2014-06-29,42
2014-06-30,65
2014-07-01,76
2014-07-02,71
2014-07-03,80
2014-07-04,54
2014-07-05,49
2014-07-06,49
2014-07-07,72
2014-07-08,70
2014-07-09,66
2014-07-10,76
2014-07-11,79
2014-07-12,58
2014-07-13,40
2014-07-14,61
2014-07-15,67
2014-07-16,69
2014-07-17,67
2014-07-18,77
2014-07-19,54
2014-07-20,47
2014-07-21,64
2014-07-22,63
2014-07-23,76
2014-07-24,72
2014-07-25,81
2014-07-26,62
2014-07-27,50
2014-07-28,73
2014-07-29,73
2014-07-30,71
2014-07-31,80
2014-08-01,96
2014-08-02,65
2014-08-03,55
2014-08-04,79
2014-08-05,76
2014-08-06,75
2014-08-07,80
2014-08-08,83
2014-08-09,66
2014-08-10,53
2014-08-11,81
2014-08-12,74
2014-08-13,69
2014-08-14,79
2014-08-15,100
2014-08-16,66
2014-08-17,55
2014-08-18,68
2014-08-19,67
2014-08-20,73
2014-08-21,68
2014-08-22,73
2014-08-23,56
2014-08-24,54
2014-08-25,71
2014-08-26,59
2014-08-27,61
2014-08-28,67
2014-08-29,90
2014-08-30,59
2014-08-31,49
2014-09-01,54
2014-09-02,73
2014-09-03,70
2014-09-04,64
2014-09-05,78
2014-09-06,58
2014-09-07,51
2014-09-08,63
2014-09-09,70
2014-09-10,61
2014-09-11,63
2014-09-12,70
2014-09-13,55
2014-09-14,48
2014-09-15,66
2014-09-16,61
2014-09-17,61
2014-09-18,68
2014-09-19,69
2014-09-20,58
2014-09-21,46
2014-09-22,61
2014-09-23,68
2014-09-24,63
2014-09-25,64
2014-09-26,65
2014-09-27,61
2014-09-28,45
2014-09-29,65
2014-09-30,72
2014-10-01,80
2014-10-02,70
2014-10-03,76
2014-10-04,62
2014-10-05,45
2014-10-06,63
2014-10-07,67
2014-10-08,58
2014-10-09,67
2014-10-10,72
2014-10-11,56
2014-10-12,40
2014-10-13,58
2014-10-14,56
2014-10-15,71
2014-10-16,67
2014-10-17,68
2014-10-18,58
2014-10-19,48
2014-10-20,66
2014-10-21,63
2014-10-22,70
2014-10-23,61
2014-10-24,75
2014-10-25,55
2014-10-26,42
2014-10-27,66
2014-10-28,62
2014-10-29,55
2014-10-30,70
2014-10-31,89
2014-11-01,64
2014-11-02,51
2014-11-03,81
2014-11-04,68
2014-11-05,70
2014-11-06,64
2014-11-07,77
2014-11-08,55
2014-11-09,44
2014-11-10,63
2014-11-11,60
2014-11-12,65
2014-11-13,72
2014-11-14,78
2014-11-15,62
2014-11-16,48
2014-11-17,59
2014-11-18,63
2014-11-19,60
2014-11-20,63
2014-11-21,70
2014-11-22,52
2014-11-23,47
2014-11-24,67
2014-11-25,63
2014-11-26,70
2014-11-27,51
2014-11-28,78
2014-11-29,58
2014-11-30,46
2014-12-01,77
2014-12-02,74
2014-12-03,77
2014-12-04,67
2014-12-05,76
2014-12-06,63
2014-12-07,46
2014-12-08,74
2014-12-09,66
2014-12-10,70
2014-12-11,67
2014-12-12,80
2014-12-13,68
2014-12-14,46
2014-12-15,75
2014-12-16,77
2014-12-17,80
2014-12-18,78
2014-12-19,78
2014-12-20,71
2014-12-21,53
2014-12-22,75
2014-12-23,80
2014-12-24,85
2014-12-25,44
2014-12-26,70
2014-12-27,66
2014-12-28,48
2014-12-29,86
2014-12-30,84
2014-12-31,86
2015-01-01,67
2015-01-02,93
2015-01-03,75
2015-01-04,52
2015-01-05,82
2015-01-06,72
2015-01-07,70
2015-01-08,67
2015-01-09,79
2015-01-10,72
2015-01-11,57
2015-01-12,83
2015-01-13,74
2015-01-14,80
2015-01-15,77
2015-01-16,88
2015-01-17,72
2015-01-18,52
2015-01-19,63
2015-01-20,75
2015-01-21,80
2015-01-22,71
2015-01-23,77
2015-01-24,67
2015-01-25,56
2015-01-26,69
2015-01-27,66
2015-01-28,70
2015-01-29,71
2015-01-30,92
2015-01-31,76
2015-02-01,58
2015-02-02,77
2015-02-03,78
2015-02-04,78
2015-02-05,82
2015-02-06,87
2015-02-07,62
2015-02-08,55
2015-02-09,67
2015-02-10,78
2015-02-11,77
2015-02-12,79
2015-02-13,88
2015-02-14,77
2015-02-15,50
2015-02-16,68
2015-02-17,71
2015-02-18,75
2015-02-19,73
2015-02-20,89
2015-02-21,62
2015-02-22,48
2015-02-23,65
2015-02-24,71
2015-02-25,76
2015-02-26,70
2015-02-27,86
2015-02-28,63
2015-03-01,55
2015-03-02,86
2015-03-03,85
2015-03-04,80
2015-03-05,74
2015-03-06,76
2015-03-07,63
2015-03-08,53
2015-03-09,76
2015-03-10,75
2015-03-11,68
2015-03-12,74
2015-03-13,86
2015-03-14,70
2015-03-15,54
2015-03-16,73
2015-03-17,66
2015-03-18,80
2015-03-19,73
2015-03-20,72
2015-03-21,69
2015-03-22,54
2015-03-23,70
2015-03-24,67
2015-03-25,77
2015-03-26,75
2015-03-27,80
2015-03-28,69
2015-03-29,51
2015-03-30,68
2015-03-31,83
2015-04-01,80
2015-04-02,83
2015-04-03,90
2015-04-04,64
2015-04-05,49
2015-04-06,76
2015-04-07,77
2015-04-08,68
2015-04-09,73
2015-04-10,87
2015-04-11,66
2015-04-12,48
2015-04-13,68
2015-04-14,75
2015-04-15,73
2015-04-16,65
2015-04-17,82
2015-04-18,61
2015-04-19,52
2015-04-20,71
2015-04-21,64
2015-04-22,61
2015-04-23,67
2015-04-24,80
2015-04-25,66
2015-04-26,48
2015-04-27,75
2015-04-28,71
2015-04-29,68
2015-04-30,79
2015-05-01,100
2015-05-02,70
2015-05-03,53
2015-05-04,81
2015-05-05,76
2015-05-06,79
2015-05-07,83
2015-05-08,89
2015-05-09,67
2015-05-10,50
2015-05-11,78
2015-05-12,73
2015-05-13,68
2015-05-14,75
2015-05-15,92
2015-05-16,69
2015-05-17,48
2015-05-18,71
2015-05-19,80
2015-05-20,76
2015-05-21,73
2015-05-22,82
2015-05-23,58
2015-05-24,48
2015-05-25,56
2015-05-26,75
2015-05-27,82
2015-05-28,78
2015-05-29,81
2015-05-30,72
2015-05-31,55
2015-06-01,88
2015-06-02,77
2015-06-03,85
2015-06-04,79
2015-06-05,91
2015-06-06,61
2015-06-07,57
2015-06-08,73
2015-06-09,80
2015-06-10,85
2015-06-11,74
2015-06-12,95
2015-06-13,87
2015-06-14,55
2015-06-15,79
2015-06-16,81
2015-06-17,73
2015-06-18,76
2015-06-19,85
2015-06-20,66
2015-06-21,46
2015-06-22,80
2015-06-23,72
2015-06-24,77
2015-06-25,84
2015-06-26,99
2015-06-27,64
2015-06-28,54
2015-06-29,93
2015-06-30,93
2015-07-01,89
2015-07-02,97
2015-07-03,97
2015-07-04,63
2015-07-05,69
2015-07-06,79
2015-07-07,79
2015-07-08,73
2015-07-09,84
2015-07-10,87
2015-07-11,64
2015-07-12,45
2015-07-13,85
2015-07-14,69
2015-07-15,79
2015-07-16,67
2015-07-17,87
2015-07-18,56
2015-07-19,44
2015-07-20,65
2015-07-21,71
2015-07-22,73
2015-07-23,73
2015-07-24,76
2015-07-25,62
2015-07-26,56
2015-07-27,75
2015-07-28,79
2015-07-29,75
2015-07-30,79
2015-07-31,100
2015-08-01,66
2015-08-02,53
2015-08-03,91
2015-08-04,83
2015-08-05,70
2015-08-06,70
2015-08-07,88
2015-08-08,67
2015-08-09,50
2015-08-10,80
2015-08-11,74
2015-08-12,80
2015-08-13,85
2015-08-14,93
2015-08-15,66
2015-08-16,46
2015-08-17,74
2015-08-18,69
2015-08-19,74
2015-08-20,69
2015-08-21,81
2015-08-22,68
2015-08-23,54
2015-08-24,64
2015-08-25,75
2015-08-26,73
2015-08-27,70
2015-08-28,81
2015-08-29,68
2015-08-30,49
2015-08-31,76
2015-09-01,83
2015-09-02,68
2015-09-03,74
2015-09-04,66
2015-09-05,61
2015-09-06,47
2015-09-07,57
2015-09-08,70
2015-09-09,69
2015-09-10,74
2015-09-11,79
2015-09-12,53
2015-09-13,51
2015-09-14,64
2015-09-15,73
2015-09-16,66
2015-09-17,70
2015-09-18,76
2015-09-19,62
2015-09-20,46
2015-09-21,55
2015-09-22,61
2015-09-23,57
2015-09-24,64
2015-09-25,79
2015-09-26,59
2015-09-27,51
2015-09-28,67
2015-09-29,68
2015-09-30,79
2015-10-01,75
2015-10-02,84
2015-10-03,61
2015-10-04,53
2015-10-05,71
2015-10-06,65
2015-10-07,67
2015-10-08,67
2015-10-09,76
2015-10-10,56
2015-10-11,51
2015-10-12,67
2015-10-13,67
2015-10-14,66
2015-10-15,71
2015-10-16,70
2015-10-17,57
2015-10-18,51
2015-10-19,57
2015-10-20,61
2015-10-21,69
2015-10-22,70
2015-10-23,73
2015-10-24,50
2015-10-25,48
2015-10-26,63
2015-10-27,66
2015-10-28,58
2015-10-29,68
2015-10-30,86
2015-10-31,59
2015-11-01,58
2015-11-02,72
2015-11-03,69
2015-11-04,59
2015-11-05,62
2015-11-06,70
2015-11-07,62
2015-11-08,52
2015-11-09,67
2015-11-10,67
2015-11-11,57
2015-11-12,61
2015-11-13,86
2015-11-14,62
2015-11-15,43
2015-11-16,62
2015-11-17,64
2015-11-18,63
2015-11-19,63
2015-11-20,69
2015-11-21,59
2015-11-22,48
2015-11-23,66
2015-11-24,73
2015-11-25,72
2015-11-26,45
2015-11-27,75
2015-11-28,59
2015-11-29,56
2015-11-30,79
2015-12-01,83
2015-12-02,70
2015-12-03,78
2015-12-04,79
2015-12-05,58
2015-12-06,49
2015-12-07,78
2015-12-08,71
2015-12-09,68
2015-12-10,71
2015-12-11,83
2015-12-12,62
2015-12-13,56
2015-12-14,76
2015-12-15,71
2015-12-16,73
2015-12-17,83
2015-12-18,80
2015-12-19,70
2015-12-20,53
2015-12-21,70
2015-12-22,77
2015-12-23,90
2015-12-24,82
2015-12-25,41
2015-12-26,55
2015-12-27,58
2015-12-28,67
2015-12-29,80
2015-12-30,82
2015-12-31,86
2016-01-01,65
2016-01-02,69
2016-01-03,62
2016-01-04,87
2016-01-05,83
2016-01-06,76
2016-01-07,78
2016-01-08,81
2016-01-09,73
2016-01-10,48
2016-01-11,80
2016-01-12,74
2016-01-13,75
2016-01-14,77
2016-01-15,100
2016-01-16,77
2016-01-17,45
2016-01-18,65
2016-01-19,77
2016-01-20,83
2016-01-21,82
2016-01-22,88
2016-01-23,57
2016-01-24,46
2016-01-25,78
2016-01-26,68
2016-01-27,73
2016-01-28,74
2016-01-29,94
2016-01-30,75
2016-01-31,53
2016-02-01,79
2016-02-02,79
2016-02-03,85
2016-02-04,81
2016-02-05,86
2016-02-06,70
2016-02-07,55
2016-02-08,71
2016-02-09,76
2016-02-10,79
2016-02-11,81
2016-02-12,90
2016-02-13,69
2016-02-14,56
2016-02-15,67
2016-02-16,73
2016-02-17,92
2016-02-18,77
2016-02-19,76
2016-02-20,67
2016-02-21,48
2016-02-22,74
2016-02-23,84
2016-02-24,65
2016-02-25,75
2016-02-26,85
2016-02-27,68
2016-02-28,58
2016-02-29,73
2016-03-01,81
2016-03-02,72
2016-03-03,75
2016-03-04,76
2016-03-05,68
2016-03-06,49
2016-03-07,64
2016-03-08,74
2016-03-09,71
2016-03-10,70
2016-03-11,75
2016-03-12,60
2016-03-13,50
2016-03-14,73
2016-03-15,71
2016-03-16,64
2016-03-17,67
2016-03-18,78
2016-03-19,61
2016-03-20,56
2016-03-21,67
2016-03-22,64
2016-03-23,65
2016-03-24,75
2016-03-25,79
2016-03-26,64
2016-03-27,42
2016-03-28,63
2016-03-29,71
2016-03-30,64
2016-03-31,73
2016-04-01,89
2016-04-02,68
2016-04-03,55
2016-04-04,73
2016-04-05,72
2016-04-06,73
2016-04-07,73
2016-04-08,75
2016-04-09,60
2016-04-10,53
2016-04-11,66
2016-04-12,67
2016-04-13,72
2016-04-14,74
2016-04-15,82
2016-04-16,57
2016-04-17,56
2016-04-18,73
2016-04-19,74
2016-04-20,76
2016-04-21,61
2016-04-22,79
2016-04-23,61
2016-04-24,50
2016-04-25,71
2016-04-26,71
2016-04-27,64
2016-04-28,66
2016-04-29,81
2016-04-30,65
2016-05-01,54
2016-05-02,77
2016-05-03,68
2016-05-04,73
2016-05-05,72
2016-05-06,82
2016-05-07,64
2016-05-08,43
2016-05-09,75
2016-05-10,67
2016-05-11,77
2016-05-12,72
2016-05-13,77
2016-05-14,69
2016-05-15,54
2016-05-16,70
2016-05-17,69
2016-05-18,66
2016-05-19,72
2016-05-20,76
2016-05-21,59
2016-05-22,49
2016-05-23,69
2016-05-24,72
2016-05-25,82
2016-05-26,71
2016-05-27,87
2016-05-28,62
2016-05-29,52
2016-05-30,52
2016-05-31,91
2016-06-01,93
2016-06-02,78
2016-06-03,87
2016-06-04,69
2016-06-05,59
2016-06-06,72
2016-06-07,72
2016-06-08,68
2016-06-09,72
2016-06-10,75
2016-06-11,56
2016-06-12,41
2016-06-13,74
2016-06-14,72
2016-06-15,68
2016-06-16,65
2016-06-17,71
2016-06-18,57
2016-06-19,50
2016-06-20,74
2016-06-21,62
2016-06-22,67
2016-06-23,68
2016-06-24,76
2016-06-25,66
2016-06-26,45
2016-06-27,63
2016-06-28,70
2016-06-29,69
2016-06-30,85
2016-07-01,100
2016-07-02,65
2016-07-03,47
2016-07-04,51
2016-07-05,86
2016-07-06,78
2016-07-07,71
2016-07-08,78
2016-07-09,63
2016-07-10,44
2016-07-11,71
2016-07-12,77
2016-07-13,68
2016-07-14,71
2016-07-15,80
2016-07-16,57
2016-07-17,47
2016-07-18,64
2016-07-19,69
2016-07-20,72
2016-07-21,70
2016-07-22,82
2016-07-23,49
2016-07-24,45
2016-07-25,72
2016-07-26,62
2016-07-27,74
2016-07-28,69
2016-07-29,78
2016-07-30,61
2016-07-31,48
2016-08-01,73
2016-08-02,68
2016-08-03,70
2016-08-04,66
2016-08-05,75
2016-08-06,51
2016-08-07,43
2016-08-08,59
2016-08-09,57
2016-08-10,65
2016-08-11,63
2016-08-12,72
2016-08-13,55
2016-08-14,53
2016-08-15,67
2016-08-16,64
2016-08-17,64
2016-08-18,66
2016-08-19,77
2016-08-20,51
2016-08-21,45
2016-08-22,65
2016-08-23,62
2016-08-24,55
2016-08-25,66
2016-08-26,68
2016-08-27,54
2016-08-28,49
2016-08-29,58
2016-08-30,61
2016-08-31,70
2016-09-01,81
2016-09-02,77
2016-09-03,57
2016-09-04,42
2016-09-05,55
2016-09-06,67
2016-09-07,67
2016-09-08,68
2016-09-09,76
2016-09-10,50
2016-09-11,39
2016-09-12,62
2016-09-13,61
2016-09-14,63
2016-09-15,69
2016-09-16,68
2016-09-17,53
2016-09-18,37
2016-09-19,57
2016-09-20,67
2016-09-21,57
2016-09-22,61
2016-09-23,74
2016-09-24,57
2016-09-25,45
2016-09-26,63
2016-09-27,58
2016-09-28,66
2016-09-29,66
2016-09-30,87
2016-10-01,61
2016-10-02,45
2016-10-03,70
2016-10-04,59
2016-10-05,67
2016-10-06,62
2016-10-07,68
2016-10-08,53
2016-10-09,43
2016-10-10,58
2016-10-11,57
2016-10-12,66
2016-10-13,62
2016-10-14,67
2016-10-15,55
2016-10-16,43
2016-10-17,57
2016-10-18,53
2016-10-19,62
2016-10-20,67
2016-10-21,68
2016-10-22,50
2016-10-23,45
2016-10-24,58
2016-10-25,70
2016-10-26,54
2016-10-27,61
2016-10-28,77
2016-10-29,54
2016-10-30,48
2016-10-31,57
2016-11-01,70
2016-11-02,61
2016-11-03,66
2016-11-04,73
2016-11-05,58
2016-11-06,43
2016-11-07,64
2016-11-08,58
2016-11-09,46
2016-11-10,67
2016-11-11,56
2016-11-12,54
2016-11-13,44
2016-11-14,60
2016-11-15,64
2016-11-16,68
2016-11-17,60
2016-11-18,76
2016-11-19,49
2016-11-20,38
2016-11-21,58
2016-11-22,63
2016-11-23,75
2016-11-24,49
2016-11-25,63
2016-11-26,53
2016-11-27,48
2016-11-28,63
2016-11-29,58
2016-11-30,64
2016-12-01,74
2016-12-02,78
2016-12-03,56
2016-12-04,50
2016-12-05,63
2016-12-06,64
2016-12-07,64
2016-12-08,66
2016-12-09,72
2016-12-10,58
2016-12-11,44
2016-12-12,57
2016-12-13,58
2016-12-14,60
2016-12-15,67
2016-12-16,73
2016-12-17,53
2016-12-18,43
2016-12-19,65
2016-12-20,67
2016-12-21,67
2016-12-22,73
2016-12-23,81
2016-12-24,55
2016-12-25,30
2016-12-26,59
2016-12-27,67
2016-12-28,63
2016-12-29,65
2016-12-30,80
2016-12-31,51
2017-01-01,39
2017-01-02,60
2017-01-03,68
2017-01-04,69
2017-01-05,70
2017-01-06,64
2017-01-07,49
2017-01-08,41
2017-01-09,57
2017-01-10,69
2017-01-11,73
2017-01-12,78
2017-01-13,87
2017-01-14,70
2017-01-15,53
2017-01-16,63
2017-01-17,76
2017-01-18,82
2017-01-19,76
2017-01-20,81
2017-01-21,65
2017-01-22,55
2017-01-23,69
2017-01-24,68
2017-01-25,76
2017-01-26,68
2017-01-27,85
2017-01-28,78
2017-01-29,48
2017-01-30,77
2017-01-31,80
2017-02-01,81
2017-02-02,77
2017-02-03,83
2017-02-04,74
2017-02-05,51
2017-02-06,64
2017-02-07,74
2017-02-08,74
2017-02-09,71
2017-02-10,83
2017-02-11,72
2017-02-12,58
2017-02-13,70
2017-02-14,74
2017-02-15,87
2017-02-16,71
2017-02-17,79
2017-02-18,69
2017-02-19,47
2017-02-20,67
2017-02-21,77
2017-02-22,85
2017-02-23,79
2017-02-24,78
2017-02-25,72
2017-02-26,54
2017-02-27,75
2017-02-28,86
2017-03-01,78
2017-03-02,78
2017-03-03,93
2017-03-04,75
2017-03-05,52
2017-03-06,81
2017-03-07,73
2017-03-08,74
2017-03-09,83
2017-03-10,89
2017-03-11,65
2017-03-12,51
2017-03-13,75
2017-03-14,79
2017-03-15,79
2017-03-16,78
2017-03-17,82
2017-03-18,66
2017-03-19,51
2017-03-20,74
2017-03-21,71
2017-03-22,75
2017-03-23,72
2017-03-24,79
2017-03-25,62
2017-03-26,52
2017-03-27,71
2017-03-28,73
2017-03-29,68
2017-03-30,74
2017-03-31,92
2017-04-01,79
2017-04-02,63
2017-04-03,87
2017-04-04,79
2017-04-05,78
2017-04-06,79
2017-04-07,81
2017-04-08,74
2017-04-09,56
2017-04-10,86
2017-04-11,77
2017-04-12,87
2017-04-13,79
2017-04-14,86
2017-04-15,60
2017-04-16,49
2017-04-17,78
2017-04-18,76
2017-04-19,73
2017-04-20,81
2017-04-21,84
2017-04-22,79
2017-04-23,58
2017-04-24,81
2017-04-25,72
2017-04-26,73
2017-04-27,80
2017-04-28,99
2017-04-29,71
2017-04-30,55
2017-05-01,86
2017-05-02,77
2017-05-03,80
2017-05-04,75
2017-05-05,91
2017-05-06,70
2017-05-07,50
2017-05-08,76
2017-05-09,75
2017-05-10,74
2017-05-11,75
2017-05-12,90
2017-05-13,66
2017-05-14,48
2017-05-15,82
2017-05-16,80
2017-05-17,70
2017-05-18,74
2017-05-19,71
2017-05-20,66
2017-05-21,50
2017-05-22,70
2017-05-23,72
2017-05-24,73
2017-05-25,82
2017-05-26,87
2017-05-27,65
2017-05-28,54
2017-05-29,53
2017-05-30,84
2017-05-31,75
2017-06-01,84
2017-06-02,100
2017-06-03,66
2017-06-04,59
2017-06-05,78
2017-06-06,70
2017-06-07,78
2017-06-08,67
2017-06-09,84
2017-06-10,53
2017-06-11,46
2017-06-12,68
2017-06-13,63
2017-06-14,64
2017-06-15,67
2017-06-16,79
2017-06-17,66
2017-06-18,44
2017-06-19,80
2017-06-20,77
2017-06-21,66
2017-06-22,68
2017-06-23,66
2017-06-24,58
2017-06-25,53
2017-06-26,68
2017-06-27,70
2017-06-28,71
2017-06-29,75
2017-06-30,100
2017-07-01,73
2017-07-02,58
2017-07-03,76
2017-07-04,64
2017-07-05,87
2017-07-06,77
2017-07-07,79
2017-07-08,62
2017-07-09,54
2017-07-10,70
2017-07-11,67
2017-07-12,85
2017-07-13,66
2017-07-14,89
2017-07-15,66
2017-07-16,57
2017-07-17,75
2017-07-18,65
2017-07-19,76
2017-07-20,68
2017-07-21,80
2017-07-22,65
2017-07-23,50
2017-07-24,67
2017-07-25,73
2017-07-26,77
2017-07-27,75
2017-07-28,89
2017-07-29,63
2017-07-30,53
2017-07-31,87
2017-08-01,85
2017-08-02,74
2017-08-03,77
2017-08-04,73
2017-08-05,68
2017-08-06,57
2017-08-07,71
2017-08-08,76
2017-08-09,76
2017-08-10,73
2017-08-11,78
2017-08-12,56
2017-08-13,49
2017-08-14,71
2017-08-15,75
2017-08-16,72
2017-08-17,64
2017-08-18,80
2017-08-19,63
2017-08-20,50
2017-08-21,59
2017-08-22,69
2017-08-23,63
2017-08-24,74
2017-08-25,71
2017-08-26,55
2017-08-27,49
2017-08-28,67
2017-08-29,74
2017-08-30,74
2017-08-31,81
2017-09-01,89
2017-09-02,59
2017-09-03,43
2017-09-04,52
2017-09-05,70
2017-09-06,71
2017-09-07,74
2017-09-08,76
2017-09-09,57
2017-09-10,47
2017-09-11,56
2017-09-12,61
2017-09-13,65
2017-09-14,62
2017-09-15,81
2017-09-16,64
2017-09-17,47
2017-09-18,67
2017-09-19,75
2017-09-20,76
2017-09-21,73
2017-09-22,79
2017-09-23,58
2017-09-24,52
2017-09-25,80
2017-09-26,68
2017-09-27,75
2017-09-28,73
2017-09-29,92
2017-09-30,64
2017-10-01,50
2017-10-02,78
2017-10-03,78
2017-10-04,79
2017-10-05,83
2017-10-06,77
2017-10-07,66
2017-10-08,43
2017-10-09,68
2017-10-10,63
2017-10-11,76
2017-10-12,67
2017-10-13,82
2017-10-14,49
2017-10-15,53
2017-10-16,68
2017-10-17,69
2017-10-18,64
2017-10-19,66
2017-10-20,73
2017-10-21,61
2017-10-22,51
2017-10-23,68
2017-10-24,61
2017-10-25,69
2017-10-26,65
2017-10-27,75
2017-10-28,59
2017-10-29,45
2017-10-30,59
2017-10-31,68
2017-11-01,67
2017-11-02,67
2017-11-03,82
2017-11-04,60
2017-11-05,48
2017-11-06,68
2017-11-07,68
2017-11-08,67
2017-11-09,72
2017-11-10,74
2017-11-11,56
2017-11-12,40
2017-11-13,69
2017-11-14,70
2017-11-15,76
2017-11-16,68
2017-11-17,86
2017-11-18,61
2017-11-19,48
2017-11-20,73
2017-11-21,62
2017-11-22,78
2017-11-23,46
2017-11-24,68
2017-11-25,53
2017-11-26,46
2017-11-27,63
2017-11-28,64
2017-11-29,71
2017-11-30,64
2017-12-01,88
2017-12-02,69
2017-12-03,53
2017-12-04,76
2017-12-05,69
2017-12-06,72
2017-12-07,80
2017-12-08,72
2017-12-09,55
2017-12-10,50
2017-12-11,68
2017-12-12,65
2017-12-13,69
2017-12-14,74
2017-12-15,90
2017-12-16,65
2017-12-17,54
2017-12-18,70
2017-12-19,79
2017-12-20,75
2017-12-21,78
2017-12-22,84
2017-12-23,72
2017-12-24,50
2017-12-25,30
2017-12-26,76
2017-12-27,78
2017-12-28,70
2017-12-29,87
2017-12-30,66
2017-12-31,48
2018-01-01,47
2018-01-02,80
2018-01-03,87
2018-01-04,72
2018-01-05,86
2018-01-06,72
2018-01-07,42
2018-01-08,70
2018-01-09,65
2018-01-10,77
2018-01-11,78
2018-01-12,93
2018-01-13,65
2018-01-14,53
2018-01-15,69
2018-01-16,82
2018-01-17,73
2018-01-18,76
2018-01-19,86
2018-01-20,67
2018-01-21,55
2018-01-22,72
2018-01-23,82
2018-01-24,81
2018-01-25,78
2018-01-26,78
2018-01-27,61
2018-01-28,51
2018-01-29,69
2018-01-30,73
2018-01-31,80
2018-02-01,95
2018-02-02,92
2018-02-03,73
2018-02-04,50
2018-02-05,72
2018-02-06,76
2018-02-07,77
2018-02-08,82
2018-02-09,79
2018-02-10,66
2018-02-11,51
2018-02-12,78
2018-02-13,76
2018-02-14,82
2018-02-15,86
2018-02-16,86
2018-02-17,70
2018-02-18,50
2018-02-19,70
2018-02-20,79
2018-02-21,83
2018-02-22,91
2018-02-23,97
2018-02-24,71
2018-02-25,50
2018-02-26,80
2018-02-27,89
2018-02-28,83
2018-03-01,91
2018-03-02,93
2018-03-03,76
2018-03-04,57
2018-03-05,79
2018-03-06,80
2018-03-07,76
2018-03-08,75
2018-03-09,86
2018-03-10,69
2018-03-11,48
2018-03-12,70
2018-03-13,75
2018-03-14,80
2018-03-15,79
2018-03-16,70
2018-03-17,63
2018-03-18,53
2018-03-19,76
2018-03-20,78
2018-03-21,67
2018-03-22,77
2018-03-23,81
2018-03-24,62
2018-03-25,57
2018-03-26,65
2018-03-27,72
2018-03-28,74
2018-03-29,87
2018-03-30,100
2018-03-31,68
2018-04-01,48
2018-04-02,85
2018-04-03,85
2018-04-04,75
2018-04-05,79
2018-04-06,83
2018-04-07,67
2018-04-08,51
2018-04-09,68
2018-04-10,74
2018-04-11,71
2018-04-12,74
2018-04-13,91
2018-04-14,67
2018-04-15,55
2018-04-16,80
2018-04-17,74
2018-04-18,70
2018-04-19,62
2018-04-20,83
2018-04-21,60
2018-04-22,49
2018-04-23,68
2018-04-24,65
2018-04-25,69
2018-04-26,72
2018-04-27,81
2018-04-28,62
2018-04-29,50
2018-04-30,69
2018-05-01,87
2018-05-02,67
2018-05-03,84
2018-05-04,78
2018-05-05,59
2018-05-06,51
2018-05-07,65
2018-05-08,70
2018-05-09,68
2018-05-10,70
2018-05-11,77
2018-05-12,66
2018-05-13,42
2018-05-14,63
2018-05-15,75
2018-05-16,67
2018-05-17,67
2018-05-18,73
2018-05-19,54
2018-05-20,51
2018-05-21,70
2018-05-22,67
2018-05-23,70
2018-05-24,69
2018-05-25,80
2018-05-26,62
2018-05-27,46
2018-05-28,57
2018-05-29,77
2018-05-30,75
2018-05-31,88
2018-06-01,86
2018-06-02,61
2018-06-03,53
2018-06-04,78
2018-06-05,71
2018-06-06,69
2018-06-07,74
2018-06-08,80
2018-06-09,63
2018-06-10,60
2018-06-11,72
2018-06-12,65
2018-06-13,72
2018-06-14,77
2018-06-15,85
2018-06-16,61
2018-06-17,59
2018-06-18,80
2018-06-19,71
2018-06-20,74
2018-06-21,77
2018-06-22,80
2018-06-23,57
2018-06-24,48
2018-06-25,76
2018-06-26,73
2018-06-27,70
2018-06-28,84
2018-06-29,99
2018-06-30,69
2018-07-01,59
2018-07-02,85
2018-07-03,79
2018-07-04,66
2018-07-05,86
2018-07-06,85
2018-07-07,61
2018-07-08,54
2018-07-09,79
2018-07-10,74
2018-07-11,73
2018-07-12,84
2018-07-13,89
2018-07-14,62
2018-07-15,53
2018-07-16,79
2018-07-17,69
2018-07-18,71
2018-07-19,79
2018-07-20,79
2018-07-21,65
2018-07-22,55
2018-07-23,72
2018-07-24,70
2018-07-25,71
2018-07-26,71
2018-07-27,82
2018-07-28,63
2018-07-29,57
2018-07-30,70
2018-07-31,84
2018-08-01,91
2018-08-02,89
2018-08-03,98
2018-08-04,66
2018-08-05,58
2018-08-06,73
2018-08-07,83
2018-08-08,79
2018-08-09,72
2018-08-10,88
2018-08-11,65
2018-08-12,48
2018-08-13,83
2018-08-14,74
2018-08-15,82
2018-08-16,76
2018-08-17,92
2018-08-18,64
2018-08-19,47
2018-08-20,74
2018-08-21,69
2018-08-22,74
2018-08-23,76
2018-08-24,83
2018-08-25,64
2018-08-26,49
2018-08-27,67
2018-08-28,81
2018-08-29,73
2018-08-30,80
2018-08-31,95
2018-09-01,63
2018-09-02,52
2018-09-03,56
2018-09-04,84
2018-09-05,89
2018-09-06,72
2018-09-07,76
2018-09-08,63
2018-09-09,52
2018-09-10,69
2018-09-11,74
2018-09-12,70
2018-09-13,70
2018-09-14,80
2018-09-15,66
2018-09-16,57
2018-09-17,90
2018-09-18,86
2018-09-19,73
2018-09-20,70
2018-09-21,80
2018-09-22,57
2018-09-23,50
2018-09-24,78
2018-09-25,69
2018-09-26,66
2018-09-27,73
2018-09-28,89
2018-09-29,72
2018-09-30,61
2018-10-01,85
2018-10-02,78
2018-10-03,79
2018-10-04,78
2018-10-05,85
2018-10-06,61
2018-10-07,50
2018-10-08,70
2018-10-09,66
2018-10-10,76
2018-10-11,71
2018-10-12,79
2018-10-13,60
2018-10-14,51
2018-10-15,68
2018-10-16,68
2018-10-17,69
2018-10-18,70
2018-10-19,72
2018-10-20,60
2018-10-21,55
2018-10-22,67
2018-10-23,70
2018-10-24,64
2018-10-25,64
2018-10-26,75
2018-10-27,61
2018-10-28,50
2018-10-29,69
2018-10-30,72
2018-10-31,79
2018-11-01,99
2018-11-02,85
2018-11-03,67
2018-11-04,57
2018-11-05,83
2018-11-06,73
2018-11-07,63
2018-11-08,65
2018-11-09,81
2018-11-10,59
2018-11-11,52
2018-11-12,59
2018-11-13,77
2018-11-14,71
2018-11-15,76
2018-11-16,84
2018-11-17,62
2018-11-18,53
2018-11-19,73
2018-11-20,74
2018-11-21,86
2018-11-22,55
2018-11-23,71
2018-11-24,59
2018-11-25,49
2018-11-26,72
2018-11-27,63
2018-11-28,67
2018-11-29,70
2018-11-30,100
2018-12-01,70
2018-12-02,62
2018-12-03,79
2018-12-04,76
2018-12-05,73
2018-12-06,72
2018-12-07,82
2018-12-08,65
2018-12-09,53
2018-12-10,72
2018-12-11,73
2018-12-12,74
2018-12-13,84
2018-12-14,87
2018-12-15,69
2018-12-16,57
2018-12-17,67
2018-12-18,72
2018-12-19,79
2018-12-20,84
2018-12-21,88
2018-12-22,66
2018-12-23,56
2018-12-24,71
2018-12-25,36
2018-12-26,75
2018-12-27,80
2018-12-28,90
2018-12-29,70
2018-12-30,53
2018-12-31,84
2019-01-01,56
2019-01-02,86
2019-01-03,90
2019-01-04,96
2019-01-05,66
2019-01-06,48
2019-01-07,66
2019-01-08,65
2019-01-09,71
2019-01-10,74
2019-01-11,75
2019-01-12,59
2019-01-13,41
2019-01-14,70
2019-01-15,66
2019-01-16,61
2019-01-17,64
2019-01-18,79
2019-01-19,56
2019-01-20,45
2019-01-21,63
2019-01-22,62
2019-01-23,59
2019-01-24,67
2019-01-25,64
2019-01-26,54
2019-01-27,51
2019-01-28,65
2019-01-29,60
2019-01-30,59
2019-01-31,79
2019-02-01,90
2019-02-02,62
2019-02-03,43
2019-02-04,64
2019-02-05,65
2019-02-06,57
2019-02-07,78
2019-02-08,100
2019-02-09,62
2019-02-10,55
2019-02-11,62
2019-02-12,63
2019-02-13,74
2019-02-14,69
2019-02-15,79
2019-02-16,69
2019-02-17,51
2019-02-18,63
2019-02-19,62
2019-02-20,67
2019-02-21,62
2019-02-22,79
2019-02-23,63
2019-02-24,57
2019-02-25,62
2019-02-26,69
2019-02-27,75
2019-02-28,85
2019-03-01,92
2019-03-02,65
2019-03-03,58
2019-03-04,69
2019-03-05,69
2019-03-06,67
2019-03-07,63
2019-03-08,67
2019-03-09,56
2019-03-10,51
2019-03-11,69
2019-03-12,63
2019-03-13,68
2019-03-14,71
2019-03-15,81
2019-03-16,51
2019-03-17,47
2019-03-18,66
2019-03-19,60
2019-03-20,73
2019-03-21,58
2019-03-22,76
2019-03-23,51
2019-03-24,48
2019-03-25,64
2019-03-26,68
2019-03-27,66
2019-03-28,68
2019-03-29,81
2019-03-30,59
2019-03-31,51
2019-04-01,68
2019-04-02,72
2019-04-03,67
2019-04-04,75
2019-04-05,75
2019-04-06,53
2019-04-07,53
2019-04-08,67
2019-04-09,72
2019-04-10,71
2019-04-11,68
2019-04-12,70
2019-04-13,61
2019-04-14,48
2019-04-15,72
2019-04-16,66
2019-04-17,66
2019-04-18,73
2019-04-19,74
2019-04-20,60
2019-04-21,43
2019-04-22,66
2019-04-23,65
2019-04-24,62
2019-04-25,72
2019-04-26,74
2019-04-27,53
2019-04-28,51
2019-04-29,63
2019-04-30,71
2019-05-01,82
2019-05-02,75
2019-05-03,82
2019-05-04,54
2019-05-05,48
2019-05-06,67
2019-05-07,64
2019-05-08,74
2019-05-09,71
2019-05-10,70
2019-05-11,57
2019-05-12,46
2019-05-13,71
2019-05-14,73
2019-05-15,74
2019-05-16,72
2019-05-17,80
2019-05-18,59
2019-05-19,48
2019-05-20,71
2019-05-21,70
2019-05-22,67
2019-05-23,79
2019-05-24,83
2019-05-25,61
2019-05-26,47
2019-05-27,57
2019-05-28,72
2019-05-29,76
2019-05-30,71
2019-05-31,92
2019-06-01,71
2019-06-02,48
2019-06-03,83
2019-06-04,72
2019-06-05,72
2019-06-06,73
2019-06-07,90
2019-06-08,55
2019-06-09,49
2019-06-10,77
2019-06-11,75
2019-06-12,78
2019-06-13,79
2019-06-14,95
2019-06-15,68
2019-06-16,50
2019-06-17,83
2019-06-18,76
2019-06-19,80
2019-06-20,71
2019-06-21,80
2019-06-22,69
2019-06-23,48
2019-06-24,74
2019-06-25,84
2019-06-26,69
2019-06-27,90
2019-06-28,87
2019-06-29,68
2019-06-30,61
2019-07-01,90
2019-07-02,75
2019-07-03,82
2019-07-04,65
2019-07-05,86
2019-07-06,58
2019-07-07,54
2019-07-08,78
2019-07-09,73
2019-07-10,81
2019-07-11,86
2019-07-12,81
2019-07-13,61
2019-07-14,56
2019-07-15,82
2019-07-16,83
2019-07-17,65
2019-07-18,75
2019-07-19,86
2019-07-20,63
2019-07-21,56
2019-07-22,77
2019-07-23,76
2019-07-24,73
2019-07-25,75
2019-07-26,80
2019-07-27,66
2019-07-28,51
2019-07-29,73
2019-07-30,76
2019-07-31,81
2019-08-01,100
2019-08-02,94
2019-08-03,57
2019-08-04,50
2019-08-05,78
2019-08-06,71
2019-08-07,70
2019-08-08,81
2019-08-09,82
2019-08-10,63
2019-08-11,50
2019-08-12,79
2019-08-13,71
2019-08-14,83
2019-08-15,85
2019-08-16,82
2019-08-17,66
2019-08-18,52
2019-08-19,78
2019-08-20,69
2019-08-21,78
2019-08-22,75
2019-08-23,79
2019-08-24,61
2019-08-25,54
2019-08-26,65
2019-08-27,68
2019-08-28,75
2019-08-29,77
2019-08-30,90
2019-08-31,68
2019-09-01,50
2019-09-02,56
2019-09-03,79
2019-09-04,88
2019-09-05,80
2019-09-06,84
2019-09-07,64
2019-09-08,52
2019-09-09,72
2019-09-10,65
2019-09-11,70
2019-09-12,73
2019-09-13,83
2019-09-14,57
2019-09-15,50
2019-09-16,76
2019-09-17,75
2019-09-18,69
2019-09-19,64
2019-09-20,78
2019-09-21,59
2019-09-22,45
2019-09-23,67
2019-09-24,63
2019-09-25,70
2019-09-26,66
2019-09-27,85
2019-09-28,61
2019-09-29,48
2019-09-30,75
2019-10-01,86
2019-10-02,75
2019-10-03,82
2019-10-04,82
2019-10-05,70
2019-10-06,51
2019-10-07,70
2019-10-08,63
2019-10-09,74
2019-10-10,69
2019-10-11,81
2019-10-12,62
2019-10-13,53
2019-10-14,61
2019-10-15,79
2019-10-16,78
2019-10-17,70
2019-10-18,85
2019-10-19,62
2019-10-20,53
2019-10-21,66
2019-10-22,71
2019-10-23,73
2019-10-24,70
2019-10-25,68
2019-10-26,53
2019-10-27,50
2019-10-28,66
2019-10-29,62
2019-10-30,74
2019-10-31,76
2019-11-01,97
2019-11-02,64
2019-11-03,53
2019-11-04,69
2019-11-05,73
2019-11-06,75
2019-11-07,77
2019-11-08,80
2019-11-09,57
2019-11-10,53
2019-11-11,56
2019-11-12,68
2019-11-13,79
2019-11-14,70
2019-11-15,88
2019-11-16,58
2019-11-17,49
2019-11-18,68
2019-11-19,62
2019-11-20,72
2019-11-21,70
2019-11-22,76
2019-11-23,58
2019-11-24,49
2019-11-25,70
2019-11-26,75
2019-11-27,80
2019-11-28,57
2019-11-29,74
2019-11-30,59
2019-12-01,53
2019-12-02,81
2019-12-03,84
2019-12-04,74
2019-12-05,81
2019-12-06,74
2019-12-07,58
2019-12-08,54
2019-12-09,65
2019-12-10,69
2019-12-11,69
2019-12-12,76
2019-12-13,85
2019-12-14,71
2019-12-15,46
2019-12-16,75
2019-12-17,68
2019-12-18,72
2019-12-19,73
2019-12-20,92
2019-12-21,76
2019-12-22,47
2019-12-23,85
2019-12-24,77
2019-12-25,41
2019-12-26,70
2019-12-27,85
2019-12-28,62
2019-12-29,46
2019-12-30,71
2019-12-31,90
2020-01-01,61
2020-01-02,84
2020-01-03,96
2020-01-04,68
2020-01-05,55
2020-01-06,71
2020-01-07,83
2020-01-08,75
2020-01-09,76
2020-01-10,42
2020-01-11,30
2020-01-12,23
2020-01-13,36
2020-01-14,35
2020-01-15,41
2020-01-16,37
2020-01-17,37
2020-01-18,30
2020-01-19,25
2020-01-20,31
2020-01-21,36
2020-01-22,36
2020-01-23,37
2020-01-24,41
2020-01-25,29
2020-01-26,24
2020-01-27,34
2020-01-28,33
2020-01-29,33
2020-01-30,35
2020-01-31,41
2020-02-01,34
2020-02-02,25
2020-02-03,36
2020-02-04,36
2020-02-05,39
2020-02-06,35
2020-02-07,46
2020-02-08,34
2020-02-09,26
2020-02-10,34
2020-02-11,36
2020-02-12,34
2020-02-13,37
2020-02-14,43
2020-02-15,35
2020-02-16,26
2020-02-17,31
2020-02-18,35
2020-02-19,40
2020-02-20,39
2020-02-21,42
2020-02-22,34
2020-02-23,24
2020-02-24,37
2020-02-25,39
2020-02-26,35
2020-02-27,33
2020-02-28,43
2020-02-29,34
2020-03-01,24
2020-03-02,41
2020-03-03,43
2020-03-04,34
2020-03-05,36
2020-03-06,42
2020-03-07,32
2020-03-08,25
2020-03-09,37
2020-03-10,34
2020-03-11,38
2020-03-12,35
2020-03-13,40
2020-03-14,30
2020-03-15,23
2020-03-16,35
2020-03-17,33
2020-03-18,32
2020-03-19,32
2020-03-20,41
2020-03-21,29
2020-03-22,25
2020-03-23,31
2020-03-24,31
2020-03-25,34
2020-03-26,34
2020-03-27,38
2020-03-28,27
2020-03-29,20
2020-03-30,32
2020-03-31,37
2020-04-01,40
2020-04-02,36
2020-04-03,42
2020-04-04,31
2020-04-05,23
2020-04-06,35
2020-04-07,33
2020-04-08,34
2020-04-09,39
2020-04-10,48
2020-04-11,36
2020-04-12,33
2020-04-13,64
2020-04-14,66
2020-04-15,100
2020-04-16,60
2020-04-17,54
2020-04-18,40
2020-04-19,27
2020-04-20,42
2020-04-21,41
2020-04-22,43
2020-04-23,38
2020-04-24,42
2020-04-25,29
2020-04-26,24
2020-04-27,38
2020-04-28,37
2020-04-29,43
2020-04-30,43
2020-05-01,46
2020-05-02,32
2020-05-03,25
2020-05-04,44
2020-05-05,40
2020-05-06,36
2020-05-07,34
2020-05-08,39
2020-05-09,29
2020-05-10,21
2020-05-11,37
2020-05-12,34
2020-05-13,36
2020-05-14,32
2020-05-15,37
2020-05-16,31
2020-05-17,25
2020-05-18,35
2020-05-19,34
2020-05-20,34
2020-05-21,33
2020-05-22,33
2020-05-23,25
2020-05-24,26
2020-05-25,24
2020-05-26,35
2020-05-27,35
2020-05-28,39
2020-05-29,41
2020-05-30,26
2020-05-31,20
2020-06-01,36
2020-06-02,35
2020-06-03,34
2020-06-04,33
2020-06-05,37
2020-06-06,27
2020-06-07,25
2020-06-08,34
2020-06-09,35
2020-06-10,52
2020-06-11,52
2020-06-12,53
2020-06-13,41
2020-06-14,33
2020-06-15,49
2020-06-16,59
2020-06-17,52
2020-06-18,51
2020-06-19,54
2020-06-20,42
2020-06-21,33
2020-06-22,52
2020-06-23,59
2020-06-24,49
2020-06-25,58
2020-06-26,58
2020-06-27,44
2020-06-28,39
2020-06-29,57
2020-06-30,67
2020-07-01,68
2020-07-02,72
2020-07-03,65
2020-07-04,41
2020-07-05,41
2020-07-06,57
2020-07-07,58
2020-07-08,58
2020-07-09,64
2020-07-10,61
2020-07-11,47
2020-07-12,38
2020-07-13,57
2020-07-14,60
2020-07-15,58
2020-07-16,57
2020-07-17,57
2020-07-18,36
2020-07-19,40
2020-07-20,51
2020-07-21,46
2020-07-22,50
2020-07-23,54
2020-07-24,53
2020-07-25,41
2020-07-26,34
2020-07-27,48
2020-07-28,52
2020-07-29,48
2020-07-30,52
2020-07-31,63
2020-08-01,50
2020-08-02,39
2020-08-03,60
2020-08-04,50
2020-08-05,51
2020-08-06,50
2020-08-07,50
2020-08-08,44
2020-08-09,37
2020-08-10,50
2020-08-11,49
2020-08-12,49
2020-08-13,48
2020-08-14,52
2020-08-15,37
2020-08-16,29
2020-08-17,47
2020-08-18,48
2020-08-19,47
2020-08-20,47
2020-08-21,53
2020-08-22,36
2020-08-23,33
2020-08-24,45
2020-08-25,42
2020-08-26,44
2020-08-27,44
2020-08-28,51
2020-08-29,43
2020-08-30,35
2020-08-31,56
2020-09-01,58
2020-09-02,51
2020-09-03,55
2020-09-04,60
2020-09-05,45
2020-09-06,33
2020-09-07,42
2020-09-08,52
2020-09-09,49
2020-09-10,52
2020-09-11,49
2020-09-12,40
2020-09-13,35
2020-09-14,48
2020-09-15,47
2020-09-16,45
2020-09-17,52
2020-09-18,53
2020-09-19,39
2020-09-20,34
2020-09-21,47
2020-09-22,41
2020-09-23,45
2020-09-24,53
2020-09-25,52
2020-09-26,39
2020-09-27,34
2020-09-28,45
2020-09-29,46
2020-09-30,58
2020-10-01,68
2020-10-02,57
2020-10-03,44
2020-10-04,36
2020-10-05,51
2020-10-06,52
2020-10-07,54
2020-10-08,51
2020-10-09,58
2020-10-10,42
2020-10-11,40
2020-10-12,47
2020-10-13,46
2020-10-14,58
2020-10-15,57
2020-10-16,55
2020-10-17,44
2020-10-18,30
2020-10-19,45
2020-10-20,51
2020-10-21,51
2020-10-22,52
2020-10-23,53
2020-10-24,40
2020-10-25,38
2020-10-26,52
2020-10-27,45
2020-10-28,52
2020-10-29,52
2020-10-30,65
2020-10-31,45
2020-11-01,37
2020-11-02,58
2020-11-03,53
2020-11-04,32
2020-11-05,45
2020-11-06,51
2020-11-07,32
2020-11-08,30
2020-11-09,50
2020-11-10,47
2020-11-11,47
2020-11-12,50
2020-11-13,57
2020-11-14,45
2020-11-15,35
2020-11-16,47
2020-11-17,49
2020-11-18,52
2020-11-19,49
2020-11-20,57
2020-11-21,39
2020-11-22,31
2020-11-23,51
2020-11-24,54
2020-11-25,58
2020-11-26,34
2020-11-27,56
2020-11-28,44
2020-11-29,33
2020-11-30,55
2020-12-01,63
2020-12-02,58
2020-12-03,57
2020-12-04,60
2020-12-05,47
2020-12-06,39
2020-12-07,54
2020-12-08,54
2020-12-09,50
2020-12-10,57
2020-12-11,57
2020-12-12,40
2020-12-13,37
2020-12-14,56
2020-12-15,57
2020-12-16,51
2020-12-17,54
2020-12-18,55
2020-12-19,39
2020-12-20,38
2020-12-21,49
2020-12-22,47
2020-12-23,61
2020-12-24,55
2020-12-25,26
2020-12-26,44
2020-12-27,31
2020-12-28,48
2020-12-29,64
2020-12-30,100
2020-12-31,90
2021-01-01,76
2021-01-02,71
2021-01-03,56
2021-01-04,88
2021-01-05,74
2021-01-06,58
2021-01-07,64
2021-01-08,73
2021-01-09,50
2021-01-10,38
2021-01-11,55
2021-01-12,53
2021-01-13,54
2021-01-14,57
2021-01-15,63
2021-01-16,48
2021-01-17,33
2021-01-18,47
2021-01-19,50
2021-01-20,50
2021-01-21,53
2021-01-22,64
2021-01-23,47
2021-01-24,37
2021-01-25,50
2021-01-26,50
2021-01-27,55
2021-01-28,52
2021-01-29,55
2021-01-30,49
2021-01-31,39
2021-02-01,56
2021-02-02,53
2021-02-03,61
2021-02-04,56
2021-02-05,61
2021-02-06,51
2021-02-07,38
2021-02-08,49
2021-02-09,56
2021-02-10,52
2021-02-11,50
2021-02-12,60
2021-02-13,45
2021-02-14,35
2021-02-15,47
2021-02-16,55
2021-02-17,59
2021-02-18,51
2021-02-19,60
2021-02-20,47
2021-02-21,35
2021-02-22,55
2021-02-23,50
2021-02-24,53
2021-02-25,54
2021-02-26,72
2021-02-27,49
2021-02-28,44
2021-03-01,68
2021-03-02,67
2021-03-03,59
2021-03-04,55
2021-03-05,65
2021-03-06,50
2021-03-07,40
2021-03-08,55
2021-03-09,57
2021-03-10,60
2021-03-11,56
2021-03-12,72
2021-03-13,95
2021-03-14,61
2021-03-15,79
2021-03-16,80
2021-03-17,100
2021-03-18,78
2021-03-19,67
2021-03-20,53
2021-03-21,41
2021-03-22,59
2021-03-23,59
2021-03-24,66
2021-03-25,61
2021-03-26,56
2021-03-27,46
2021-03-28,34
2021-03-29,54
2021-03-30,56
2021-03-31,64
2021-04-01,66
2021-04-02,62
2021-04-03,45
2021-04-04,32
2021-04-05,63
2021-04-06,59
2021-04-07,62
2021-04-08,61
2021-04-09,58
2021-04-10,42
2021-04-11,41
2021-04-12,54
2021-04-13,49
2021-04-14,55
2021-04-15,58
2021-04-16,62
2021-04-17,47
2021-04-18,36
2021-04-19,56
2021-04-20,53
2021-04-21,54
2021-04-22,58
2021-04-23,55
2021-04-24,41
2021-04-25,33
2021-04-26,49
2021-04-27,55
2021-04-28,57
2021-04-29,56
2021-04-30,67
2021-05-01,46
2021-05-02,38
2021-05-03,57
2021-05-04,55
2021-05-05,63
2021-05-06,60
2021-05-07,65
2021-05-08,42
2021-05-09,34
2021-05-10,53
2021-05-11,56
2021-05-12,58
2021-05-13,58
2021-05-14,60
2021-05-15,40
2021-05-16,39
2021-05-17,54
2021-05-18,46
2021-05-19,49
2021-05-20,54
2021-05-21,52
2021-05-22,40
2021-05-23,34
2021-05-24,48
2021-05-25,50
2021-05-26,55
2021-05-27,54
2021-05-28,63
2021-05-29,45
2021-05-30,33
2021-05-31,37
2021-06-01,65
2021-06-02,61
2021-06-03,59
2021-06-04,56
2021-06-05,46
2021-06-06,34
2021-06-07,51
2021-06-08,55
2021-06-09,56
2021-06-10,76
2021-06-11,85
2021-06-12,63
2021-06-13,46
2021-06-14,70
2021-06-15,81
2021-06-16,71
2021-06-17,77
2021-06-18,80
2021-06-19,54
2021-06-20,39
2021-06-21,71
2021-06-22,71
2021-06-23,74
2021-06-24,73
2021-06-25,73
2021-06-26,53
2021-06-27,45
2021-06-28,72
2021-06-29,68
2021-06-30,87
2021-07-01,84
2021-07-02,91
2021-07-03,55
2021-07-04,49
2021-07-05,62
2021-07-06,72
2021-07-07,84
2021-07-08,81
2021-07-09,73
2021-07-10,62
2021-07-11,45
2021-07-12,74
2021-07-13,75
2021-07-14,84
2021-07-15,86
2021-07-16,91
2021-07-17,57
2021-07-18,49
2021-07-19,68
2021-07-20,73
2021-07-21,76
2021-07-22,80
2021-07-23,76
2021-07-24,50
2021-07-25,44
2021-07-26,78
2021-07-27,78
2021-07-28,72
2021-07-29,72
2021-07-30,78
2021-07-31,57
2021-08-01,53
2021-08-02,80
2021-08-03,78
2021-08-04,73
2021-08-05,69
2021-08-06,78
2021-08-07,57
2021-08-08,45
2021-08-09,64
2021-08-10,70
2021-08-11,70
2021-08-12,73
2021-08-13,85
2021-08-14,60
2021-08-15,43
2021-08-16,72
2021-08-17,75
2021-08-18,82
2021-08-19,72
2021-08-20,67
2021-08-21,53
2021-08-22,47
2021-08-23,69
2021-08-24,63
2021-08-25,69
2021-08-26,73
2021-08-27,72
2021-08-28,61
2021-08-29,47
2021-08-30,64
2021-08-31,74
2021-09-01,86
2021-09-02,79
2021-09-03,85
2021-09-04,50
2021-09-05,49
2021-09-06,51
2021-09-07,78
2021-09-08,70
2021-09-09,82
2021-09-10,79
2021-09-11,56
2021-09-12,41
2021-09-13,61
2021-09-14,68
2021-09-15,80
2021-09-16,75
2021-09-17,73
2021-09-18,54
2021-09-19,51
2021-09-20,67
2021-09-21,74
2021-09-22,75
2021-09-23,68
2021-09-24,77
2021-09-25,56
2021-09-26,42
2021-09-27,64
2021-09-28,65
2021-09-29,80
2021-09-30,68
2021-10-01,100
2021-10-02,55
2021-10-03,42
2021-10-04,78
2021-10-05,63
2021-10-06,72
2021-10-07,66
2021-10-08,77