Daily,VIX:(United States)
2004-01-01,0
2004-01-02,0
2004-01-03,0
2004-01-04,0
2004-01-05,0
2004-01-06,0
2004-01-07,0
2004-01-08,0
2004-01-09,0
2004-01-10,0
2004-01-11,0
2004-01-12,0
2004-01-13,0
2004-01-14,0
2004-01-15,0
2004-01-16,62
2004-01-17,0
2004-01-18,0
2004-01-19,0
2004-01-20,0
2004-01-21,0
2004-01-22,0
2004-01-23,0
2004-01-24,0
2004-01-25,0
2004-01-26,56
2004-01-27,0
2004-01-28,0
2004-01-29,0
2004-01-30,0
2004-01-31,0
2004-02-01,0
2004-02-02,0
2004-02-03,0
2004-02-04,0
2004-02-05,0
2004-02-06,0
2004-02-07,0
2004-02-08,0
2004-02-09,0
2004-02-10,0
2004-02-11,0
2004-02-12,0
2004-02-13,0
2004-02-14,0
2004-02-15,0
2004-02-16,0
2004-02-17,0
2004-02-18,0
2004-02-19,0
2004-02-20,0
2004-02-21,0
2004-02-22,0
2004-02-23,0
2004-02-24,0
2004-02-25,0
2004-02-26,0
2004-02-27,0
2004-02-28,0
2004-02-29,0
2004-03-01,0
2004-03-02,0
2004-03-03,0
2004-03-04,0
2004-03-05,0
2004-03-06,0
2004-03-07,0
2004-03-08,0
2004-03-09,0
2004-03-10,0
2004-03-11,0
2004-03-12,0
2004-03-13,0
2004-03-14,0
2004-03-15,0
2004-03-16,0
2004-03-17,0
2004-03-18,0
2004-03-19,0
2004-03-20,0
2004-03-21,0
2004-03-22,0
2004-03-23,0
2004-03-24,0
2004-03-25,0
2004-03-26,0
2004-03-27,0
2004-03-28,0
2004-03-29,53
2004-03-30,0
2004-03-31,0
2004-04-01,0
2004-04-02,0
2004-04-03,0
2004-04-04,0
2004-04-05,0
2004-04-06,0
2004-04-07,0
2004-04-08,0
2004-04-09,0
2004-04-10,0
2004-04-11,0
2004-04-12,0
2004-04-13,0
2004-04-14,0
2004-04-15,0
2004-04-16,0
2004-04-17,0
2004-04-18,0
2004-04-19,0
2004-04-20,0
2004-04-21,0
2004-04-22,0
2004-04-23,0
2004-04-24,0
2004-04-25,0
2004-04-26,0
2004-04-27,0
2004-04-28,0
2004-04-29,0
2004-04-30,0
2004-05-01,0
2004-05-02,0
2004-05-03,0
2004-05-04,0
2004-05-05,0
2004-05-06,0
2004-05-07,0
2004-05-08,0
2004-05-09,0
2004-05-10,0
2004-05-11,0
2004-05-12,0
2004-05-13,50
2004-05-14,0
2004-05-15,0
2004-05-16,0
2004-05-17,0
2004-05-18,0
2004-05-19,0
2004-05-20,0
2004-05-21,0
2004-05-22,0
2004-05-23,0
2004-05-24,0
2004-05-25,0
2004-05-26,0
2004-05-27,0
2004-05-28,0
2004-05-29,100
2004-05-30,0
2004-05-31,0
2004-06-01,0
2004-06-02,0
2004-06-03,0
2004-06-04,0
2004-06-05,0
2004-06-06,0
2004-06-07,0
2004-06-08,0
2004-06-09,0
2004-06-10,0
2004-06-11,0
2004-06-12,0
2004-06-13,0
2004-06-14,59
2004-06-15,0
2004-06-16,0
2004-06-17,0
2004-06-18,0
2004-06-19,0
2004-06-20,0
2004-06-21,0
2004-06-22,0
2004-06-23,0
2004-06-24,0
2004-06-25,0
2004-06-26,0
2004-06-27,0
2004-06-28,0
2004-06-29,0
2004-06-30,0
2004-07-01,0
2004-07-02,0
2004-07-03,0
2004-07-04,0
2004-07-05,0
2004-07-06,0
2004-07-07,0
2004-07-08,0
2004-07-09,0
2004-07-10,0
2004-07-11,0
2004-07-12,0
2004-07-13,0
2004-07-14,0
2004-07-15,0
2004-07-16,0
2004-07-17,0
2004-07-18,0
2004-07-19,0
2004-07-20,0
2004-07-21,0
2004-07-22,0
2004-07-23,0
2004-07-24,0
2004-07-25,0
2004-07-26,0
2004-07-27,0
2004-07-28,0
2004-07-29,0
2004-07-30,0
2004-07-31,0
2004-08-01,0
2004-08-02,0
2004-08-03,0
2004-08-04,0
2004-08-05,0
2004-08-06,0
2004-08-07,0
2004-08-08,0
2004-08-09,0
2004-08-10,58
2004-08-11,0
2004-08-12,0
2004-08-13,0
2004-08-14,0
2004-08-15,0
2004-08-16,0
2004-08-17,58
2004-08-18,0
2004-08-19,0
2004-08-20,0
2004-08-21,0
2004-08-22,0
2004-08-23,0
2004-08-24,55
2004-08-25,0
2004-08-26,0
2004-08-27,0
2004-08-28,0
2004-08-29,0
2004-08-30,0
2004-08-31,0
2004-09-01,0
2004-09-02,0
2004-09-03,0
2004-09-04,0
2004-09-05,0
2004-09-06,0
2004-09-07,0
2004-09-08,0
2004-09-09,0
2004-09-10,0
2004-09-11,0
2004-09-12,87
2004-09-13,0
2004-09-14,0
2004-09-15,0
2004-09-16,0
2004-09-17,0
2004-09-18,0
2004-09-19,0
2004-09-20,0
2004-09-21,0
2004-09-22,0
2004-09-23,0
2004-09-24,0
2004-09-25,0
2004-09-26,0
2004-09-27,0
2004-09-28,0
2004-09-29,100
2004-09-30,0
2004-10-01,0
2004-10-02,0
2004-10-03,0
2004-10-04,0
2004-10-05,0
2004-10-06,0
2004-10-07,0
2004-10-08,0
2004-10-09,0
2004-10-10,40
2004-10-11,0
2004-10-12,0
2004-10-13,0
2004-10-14,0
2004-10-15,0
2004-10-16,0
2004-10-17,0
2004-10-18,0
2004-10-19,0
2004-10-20,0
2004-10-21,0
2004-10-22,0
2004-10-23,0
2004-10-24,0
2004-10-25,0
2004-10-26,0
2004-10-27,0
2004-10-28,0
2004-10-29,100
2004-10-30,0
2004-10-31,0
2004-11-01,0
2004-11-02,0
2004-11-03,0
2004-11-04,22
2004-11-05,0
2004-11-06,0
2004-11-07,0
2004-11-08,0
2004-11-09,0
2004-11-10,0
2004-11-11,0
2004-11-12,0
2004-11-13,0
2004-11-14,0
2004-11-15,0
2004-11-16,0
2004-11-17,0
2004-11-18,0
2004-11-19,0
2004-11-20,0
2004-11-21,0
2004-11-22,0
2004-11-23,0
2004-11-24,0
2004-11-25,0
2004-11-26,0
2004-11-27,0
2004-11-28,0
2004-11-29,0
2004-11-30,0
2004-12-01,0
2004-12-02,0
2004-12-03,0
2004-12-04,0
2004-12-05,0
2004-12-06,0
2004-12-07,0
2004-12-08,0
2004-12-09,0
2004-12-10,0
2004-12-11,0
2004-12-12,0
2004-12-13,0
2004-12-14,0
2004-12-15,21
2004-12-16,0
2004-12-17,0
2004-12-18,0
2004-12-19,0
2004-12-20,0
2004-12-21,0
2004-12-22,0
2004-12-23,0
2004-12-24,0
2004-12-25,0
2004-12-26,0
2004-12-27,0
2004-12-28,0
2004-12-29,0
2004-12-30,26
2004-12-31,0
2005-01-01,0
2005-01-02,0
2005-01-03,0
2005-01-04,0
2005-01-05,0
2005-01-06,0
2005-01-07,0
2005-01-08,0
2005-01-08,0
2005-01-09,0
2005-01-10,0
2005-01-11,0
2005-01-12,0
2005-01-13,0
2005-01-14,0
2005-01-15,0
2005-01-16,0
2005-01-17,0
2005-01-18,0
2005-01-19,0
2005-01-20,0
2005-01-21,0
2005-01-22,0
2005-01-23,0
2005-01-24,0
2005-01-25,0
2005-01-26,0
2005-01-27,0
2005-01-28,0
2005-01-29,0
2005-01-30,0
2005-01-31,0
2005-02-01,0
2005-02-02,0
2005-02-03,0
2005-02-04,0
2005-02-05,0
2005-02-06,0
2005-02-07,0
2005-02-08,0
2005-02-09,0
2005-02-10,0
2005-02-11,64
2005-02-12,0
2005-02-13,0
2005-02-14,0
2005-02-15,0
2005-02-16,0
2005-02-17,0
2005-02-18,0
2005-02-19,0
2005-02-20,0
2005-02-21,0
2005-02-22,0
2005-02-23,0
2005-02-24,0
2005-02-25,0
2005-02-26,0
2005-02-27,0
2005-02-28,0
2005-03-01,0
2005-03-02,0
2005-03-03,64
2005-03-04,0
2005-03-05,0
2005-03-06,0
2005-03-07,0
2005-03-08,0
2005-03-09,0
2005-03-10,0
2005-03-11,0
2005-03-12,0
2005-03-13,0
2005-03-14,0
2005-03-15,0
2005-03-16,0
2005-03-17,0
2005-03-18,0
2005-03-19,100
2005-03-20,0
2005-03-21,0
2005-03-22,0
2005-03-23,0
2005-03-24,0
2005-03-25,0
2005-03-26,0
2005-03-27,0
2005-03-28,0
2005-03-29,0
2005-03-30,0
2005-03-31,0
2005-04-01,0
2005-04-02,0
2005-04-03,0
2005-04-04,0
2005-04-05,0
2005-04-06,0
2005-04-07,0
2005-04-08,0
2005-04-09,0
2005-04-10,0
2005-04-11,0
2005-04-12,0
2005-04-13,0
2005-04-14,61
2005-04-15,0
2005-04-16,0
2005-04-17,0
2005-04-18,0
2005-04-19,0
2005-04-20,0
2005-04-21,62
2005-04-22,0
2005-04-23,0
2005-04-24,0
2005-04-25,0
2005-04-26,57
2005-04-27,0
2005-04-28,0
2005-04-29,0
2005-04-30,0
2005-05-01,0
2005-05-02,0
2005-05-03,0
2005-05-04,0
2005-05-05,0
2005-05-06,0
2005-05-07,0
2005-05-08,0
2005-05-09,0
2005-05-10,0
2005-05-11,0
2005-05-12,0
2005-05-13,0
2005-05-14,0
2005-05-15,0
2005-05-16,0
2005-05-17,0
2005-05-18,0
2005-05-19,0
2005-05-20,0
2005-05-21,0
2005-05-22,0
2005-05-23,0
2005-05-24,0
2005-05-25,0
2005-05-26,0
2005-05-27,0
2005-05-28,0
2005-05-29,0
2005-05-30,0
2005-05-31,0
2005-06-01,0
2005-06-02,0
2005-06-03,0
2005-06-04,0
2005-06-05,0
2005-06-06,0
2005-06-07,58
2005-06-08,0
2005-06-09,0
2005-06-10,0
2005-06-11,0
2005-06-12,0
2005-06-13,0
2005-06-14,61
2005-06-15,0
2005-06-16,0
2005-06-17,0
2005-06-18,0
2005-06-19,0
2005-06-20,62
2005-06-21,0
2005-06-22,0
2005-06-23,0
2005-06-24,0
2005-06-25,0
2005-06-26,0
2005-06-27,0
2005-06-28,0
2005-06-29,0
2005-06-30,0
2005-07-01,0
2005-07-02,0
2005-07-03,0
2005-07-04,0
2005-07-05,0
2005-07-06,0
2005-07-07,0
2005-07-08,0
2005-07-09,100
2005-07-10,0
2005-07-11,0
2005-07-12,0
2005-07-13,0
2005-07-14,0
2005-07-15,0
2005-07-16,0
2005-07-17,0
2005-07-18,0
2005-07-19,0
2005-07-20,0
2005-07-21,0
2005-07-22,0
2005-07-23,0
2005-07-24,0
2005-07-25,0
2005-07-26,58
2005-07-27,0
2005-07-28,0
2005-07-29,0
2005-07-30,0
2005-07-31,0
2005-08-01,0
2005-08-02,0
2005-08-03,0
2005-08-04,0
2005-08-05,0
2005-08-06,0
2005-08-07,0
2005-08-08,0
2005-08-09,0
2005-08-10,0
2005-08-11,0
2005-08-12,0
2005-08-13,0
2005-08-14,0
2005-08-15,0
2005-08-16,0
2005-08-17,0
2005-08-18,0
2005-08-19,0
2005-08-20,0
2005-08-21,0
2005-08-22,0
2005-08-23,0
2005-08-24,0
2005-08-25,0
2005-08-26,0
2005-08-27,0
2005-08-28,0
2005-08-29,0
2005-08-30,0
2005-08-31,0
2005-09-01,0
2005-09-02,64
2005-09-03,0
2005-09-04,0
2005-09-05,0
2005-09-06,0
2005-09-07,0
2005-09-08,0
2005-09-09,0
2005-09-10,0
2005-09-11,87
2005-09-12,0
2005-09-13,0
2005-09-14,0
2005-09-15,0
2005-09-16,0
2005-09-17,0
2005-09-18,0
2005-09-19,0
2005-09-20,0
2005-09-21,0
2005-09-22,0
2005-09-23,0
2005-09-24,0
2005-09-25,0
2005-09-26,0
2005-09-27,0
2005-09-28,0
2005-09-29,0
2005-09-30,0
2005-10-01,0
2005-10-02,0
2005-10-03,0
2005-10-04,0
2005-10-05,0
2005-10-06,0
2005-10-07,0
2005-10-08,0
2005-10-09,0
2005-10-10,53
2005-10-11,0
2005-10-12,0
2005-10-13,0
2005-10-14,0
2005-10-15,0
2005-10-16,0
2005-10-17,0
2005-10-18,0
2005-10-19,0
2005-10-20,0
2005-10-21,0
2005-10-22,0
2005-10-23,0
2005-10-24,0
2005-10-25,0
2005-10-26,0
2005-10-27,51
2005-10-28,0
2005-10-29,0
2005-10-30,0
2005-10-31,0
2005-11-01,0
2005-11-02,0
2005-11-03,0
2005-11-04,0
2005-11-05,0
2005-11-06,0
2005-11-07,0
2005-11-08,0
2005-11-09,0
2005-11-10,0
2005-11-11,0
2005-11-12,0
2005-11-13,0
2005-11-14,0
2005-11-15,0
2005-11-16,0
2005-11-17,0
2005-11-18,0
2005-11-19,0
2005-11-20,0
2005-11-21,0
2005-11-22,0
2005-11-23,0
2005-11-24,0
2005-11-25,0
2005-11-26,0
2005-11-27,0
2005-11-28,0
2005-11-29,0
2005-11-30,0
2005-12-01,0
2005-12-02,0
2005-12-03,0
2005-12-04,0
2005-12-05,0
2005-12-06,0
2005-12-07,45
2005-12-08,0
2005-12-09,0
2005-12-10,0
2005-12-11,0
2005-12-12,0
2005-12-13,0
2005-12-14,0
2005-12-15,0
2005-12-16,0
2005-12-17,0
2005-12-18,0
2005-12-19,0
2005-12-20,0
2005-12-21,0
2005-12-22,0
2005-12-23,0
2005-12-24,0
2005-12-25,0
2005-12-26,0
2005-12-27,0
2005-12-28,0
2005-12-29,0
2005-12-30,0
2005-12-31,78
2006-01-01,0
2006-01-02,0
2006-01-03,0
2006-01-04,0
2006-01-05,0
2006-01-06,0
2006-01-07,0
2006-01-08,0
2006-01-09,46
2006-01-10,0
2006-01-11,0
2006-01-12,0
2006-01-13,0
2006-01-14,0
2006-01-15,0
2006-01-16,0
2006-01-17,0
2006-01-18,0
2006-01-19,0
2006-01-20,0
2006-01-21,0
2006-01-22,82
2006-01-23,0
2006-01-24,0
2006-01-25,0
2006-01-26,0
2006-01-27,0
2006-01-28,0
2006-01-29,0
2006-01-30,0
2006-01-31,0
2006-02-01,0
2006-02-02,52
2006-02-03,0
2006-02-04,0
2006-02-05,0
2006-02-06,0
2006-02-07,0
2006-02-08,0
2006-02-09,0
2006-02-10,0
2006-02-11,0
2006-02-12,0
2006-02-13,0
2006-02-14,0
2006-02-15,0
2006-02-16,0
2006-02-17,55
2006-02-18,0
2006-02-19,0
2006-02-20,0
2006-02-21,0
2006-02-22,0
2006-02-23,0
2006-02-24,0
2006-02-25,0
2006-02-26,0
2006-02-27,0
2006-02-28,0
2006-03-01,0
2006-03-02,0
2006-03-03,53
2006-03-04,0
2006-03-05,0
2006-03-06,0
2006-03-07,0
2006-03-08,0
2006-03-09,0
2006-03-10,0
2006-03-11,0
2006-03-12,0
2006-03-13,0
2006-03-14,0
2006-03-15,0
2006-03-16,0
2006-03-17,0
2006-03-18,0
2006-03-19,0
2006-03-20,0
2006-03-21,0
2006-03-22,0
2006-03-23,0
2006-03-24,0
2006-03-25,0
2006-03-26,0
2006-03-27,0
2006-03-28,0
2006-03-29,0
2006-03-30,0
2006-03-31,0
2006-04-01,0
2006-04-02,0
2006-04-03,0
2006-04-04,0
2006-04-05,49
2006-04-06,0
2006-04-07,0
2006-04-08,0
2006-04-09,0
2006-04-10,0
2006-04-11,0
2006-04-12,50
2006-04-13,0
2006-04-14,0
2006-04-15,0
2006-04-16,0
2006-04-17,0
2006-04-18,0
2006-04-19,0
2006-04-20,0
2006-04-21,0
2006-04-22,0
2006-04-23,76
2006-04-24,0
2006-04-25,0
2006-04-26,0
2006-04-27,0
2006-04-28,0
2006-04-29,0
2006-04-30,0
2006-05-01,0
2006-05-02,0
2006-05-03,0
2006-05-04,0
2006-05-05,0
2006-05-06,0
2006-05-07,0
2006-05-08,0
2006-05-09,0
2006-05-10,0
2006-05-11,0
2006-05-12,0
2006-05-13,0
2006-05-14,0
2006-05-15,0
2006-05-16,0
2006-05-17,0
2006-05-18,100
2006-05-19,0
2006-05-20,84
2006-05-21,0
2006-05-22,49
2006-05-23,0
2006-05-24,0
2006-05-25,0
2006-05-26,55
2006-05-27,0
2006-05-28,0
2006-05-29,0
2006-05-30,0
2006-05-31,0
2006-06-01,0
2006-06-02,0
2006-06-03,0
2006-06-04,0
2006-06-05,0
2006-06-06,0
2006-06-07,0
2006-06-08,0
2006-06-09,0
2006-06-10,0
2006-06-11,0
2006-06-12,0
2006-06-13,0
2006-06-14,0
2006-06-15,0
2006-06-16,0
2006-06-17,0
2006-06-18,0
2006-06-19,0
2006-06-20,0
2006-06-21,0
2006-06-22,0
2006-06-23,0
2006-06-24,0
2006-06-25,0
2006-06-26,0
2006-06-27,0
2006-06-28,0
2006-06-29,0
2006-06-30,0
2006-07-01,0
2006-07-02,0
2006-07-03,0
2006-07-04,0
2006-07-05,0
2006-07-06,0
2006-07-07,0
2006-07-08,0
2006-07-09,0
2006-07-10,0
2006-07-11,0
2006-07-12,0
2006-07-13,0
2006-07-14,0
2006-07-15,0
2006-07-16,0
2006-07-17,0
2006-07-18,59
2006-07-19,0
2006-07-20,0
2006-07-21,0
2006-07-22,0
2006-07-23,0
2006-07-24,0
2006-07-25,0
2006-07-26,0
2006-07-27,0
2006-07-28,0
2006-07-29,0
2006-07-30,0
2006-07-31,0
2006-08-01,0
2006-08-02,0
2006-08-03,0
2006-08-04,0
2006-08-05,0
2006-08-06,0
2006-08-07,0
2006-08-08,0
2006-08-09,0
2006-08-10,0
2006-08-11,0
2006-08-12,0
2006-08-13,0
2006-08-14,0
2006-08-15,0
2006-08-16,0
2006-08-17,0
2006-08-18,0
2006-08-19,0
2006-08-20,0
2006-08-21,0
2006-08-22,0
2006-08-23,0
2006-08-24,0
2006-08-25,0
2006-08-26,0
2006-08-27,85
2006-08-28,0
2006-08-29,54
2006-08-30,0
2006-08-31,0
2006-09-01,0
2006-09-02,0
2006-09-03,0
2006-09-04,0
2006-09-05,0
2006-09-06,0
2006-09-07,0
2006-09-08,0
2006-09-09,0
2006-09-10,0
2006-09-11,0
2006-09-12,0
2006-09-13,0
2006-09-14,54
2006-09-15,0
2006-09-16,0
2006-09-17,0
2006-09-18,0
2006-09-19,0
2006-09-20,0
2006-09-21,0
2006-09-22,0
2006-09-23,0
2006-09-24,0
2006-09-25,0
2006-09-26,51
2006-09-27,0
2006-09-28,0
2006-09-29,0
2006-09-30,0
2006-10-01,0
2006-10-02,0
2006-10-03,0
2006-10-04,0
2006-10-05,0
2006-10-06,0
2006-10-07,0
2006-10-08,0
2006-10-09,0
2006-10-10,0
2006-10-11,0
2006-10-12,0
2006-10-13,0
2006-10-14,0
2006-10-15,0
2006-10-16,0
2006-10-17,0
2006-10-18,50
2006-10-19,0
2006-10-20,0
2006-10-21,0
2006-10-22,0
2006-10-23,0
2006-10-24,0
2006-10-25,0
2006-10-26,51
2006-10-27,0
2006-10-28,0
2006-10-29,80
2006-10-30,0
2006-10-31,50
2006-11-01,0
2006-11-02,0
2006-11-03,0
2006-11-04,0
2006-11-05,0
2006-11-06,100
2006-11-07,0
2006-11-08,0
2006-11-09,0
2006-11-10,0
2006-11-11,0
2006-11-12,0
2006-11-13,0
2006-11-14,48
2006-11-15,48
2006-11-16,0
2006-11-17,0
2006-11-18,0
2006-11-19,0
2006-11-20,0
2006-11-21,98
2006-11-22,0
2006-11-23,0
2006-11-24,0
2006-11-25,0
2006-11-26,0
2006-11-27,0
2006-11-28,0
2006-11-29,0
2006-11-30,0
2006-12-01,0
2006-12-02,0
2006-12-03,0
2006-12-04,0
2006-12-05,0
2006-12-06,0
2006-12-07,0
2006-12-08,0
2006-12-09,0
2006-12-10,0
2006-12-11,0
2006-12-12,0
2006-12-13,0
2006-12-14,0
2006-12-15,52
2006-12-16,0
2006-12-17,0
2006-12-18,50
2006-12-19,0
2006-12-20,0
2006-12-21,0
2006-12-22,0
2006-12-23,0
2006-12-24,0
2006-12-25,0
2006-12-26,0
2006-12-27,0
2006-12-28,0
2006-12-29,0
2006-12-30,0
2006-12-31,0
2007-01-01,0
2007-01-02,0
2007-01-03,48
2007-01-04,0
2007-01-05,49
2007-01-06,0
2007-01-07,0
2007-01-08,0
2007-01-09,0
2007-01-10,0
2007-01-11,0
2007-01-12,0
2007-01-13,0
2007-01-14,0
2007-01-15,0
2007-01-16,0
2007-01-17,52
2007-01-18,0
2007-01-19,0
2007-01-20,0
2007-01-21,0
2007-01-22,52
2007-01-23,0
2007-01-24,0
2007-01-25,0
2007-01-26,0
2007-01-27,0
2007-01-28,0
2007-01-29,0
2007-01-30,0
2007-01-31,0
2007-02-01,0
2007-02-02,0
2007-02-03,0
2007-02-04,0
2007-02-05,0
2007-02-06,0
2007-02-07,0
2007-02-08,0
2007-02-09,0
2007-02-10,0
2007-02-11,0
2007-02-12,0
2007-02-13,49
2007-02-14,50
2007-02-15,53
2007-02-16,0
2007-02-17,0
2007-02-18,0
2007-02-19,56
2007-02-20,0
2007-02-21,0
2007-02-22,0
2007-02-23,0
2007-02-24,0
2007-02-25,0
2007-02-26,0
2007-02-27,97
2007-02-28,99
2007-03-01,100
2007-03-02,52
2007-03-03,0
2007-03-04,76
2007-03-05,51
2007-03-06,0
2007-03-07,49
2007-03-08,0
2007-03-09,0
2007-03-10,0
2007-03-11,0
2007-03-12,0
2007-03-13,0
2007-03-14,0
2007-03-15,51
2007-03-16,54
2007-03-17,0
2007-03-18,0
2007-03-19,0
2007-03-20,0
2007-03-21,0
2007-03-22,0
2007-03-23,0
2007-03-24,0
2007-03-25,0
2007-03-26,0
2007-03-27,0
2007-03-28,0
2007-03-29,0
2007-03-30,0
2007-03-31,0
2007-04-01,0
2007-04-02,0
2007-04-03,0
2007-04-04,50
2007-04-05,0
2007-04-06,0
2007-04-07,0
2007-04-08,0
2007-04-09,0
2007-04-10,0
2007-04-11,0
2007-04-12,48
2007-04-13,0
2007-04-14,0
2007-04-15,0
2007-04-16,0
2007-04-17,0
2007-04-18,0
2007-04-19,0
2007-04-20,0
2007-04-21,0
2007-04-22,0
2007-04-23,0
2007-04-24,0
2007-04-25,0
2007-04-26,0
2007-04-27,0
2007-04-28,0
2007-04-29,0
2007-04-30,0
2007-05-01,0
2007-05-02,0
2007-05-03,0
2007-05-04,0
2007-05-05,0
2007-05-06,0
2007-05-07,46
2007-05-08,0
2007-05-09,0
2007-05-10,47
2007-05-11,0
2007-05-12,77
2007-05-13,0
2007-05-14,0
2007-05-15,0
2007-05-16,0
2007-05-17,0
2007-05-18,0
2007-05-19,0
2007-05-20,0
2007-05-21,0
2007-05-22,45
2007-05-23,0
2007-05-24,0
2007-05-25,0
2007-05-26,0
2007-05-27,0
2007-05-28,0
2007-05-29,45
2007-05-30,0
2007-05-31,0
2007-06-01,0
2007-06-02,0
2007-06-03,0
2007-06-04,0
2007-06-05,0
2007-06-06,0
2007-06-07,0
2007-06-08,0
2007-06-09,0
2007-06-10,0
2007-06-11,0
2007-06-12,0
2007-06-13,0
2007-06-14,0
2007-06-15,0
2007-06-16,0
2007-06-17,0
2007-06-18,0
2007-06-19,0
2007-06-20,0
2007-06-21,0
2007-06-22,0
2007-06-23,0
2007-06-24,0
2007-06-25,0
2007-06-26,37
2007-06-27,0
2007-06-28,39
2007-06-29,0
2007-06-30,60
2007-07-01,0
2007-07-02,0
2007-07-03,0
2007-07-04,0
2007-07-05,0
2007-07-06,0
2007-07-07,0
2007-07-08,0
2007-07-09,38
2007-07-10,0
2007-07-11,0
2007-07-12,38
2007-07-13,0
2007-07-14,0
2007-07-15,59
2007-07-16,38
2007-07-17,37
2007-07-18,37
2007-07-19,0
2007-07-20,0
2007-07-21,0
2007-07-22,0
2007-07-23,37
2007-07-24,37
2007-07-25,38
2007-07-26,0
2007-07-27,40
2007-07-28,0
2007-07-29,59
2007-07-30,0
2007-07-31,0
2007-08-01,38
2007-08-02,0
2007-08-03,81
2007-08-04,0
2007-08-05,0
2007-08-06,0
2007-08-07,0
2007-08-08,0
2007-08-09,0
2007-08-10,80
2007-08-11,0
2007-08-12,0
2007-08-13,0
2007-08-14,0
2007-08-15,0
2007-08-16,38
2007-08-17,0
2007-08-18,0
2007-08-19,0
2007-08-20,36
2007-08-21,0
2007-08-22,0
2007-08-23,37
2007-08-24,0
2007-08-25,0
2007-08-26,55
2007-08-27,0
2007-08-28,0
2007-08-29,0
2007-08-30,37
2007-08-31,0
2007-09-01,0
2007-09-02,0
2007-09-03,0
2007-09-04,36
2007-09-05,0
2007-09-06,0
2007-09-07,0
2007-09-08,0
2007-09-09,0
2007-09-10,0
2007-09-11,34
2007-09-12,0
2007-09-13,0
2007-09-14,0
2007-09-15,0
2007-09-16,0
2007-09-17,34
2007-09-18,0
2007-09-19,68
2007-09-20,0
2007-09-21,0
2007-09-22,0
2007-09-23,0
2007-09-24,0
2007-09-25,0
2007-09-26,0
2007-09-27,0
2007-09-28,0
2007-09-29,53
2007-09-30,0
2007-10-01,0
2007-10-02,100
2007-10-03,34
2007-10-04,0
2007-10-05,36
2007-10-06,0
2007-10-07,0
2007-10-08,0
2007-10-09,0
2007-10-10,0
2007-10-11,0
2007-10-12,0
2007-10-13,0
2007-10-14,0
2007-10-15,0
2007-10-16,0
2007-10-17,0
2007-10-18,0
2007-10-19,0
2007-10-20,0
2007-10-21,0
2007-10-22,0
2007-10-23,0
2007-10-24,0
2007-10-25,0
2007-10-26,0
2007-10-27,0
2007-10-28,0
2007-10-29,0
2007-10-30,0
2007-10-31,34
2007-11-01,0
2007-11-02,35
2007-11-03,0
2007-11-04,0
2007-11-05,33
2007-11-06,0
2007-11-07,32
2007-11-08,0
2007-11-09,0
2007-11-10,50
2007-11-11,0
2007-11-12,0
2007-11-13,63
2007-11-14,20
2007-11-15,0
2007-11-16,0
2007-11-17,0
2007-11-18,0
2007-11-19,32
2007-11-20,0
2007-11-21,0
2007-11-22,0
2007-11-23,0
2007-11-24,49
2007-11-25,95
2007-11-26,0
2007-11-27,0
2007-11-28,31
2007-11-29,93
2007-11-30,0
2007-12-01,0
2007-12-02,0
2007-12-03,0
2007-12-04,30
2007-12-05,0
2007-12-06,0
2007-12-07,0
2007-12-08,0
2007-12-09,0
2007-12-10,0
2007-12-11,0
2007-12-12,0
2007-12-13,0
2007-12-14,0
2007-12-15,0
2007-12-16,0
2007-12-17,0
2007-12-18,0
2007-12-19,0
2007-12-20,0
2007-12-21,0
2007-12-22,0
2007-12-23,0
2007-12-24,0
2007-12-25,0
2007-12-26,0
2007-12-27,38
2007-12-28,0
2007-12-29,0
2007-12-30,0
2007-12-31,0
2008-01-01,0
2008-01-02,0
2008-01-03,0
2008-01-04,33
2008-01-05,0
2008-01-06,0
2008-01-07,0
2008-01-08,31
2008-01-09,0
2008-01-10,0
2008-01-11,0
2008-01-12,0
2008-01-13,0
2008-01-14,0
2008-01-15,0
2008-01-16,0
2008-01-17,41
2008-01-18,42
2008-01-19,58
2008-01-20,0
2008-01-21,0
2008-01-22,77
2008-01-23,39
2008-01-24,0
2008-01-25,0
2008-01-26,0
2008-01-27,57
2008-01-28,0
2008-01-29,77
2008-01-30,0
2008-01-31,40
2008-02-01,0
2008-02-02,0
2008-02-03,0
2008-02-04,41
2008-02-05,0
2008-02-06,39
2008-02-07,79
2008-02-08,0
2008-02-09,0
2008-02-10,0
2008-02-11,0
2008-02-12,38
2008-02-13,39
2008-02-14,0
2008-02-15,0
2008-02-16,0
2008-02-17,0
2008-02-18,0
2008-02-19,0
2008-02-20,0
2008-02-21,0
2008-02-22,40
2008-02-23,0
2008-02-24,0
2008-02-25,0
2008-02-26,37
2008-02-27,0
2008-02-28,0
2008-02-29,0
2008-03-01,0
2008-03-02,0
2008-03-03,0
2008-03-04,0
2008-03-05,0
2008-03-06,0
2008-03-07,0
2008-03-08,0
2008-03-09,0
2008-03-10,0
2008-03-11,0
2008-03-12,0
2008-03-13,0
2008-03-14,0
2008-03-15,0
2008-03-16,0
2008-03-17,0
2008-03-18,0
2008-03-19,42
2008-03-20,87
2008-03-21,100
2008-03-22,0
2008-03-23,0
2008-03-24,0
2008-03-25,78
2008-03-26,0
2008-03-27,40
2008-03-28,41
2008-03-29,0
2008-03-30,0
2008-03-31,0
2008-04-01,0
2008-04-02,0
2008-04-03,0
2008-04-04,0
2008-04-05,0
2008-04-06,0
2008-04-07,0
2008-04-08,0
2008-04-09,0
2008-04-10,39
2008-04-11,0
2008-04-12,0
2008-04-13,0
2008-04-14,0
2008-04-15,0
2008-04-16,0
2008-04-17,0
2008-04-18,0
2008-04-19,0
2008-04-20,0
2008-04-21,78
2008-04-22,0
2008-04-23,39
2008-04-24,0
2008-04-25,0
2008-04-26,0
2008-04-27,0
2008-04-28,0
2008-04-29,0
2008-04-30,0
2008-05-01,0
2008-05-02,0
2008-05-03,59
2008-05-04,0
2008-05-05,0
2008-05-06,0
2008-05-07,0
2008-05-08,0
2008-05-09,0
2008-05-10,0
2008-05-11,0
2008-05-12,0
2008-05-13,38
2008-05-14,0
2008-05-15,0
2008-05-16,0
2008-05-17,0
2008-05-18,0
2008-05-19,0
2008-05-20,0
2008-05-21,38
2008-05-22,0
2008-05-23,43
2008-05-24,0
2008-05-25,0
2008-05-26,0
2008-05-27,39
2008-05-28,0
2008-05-29,0
2008-05-30,0
2008-05-31,0
2008-06-01,0
2008-06-02,39
2008-06-03,38
2008-06-04,39
2008-06-05,0
2008-06-06,0
2008-06-07,0
2008-06-08,0
2008-06-09,0
2008-06-10,0
2008-06-11,0
2008-06-12,0
2008-06-13,0
2008-06-14,0
2008-06-15,0
2008-06-16,0
2008-06-17,34
2008-06-18,0
2008-06-19,0
2008-06-20,0
2008-06-21,0
2008-06-22,0
2008-06-23,0
2008-06-24,0
2008-06-25,0
2008-06-26,0
2008-06-27,37
2008-06-28,0
2008-06-29,0
2008-06-30,0
2008-07-01,0
2008-07-02,0
2008-07-03,0
2008-07-04,0
2008-07-05,0
2008-07-06,0
2008-07-07,34
2008-07-08,0
2008-07-09,34
2008-07-10,0
2008-07-11,0
2008-07-12,0
2008-07-13,54
2008-07-14,33
2008-07-15,0
2008-07-16,0
2008-07-17,0
2008-07-18,0
2008-07-19,0
2008-07-20,0
2008-07-21,33
2008-07-22,0
2008-07-23,0
2008-07-24,0
2008-07-25,0
2008-07-26,0
2008-07-27,0
2008-07-28,0
2008-07-29,0
2008-07-30,0
2008-07-31,34
2008-08-01,0
2008-08-02,0
2008-08-03,0
2008-08-04,0
2008-08-05,33
2008-08-06,0
2008-08-07,0
2008-08-08,36
2008-08-09,0
2008-08-10,0
2008-08-11,0
2008-08-12,33
2008-08-13,0
2008-08-14,34
2008-08-15,0
2008-08-16,0
2008-08-17,0
2008-08-18,0
2008-08-19,0
2008-08-20,0
2008-08-21,0
2008-08-22,0
2008-08-23,0
2008-08-24,0
2008-08-25,0
2008-08-26,0
2008-08-27,0
2008-08-28,33
2008-08-29,0
2008-08-30,0
2008-08-31,0
2008-09-01,0
2008-09-02,0
2008-09-03,0
2008-09-04,32
2008-09-05,100
2008-09-06,0
2008-09-07,0
2008-09-08,0
2008-09-09,0
2008-09-10,31
2008-09-11,0
2008-09-12,0
2008-09-13,0
2008-09-14,0
2008-09-15,0
2008-09-16,62
2008-09-17,0
2008-09-18,63
2008-09-19,34
2008-09-20,0
2008-09-21,0
2008-09-22,0
2008-09-23,30
2008-09-24,0
2008-09-25,0
2008-09-26,0
2008-09-27,0
2008-09-28,45
2008-09-29,90
2008-09-30,30
2008-10-01,61
2008-10-02,0
2008-10-03,0
2008-10-04,0
2008-10-05,0
2008-10-06,60
2008-10-07,0
2008-10-08,0
2008-10-09,30
2008-10-10,32
2008-10-11,95
2008-10-12,0
2008-10-13,31
2008-10-14,88
2008-10-15,30
2008-10-16,91
2008-10-17,33
2008-10-18,46
2008-10-19,0
2008-10-20,30
2008-10-21,29
2008-10-22,30
2008-10-23,0
2008-10-24,32
2008-10-25,0
2008-10-26,0
2008-10-27,29
2008-10-28,73
2008-10-29,99
2008-10-30,30
2008-10-31,0
2008-11-01,0
2008-11-02,0
2008-11-03,0
2008-11-04,88
2008-11-05,28
2008-11-06,0
2008-11-07,62
2008-11-08,44
2008-11-09,0
2008-11-10,58
2008-11-11,0
2008-11-12,0
2008-11-13,29
2008-11-14,31
2008-11-15,0
2008-11-16,0
2008-11-17,0
2008-11-18,88
2008-11-19,61
2008-11-20,60
2008-11-21,31
2008-11-22,0
2008-11-23,0
2008-11-24,0
2008-11-25,0
2008-11-26,32
2008-11-27,0
2008-11-28,0
2008-11-29,0
2008-11-30,0
2008-12-01,29
2008-12-02,28
2008-12-03,28
2008-12-04,0
2008-12-05,0
2008-12-06,43
2008-12-07,0
2008-12-08,0
2008-12-09,0
2008-12-10,0
2008-12-11,0
2008-12-12,0
2008-12-13,0
2008-12-14,0
2008-12-15,29
2008-12-16,0
2008-12-17,0
2008-12-18,0
2008-12-19,0
2008-12-20,0
2008-12-21,0
2008-12-22,0
2008-12-23,0
2008-12-24,0
2008-12-25,0
2008-12-26,47
2008-12-27,0
2008-12-28,0
2008-12-29,0
2008-12-30,0
2008-12-31,0
2009-01-01,0
2009-01-02,0
2009-01-03,0
2009-01-04,0
2009-01-05,0
2009-01-06,0
2009-01-07,0
2009-01-08,0
2009-01-09,0
2009-01-10,0
2009-01-11,0
2009-01-12,0
2009-01-13,0
2009-01-14,0
2009-01-15,0
2009-01-16,37
2009-01-17,0
2009-01-18,0
2009-01-19,0
2009-01-20,34
2009-01-21,0
2009-01-22,0
2009-01-23,0
2009-01-24,0
2009-01-25,0
2009-01-26,34
2009-01-27,0
2009-01-28,0
2009-01-29,0
2009-01-30,36
2009-01-31,0
2009-02-01,0
2009-02-02,0
2009-02-03,0
2009-02-04,33
2009-02-05,0
2009-02-06,0
2009-02-07,0
2009-02-08,0
2009-02-09,0
2009-02-10,33
2009-02-11,0
2009-02-12,0
2009-02-13,72
2009-02-14,0
2009-02-15,0
2009-02-16,0
2009-02-17,34
2009-02-18,0
2009-02-19,0
2009-02-20,36
2009-02-21,0
2009-02-22,0
2009-02-23,0
2009-02-24,0
2009-02-25,33
2009-02-26,34
2009-02-27,0
2009-02-28,0
2009-03-01,0
2009-03-02,33
2009-03-03,33
2009-03-04,0
2009-03-05,0
2009-03-06,0
2009-03-07,0
2009-03-08,0
2009-03-09,33
2009-03-10,0
2009-03-11,33
2009-03-12,0
2009-03-13,0
2009-03-14,0
2009-03-15,0
2009-03-16,34
2009-03-17,34
2009-03-18,0
2009-03-19,0
2009-03-20,0
2009-03-21,51
2009-03-22,0
2009-03-23,0
2009-03-24,33
2009-03-25,0
2009-03-26,33
2009-03-27,0
2009-03-28,0
2009-03-29,0
2009-03-30,0
2009-03-31,0
2009-04-01,33
2009-04-02,0
2009-04-03,0
2009-04-04,0
2009-04-05,0
2009-04-06,0
2009-04-07,0
2009-04-08,0
2009-04-09,0
2009-04-10,0
2009-04-11,0
2009-04-12,0
2009-04-13,0
2009-04-14,0
2009-04-15,0
2009-04-16,0
2009-04-17,0
2009-04-18,0
2009-04-19,51
2009-04-20,0
2009-04-21,0
2009-04-22,0
2009-04-23,0
2009-04-24,37
2009-04-25,0
2009-04-26,0
2009-04-27,0
2009-04-28,0
2009-04-29,33
2009-04-30,0
2009-05-01,0
2009-05-02,0
2009-05-03,0
2009-05-04,32
2009-05-05,32
2009-05-06,0
2009-05-07,33
2009-05-08,0
2009-05-09,0
2009-05-10,0
2009-05-11,0
2009-05-12,32
2009-05-13,0
2009-05-14,0
2009-05-15,0
2009-05-16,0
2009-05-17,0
2009-05-18,0
2009-05-19,0
2009-05-20,100
2009-05-21,34
2009-05-22,0
2009-05-23,0
2009-05-24,0
2009-05-25,0
2009-05-26,33
2009-05-27,0
2009-05-28,0
2009-05-29,0
2009-05-30,0
2009-05-31,0
2009-06-01,0
2009-06-02,0
2009-06-03,33
2009-06-04,0
2009-06-05,0
2009-06-06,0
2009-06-07,0
2009-06-08,68
2009-06-09,0
2009-06-10,34
2009-06-11,0
2009-06-12,0
2009-06-13,0
2009-06-14,0
2009-06-15,0
2009-06-16,0
2009-06-17,0
2009-06-18,34
2009-06-19,0
2009-06-20,0
2009-06-21,0
2009-06-22,33
2009-06-23,0
2009-06-24,0
2009-06-25,34
2009-06-26,36
2009-06-27,0
2009-06-28,0
2009-06-29,0
2009-06-30,33
2009-07-01,34
2009-07-02,0
2009-07-03,47
2009-07-04,0
2009-07-05,0
2009-07-06,0
2009-07-07,66
2009-07-08,0
2009-07-09,0
2009-07-10,0
2009-07-11,52
2009-07-12,0
2009-07-13,0
2009-07-14,0
2009-07-15,0
2009-07-16,68
2009-07-17,0
2009-07-18,52
2009-07-19,0
2009-07-20,33
2009-07-21,0
2009-07-22,0
2009-07-23,0
2009-07-24,36
2009-07-25,0
2009-07-26,0
2009-07-27,33
2009-07-28,0
2009-07-29,0
2009-07-30,0
2009-07-31,0
2009-08-01,52
2009-08-02,0
2009-08-03,0
2009-08-04,0
2009-08-05,0
2009-08-06,0
2009-08-07,0
2009-08-08,0
2009-08-09,0
2009-08-10,34
2009-08-11,33
2009-08-12,0
2009-08-13,0
2009-08-14,0
2009-08-15,0
2009-08-16,0
2009-08-17,100
2009-08-18,0
2009-08-19,33
2009-08-20,33
2009-08-21,0
2009-08-22,0
2009-08-23,0
2009-08-24,0
2009-08-25,0
2009-08-26,0
2009-08-27,33
2009-08-28,0
2009-08-29,0
2009-08-30,0
2009-08-31,0
2009-09-01,62
2009-09-02,32
2009-09-03,32
2009-09-04,0
2009-09-05,0
2009-09-06,0
2009-09-07,0
2009-09-08,0
2009-09-09,31
2009-09-10,0
2009-09-11,0
2009-09-12,0
2009-09-13,0
2009-09-14,0
2009-09-15,0
2009-09-16,31
2009-09-17,0
2009-09-18,0
2009-09-19,0
2009-09-20,0
2009-09-21,0
2009-09-22,0
2009-09-23,0
2009-09-24,0
2009-09-25,0
2009-09-26,0
2009-09-27,0
2009-09-28,0
2009-09-29,0
2009-09-30,0
2009-10-01,31
2009-10-02,0
2009-10-03,0
2009-10-04,0
2009-10-05,61
2009-10-06,30
2009-10-07,0
2009-10-08,0
2009-10-09,0
2009-10-10,0
2009-10-11,0
2009-10-12,0
2009-10-13,0
2009-10-14,0
2009-10-15,0
2009-10-16,0
2009-10-17,0
2009-10-18,0
2009-10-19,30
2009-10-20,0
2009-10-21,0
2009-10-22,30
2009-10-23,0
2009-10-24,0
2009-10-25,0
2009-10-26,29
2009-10-27,29
2009-10-28,0
2009-10-29,0
2009-10-30,65
2009-10-31,92
2009-11-01,49
2009-11-02,91
2009-11-03,0
2009-11-04,0
2009-11-05,0
2009-11-06,0
2009-11-07,0
2009-11-08,90
2009-11-09,0
2009-11-10,58
2009-11-11,30
2009-11-12,30
2009-11-13,0
2009-11-14,0
2009-11-15,0
2009-11-16,0
2009-11-17,0
2009-11-18,0
2009-11-19,0
2009-11-20,0
2009-11-21,0
2009-11-22,0
2009-11-23,29
2009-11-24,0
2009-11-25,0
2009-11-26,0
2009-11-27,0
2009-11-28,0
2009-11-29,44
2009-11-30,0
2009-12-01,0
2009-12-02,0
2009-12-03,0
2009-12-04,0
2009-12-05,0
2009-12-06,0
2009-12-07,29
2009-12-08,0
2009-12-09,0
2009-12-10,29
2009-12-11,0
2009-12-12,0
2009-12-13,0
2009-12-14,58
2009-12-15,0
2009-12-16,0
2009-12-17,91
2009-12-18,0
2009-12-19,0
2009-12-20,0
2009-12-21,33
2009-12-22,0
2009-12-23,0
2009-12-24,45
2009-12-25,0
2009-12-26,50
2009-12-27,0
2009-12-28,0
2009-12-29,0
2009-12-30,0
2009-12-31,0
2010-01-01,0
2010-01-02,0
2010-01-03,0
2010-01-04,30
2010-01-05,29
2010-01-06,0
2010-01-07,29
2010-01-08,0
2010-01-09,0
2010-01-10,0
2010-01-11,0
2010-01-12,85
2010-01-13,56
2010-01-14,0
2010-01-15,0
2010-01-16,0
2010-01-17,24
2010-01-18,0
2010-01-19,32
2010-01-20,32
2010-01-21,0
2010-01-22,66
2010-01-23,23
2010-01-24,0
2010-01-25,0
2010-01-26,16
2010-01-27,0
2010-01-28,16
2010-01-29,0
2010-01-30,0
2010-01-31,0
2010-02-01,16
2010-02-02,0
2010-02-03,0
2010-02-04,0
2010-02-05,0
2010-02-06,0
2010-02-07,22
2010-02-08,0
2010-02-09,15
2010-02-10,0
2010-02-11,0
2010-02-12,17
2010-02-13,0
2010-02-14,0
2010-02-15,18
2010-02-16,0
2010-02-17,16
2010-02-18,16
2010-02-19,17
2010-02-20,0
2010-02-21,0
2010-02-22,16
2010-02-23,30
2010-02-24,31
2010-02-25,0
2010-02-26,16
2010-02-27,0
2010-02-28,0
2010-03-01,31
2010-03-02,0
2010-03-03,15
2010-03-04,0
2010-03-05,0
2010-03-06,23
2010-03-07,0
2010-03-08,32
2010-03-09,0
2010-03-10,0
2010-03-11,0
2010-03-12,16
2010-03-13,0
2010-03-14,0
2010-03-15,16
2010-03-16,0
2010-03-17,0
2010-03-18,17
2010-03-19,17
2010-03-20,0
2010-03-21,0
2010-03-22,16
2010-03-23,15
2010-03-24,47
2010-03-25,0
2010-03-26,0
2010-03-27,24
2010-03-28,0
2010-03-29,0
2010-03-30,16
2010-03-31,16
2010-04-01,0
2010-04-02,0
2010-04-03,0
2010-04-04,0
2010-04-05,0
2010-04-06,0
2010-04-07,0
2010-04-08,0
2010-04-09,0
2010-04-10,0
2010-04-11,0
2010-04-12,0
2010-04-13,15
2010-04-14,16
2010-04-15,16
2010-04-16,33
2010-04-17,0
2010-04-18,0
2010-04-19,0
2010-04-20,15
2010-04-21,0
2010-04-22,16
2010-04-23,0
2010-04-24,0
2010-04-25,23
2010-04-26,0
2010-04-27,30
2010-04-28,0
2010-04-29,0
2010-04-30,0
2010-05-01,0
2010-05-02,0
2010-05-03,0
2010-05-04,16
2010-05-05,16
2010-05-06,17
2010-05-07,52
2010-05-08,50
2010-05-09,0
2010-05-10,32
2010-05-11,31
2010-05-12,0
2010-05-13,33
2010-05-14,0
2010-05-15,25
2010-05-16,51
2010-05-17,32
2010-05-18,63
2010-05-19,32
2010-05-20,100
2010-05-21,35
2010-05-22,0
2010-05-23,0
2010-05-24,16
2010-05-25,16
2010-05-26,17
2010-05-27,17
2010-05-28,0
2010-05-29,0
2010-05-30,0
2010-05-31,0
2010-06-01,33
2010-06-02,0
2010-06-03,0
2010-06-04,0
2010-06-05,0
2010-06-06,0
2010-06-07,0
2010-06-08,0
2010-06-09,0
2010-06-10,0
2010-06-11,0
2010-06-12,0
2010-06-13,0
2010-06-14,0
2010-06-15,17
2010-06-16,0
2010-06-17,47
2010-06-18,0
2010-06-19,0
2010-06-20,0
2010-06-21,46
2010-06-22,45
2010-06-23,46
2010-06-24,0
2010-06-25,49
2010-06-26,0
2010-06-27,0
2010-06-28,0
2010-06-29,89
2010-06-30,0
2010-07-01,47
2010-07-02,47
2010-07-03,0
2010-07-04,0
2010-07-05,0
2010-07-06,40
2010-07-07,78
2010-07-08,80
2010-07-09,0
2010-07-10,0
2010-07-11,0
2010-07-12,39
2010-07-13,0
2010-07-14,39
2010-07-15,40
2010-07-16,0
2010-07-17,0
2010-07-18,0
2010-07-19,0
2010-07-20,0
2010-07-21,0
2010-07-22,0
2010-07-23,42
2010-07-24,0
2010-07-25,0
2010-07-26,40
2010-07-27,77
2010-07-28,0
2010-07-29,39
2010-07-30,0
2010-07-31,0
2010-08-01,56
2010-08-02,0
2010-08-03,77
2010-08-04,0
2010-08-05,0
2010-08-06,42
2010-08-07,0
2010-08-08,0
2010-08-09,0
2010-08-10,0
2010-08-11,0
2010-08-12,39
2010-08-13,41
2010-08-14,0
2010-08-15,56
2010-08-16,0
2010-08-17,39
2010-08-18,39
2010-08-19,40
2010-08-20,0
2010-08-21,54
2010-08-22,0
2010-08-23,0
2010-08-24,0
2010-08-25,0
2010-08-26,39
2010-08-27,0
2010-08-28,0
2010-08-29,0
2010-08-30,0
2010-08-31,0
2010-09-01,0
2010-09-02,0
2010-09-03,0
2010-09-04,0
2010-09-05,56
2010-09-06,0
2010-09-07,37
2010-09-08,36
2010-09-09,0
2010-09-10,0
2010-09-11,0
2010-09-12,50
2010-09-13,0
2010-09-14,0
2010-09-15,0
2010-09-16,0
2010-09-17,0
2010-09-18,52
2010-09-19,0
2010-09-20,0
2010-09-21,0
2010-09-22,0
2010-09-23,0
2010-09-24,0
2010-09-25,0
2010-09-26,0
2010-09-27,72
2010-09-28,0
2010-09-29,36
2010-09-30,0
2010-10-01,76
2010-10-02,0
2010-10-03,0
2010-10-04,0
2010-10-05,36
2010-10-06,0
2010-10-07,0
2010-10-08,39
2010-10-09,0
2010-10-10,51
2010-10-11,0
2010-10-12,0
2010-10-13,37
2010-10-14,36
2010-10-15,38
2010-10-16,0
2010-10-17,0
2010-10-18,36
2010-10-19,0
2010-10-20,0
2010-10-21,0
2010-10-22,38
2010-10-23,50
2010-10-24,0
2010-10-25,0
2010-10-26,0
2010-10-27,0
2010-10-28,0
2010-10-29,39
2010-10-30,0
2010-10-31,52
2010-11-01,0
2010-11-02,34
2010-11-03,33
2010-11-04,34
2010-11-05,37
2010-11-06,0
2010-11-07,0
2010-11-08,0
2010-11-09,0
2010-11-10,35
2010-11-11,36
2010-11-12,38
2010-11-13,0
2010-11-14,0
2010-11-15,35
2010-11-16,0
2010-11-17,34
2010-11-18,0
2010-11-19,37
2010-11-20,0
2010-11-21,0
2010-11-22,35
2010-11-23,0
2010-11-24,0
2010-11-25,0
2010-11-26,0
2010-11-27,48
2010-11-28,0
2010-11-29,100
2010-11-30,0
2010-12-01,67
2010-12-02,34
2010-12-03,0
2010-12-04,0
2010-12-05,0
2010-12-06,34
2010-12-07,34
2010-12-08,0
2010-12-09,34
2010-12-10,73
2010-12-11,0
2010-12-12,0
2010-12-13,0
2010-12-14,0
2010-12-15,35
2010-12-16,0
2010-12-17,0
2010-12-18,48
2010-12-19,0
2010-12-20,37
2010-12-21,36
2010-12-22,38
2010-12-23,0
2010-12-24,0
2010-12-25,0
2010-12-26,0
2010-12-27,41
2010-12-28,40
2010-12-29,40
2010-12-30,0
2010-12-31,0
2011-01-01,0
2011-01-02,0
2011-01-03,0
2011-01-04,0
2011-01-05,58
2011-01-06,30
2011-01-07,31
2011-01-08,0
2011-01-09,0
2011-01-10,0
2011-01-11,29
2011-01-12,29
2011-01-13,59
2011-01-14,0
2011-01-15,0
2011-01-16,0
2011-01-17,0
2011-01-18,0
2011-01-19,41
2011-01-20,0
2011-01-21,21
2011-01-22,0
2011-01-23,0
2011-01-24,20
2011-01-25,20
2011-01-26,40
2011-01-27,0
2011-01-28,0
2011-01-29,51
2011-01-30,0
2011-01-31,0
2011-02-01,0
2011-02-02,38
2011-02-03,20
2011-02-04,20
2011-02-05,25
2011-02-06,0
2011-02-07,20
2011-02-08,0
2011-02-09,39
2011-02-10,40
2011-02-11,0
2011-02-12,0
2011-02-13,27
2011-02-14,0
2011-02-15,0
2011-02-16,0
2011-02-17,0
2011-02-18,42
2011-02-19,0
2011-02-20,0
2011-02-21,21
2011-02-22,60
2011-02-23,0
2011-02-24,0
2011-02-25,21
2011-02-26,26
2011-02-27,0
2011-02-28,20
2011-03-01,0
2011-03-02,0
2011-03-03,20
2011-03-04,0
2011-03-05,0
2011-03-06,0
2011-03-07,0
2011-03-08,0
2011-03-09,39
2011-03-10,20
2011-03-11,0
2011-03-12,28
2011-03-13,0
2011-03-14,0
2011-03-15,21
2011-03-16,20
2011-03-17,0
2011-03-18,65
2011-03-19,0
2011-03-20,0
2011-03-21,20
2011-03-22,0
2011-03-23,39
2011-03-24,0
2011-03-25,42
2011-03-26,26
2011-03-27,25
2011-03-28,39
2011-03-29,20
2011-03-30,39
2011-03-31,20
2011-04-01,21
2011-04-02,26
2011-04-03,0
2011-04-04,39
2011-04-05,0
2011-04-06,39
2011-04-07,0
2011-04-08,0
2011-04-09,52
2011-04-10,0
2011-04-11,58
2011-04-12,39
2011-04-13,19
2011-04-14,20
2011-04-15,82
2011-04-16,26
2011-04-17,26
2011-04-18,79
2011-04-19,58
2011-04-20,0
2011-04-21,20
2011-04-22,22
2011-04-23,0
2011-04-24,0
2011-04-25,0
2011-04-26,39
2011-04-27,0
2011-04-28,39
2011-04-29,0
2011-04-30,0
2011-05-01,0
2011-05-02,0
2011-05-03,57
2011-05-04,19
2011-05-05,0
2011-05-06,21
2011-05-07,53
2011-05-08,0
2011-05-09,20
2011-05-10,0
2011-05-11,20
2011-05-12,0
2011-05-13,0
2011-05-14,26
2011-05-15,0
2011-05-16,0
2011-05-17,19
2011-05-18,20
2011-05-19,0
2011-05-20,21
2011-05-21,26
2011-05-22,0
2011-05-23,20
2011-05-24,0
2011-05-25,19
2011-05-26,20
2011-05-27,0
2011-05-28,0
2011-05-29,0
2011-05-30,26
2011-05-31,20
2011-06-01,0
2011-06-02,40
2011-06-03,21
2011-06-04,0
2011-06-05,0
2011-06-06,0
2011-06-07,20
2011-06-08,61
2011-06-09,41
2011-06-10,0
2011-06-11,27
2011-06-12,0
2011-06-13,0
2011-06-14,100
2011-06-15,20
2011-06-16,20
2011-06-17,21
2011-06-18,0
2011-06-19,0
2011-06-20,0
2011-06-21,0
2011-06-22,0
2011-06-23,15
2011-06-24,0
2011-06-25,0
2011-06-26,20
2011-06-27,29
2011-06-28,15
2011-06-29,0
2011-06-30,15
2011-07-01,16
2011-07-02,0
2011-07-03,0
2011-07-04,0
2011-07-05,16
2011-07-06,15
2011-07-07,0
2011-07-08,15
2011-07-09,0
2011-07-10,0
2011-07-11,15
2011-07-12,14
2011-07-13,0
2011-07-14,0
2011-07-15,15
2011-07-16,0
2011-07-17,20
2011-07-18,43
2011-07-19,28
2011-07-20,29
2011-07-21,30
2011-07-22,0
2011-07-23,0
2011-07-24,0
2011-07-25,14
2011-07-26,0
2011-07-27,0
2011-07-28,14
2011-07-29,45
2011-07-30,0
2011-07-31,0
2011-08-01,14
2011-08-02,0
2011-08-03,0
2011-08-04,100
2011-08-05,44
2011-08-06,37
2011-08-07,37
2011-08-08,71
2011-08-09,97
2011-08-10,86
2011-08-11,43
2011-08-12,45
2011-08-13,18
2011-08-14,0
2011-08-15,14
2011-08-16,0
2011-08-17,29
2011-08-18,29
2011-08-19,15
2011-08-20,18
2011-08-21,0
2011-08-22,0
2011-08-23,28
2011-08-24,14
2011-08-25,42
2011-08-26,0
2011-08-27,0
2011-08-28,0
2011-08-29,56
2011-08-30,0
2011-08-31,0
2011-09-01,0
2011-09-02,0
2011-09-03,18
2011-09-04,0
2011-09-05,16
2011-09-06,0
2011-09-07,13
2011-09-08,14
2011-09-09,14
2011-09-10,17
2011-09-11,17
2011-09-12,0
2011-09-13,0
2011-09-14,27
2011-09-15,0
2011-09-16,0
2011-09-17,0
2011-09-18,0
2011-09-19,53
2011-09-20,0
2011-09-21,0
2011-09-22,0
2011-09-23,0
2011-09-24,0
2011-09-25,0
2011-09-26,13
2011-09-27,0
2011-09-28,0
2011-09-29,14
2011-09-30,0
2011-10-01,0
2011-10-02,17
2011-10-03,0
2011-10-04,52
2011-10-05,26
2011-10-06,26
2011-10-07,0
2011-10-08,0
2011-10-09,0
2011-10-10,0
2011-10-11,12
2011-10-12,25
2011-10-13,0
2011-10-14,0
2011-10-15,0
2011-10-16,0
2011-10-17,26
2011-10-18,26
2011-10-19,13
2011-10-20,13
2011-10-21,28
2011-10-22,0
2011-10-23,0
2011-10-24,26
2011-10-25,38
2011-10-26,0
2011-10-27,13
2011-10-28,14
2011-10-29,0
2011-10-30,0
2011-10-31,27
2011-11-01,14
2011-11-02,13
2011-11-03,13
2011-11-04,27
2011-11-05,0
2011-11-06,0
2011-11-07,26
2011-11-08,13
2011-11-09,13
2011-11-10,38
2011-11-11,0
2011-11-12,16
2011-11-13,0
2011-11-14,50
2011-11-15,25
2011-11-16,25
2011-11-17,26
2011-11-18,13
2011-11-19,0
2011-11-20,0
2011-11-21,38
2011-11-22,0
2011-11-23,0
2011-11-24,0
2011-11-25,0
2011-11-26,0
2011-11-27,0
2011-11-28,0
2011-11-29,36
2011-11-30,0
2011-12-01,49
2011-12-02,0
2011-12-03,0
2011-12-04,0
2011-12-05,0
2011-12-06,12
2011-12-07,12
2011-12-08,0
2011-12-09,0
2011-12-10,0
2011-12-11,31
2011-12-12,0
2011-12-13,0
2011-12-14,0
2011-12-15,0
2011-12-16,26
2011-12-17,0
2011-12-18,16
2011-12-19,0
2011-12-20,13
2011-12-21,0
2011-12-22,14
2011-12-23,15
2011-12-24,17
2011-12-25,20
2011-12-26,0
2011-12-27,0
2011-12-28,13
2011-12-29,13
2011-12-30,0
2011-12-31,0
2012-01-01,0
2012-01-02,0
2012-01-03,12
2012-01-04,0
2012-01-05,24
2012-01-06,0
2012-01-07,0
2012-01-08,0
2012-01-09,0
2012-01-10,24
2012-01-11,12
2012-01-12,0
2012-01-13,0
2012-01-14,0
2012-01-15,29
2012-01-16,0
2012-01-17,24
2012-01-18,0
2012-01-19,12
2012-01-20,0
2012-01-21,0
2012-01-22,0
2012-01-23,0
2012-01-24,0
2012-01-25,72
2012-01-26,0
2012-01-27,0
2012-01-28,30
2012-01-29,0
2012-01-30,0
2012-01-31,0
2012-02-01,24
2012-02-02,0
2012-02-03,75
2012-02-04,30
2012-02-05,30
2012-02-06,49
2012-02-07,48
2012-02-08,0
2012-02-09,48
2012-02-10,50
2012-02-11,0
2012-02-12,0
2012-02-13,70
2012-02-14,24
2012-02-15,0
2012-02-16,0
2012-02-17,100
2012-02-18,0
2012-02-19,0
2012-02-20,0
2012-02-21,24
2012-02-22,48
2012-02-23,24
2012-02-24,24
2012-02-25,0
2012-02-26,0
2012-02-27,71
2012-02-28,0
2012-02-29,23
2012-03-01,26
2012-03-02,27
2012-03-03,32
2012-03-04,0
2012-03-05,26
2012-03-06,72
2012-03-07,48
2012-03-08,49
2012-03-09,25
2012-03-10,0
2012-03-11,30
2012-03-12,24
2012-03-13,49
2012-03-14,49
2012-03-15,0
2012-03-16,26
2012-03-17,0
2012-03-18,0
2012-03-19,72
2012-03-20,72
2012-03-21,73
2012-03-22,99
2012-03-23,51
2012-03-24,31
2012-03-25,61
2012-03-26,96
2012-03-27,72
2012-03-28,48
2012-03-29,24
2012-03-30,77
2012-03-31,0
2012-04-01,0
2012-04-02,72
2012-04-03,24
2012-04-04,49
2012-04-05,25
2012-04-06,27
2012-04-07,32
2012-04-08,0
2012-04-09,58
2012-04-10,77
2012-04-11,0
2012-04-12,48
2012-04-13,25
2012-04-14,30
2012-04-15,90
2012-04-16,0
2012-04-17,0
2012-04-18,0
2012-04-19,24
2012-04-20,0
2012-04-21,0
2012-04-22,0
2012-04-23,0
2012-04-24,24
2012-04-25,24
2012-04-26,48
2012-04-27,0
2012-04-28,30
2012-04-29,0
2012-04-30,0
2012-05-01,46
2012-05-02,23
2012-05-03,0
2012-05-04,49
2012-05-05,0
2012-05-06,0
2012-05-07,69
2012-05-08,0
2012-05-09,23
2012-05-10,0
2012-05-11,25
2012-05-12,0
2012-05-13,0
2012-05-14,72
2012-05-15,47
2012-05-16,0
2012-05-17,0
2012-05-18,0
2012-05-19,0
2012-05-20,63
2012-05-21,48
2012-05-22,0
2012-05-23,48
2012-05-24,25
2012-05-25,26
2012-05-26,0
2012-05-27,34
2012-05-28,0
2012-05-29,48
2012-05-30,24
2012-05-31,0
2012-06-01,74
2012-06-02,0
2012-06-03,0
2012-06-04,48
2012-06-05,24
2012-06-06,0
2012-06-07,0
2012-06-08,26
2012-06-09,0
2012-06-10,31
2012-06-11,48
2012-06-12,72
2012-06-13,24
2012-06-14,50
2012-06-15,0
2012-06-16,0
2012-06-17,0
2012-06-18,0
2012-06-19,24
2012-06-20,14
2012-06-21,27
2012-06-22,56
2012-06-23,17
2012-06-24,0
2012-06-25,67
2012-06-26,13
2012-06-27,13
2012-06-28,0
2012-06-29,14
2012-06-30,17
2012-07-01,0
2012-07-02,14
2012-07-03,41
2012-07-04,0
2012-07-05,15
2012-07-06,28
2012-07-07,16
2012-07-08,33
2012-07-09,26
2012-07-10,26
2012-07-11,0
2012-07-12,0
2012-07-13,0
2012-07-14,0
2012-07-15,0
2012-07-16,13
2012-07-17,13
2012-07-18,26
2012-07-19,0
2012-07-20,0
2012-07-21,0
2012-07-22,0
2012-07-23,26
2012-07-24,0
2012-07-25,0
2012-07-26,0
2012-07-27,0
2012-07-28,0
2012-07-29,0
2012-07-30,0
2012-07-31,0
2012-08-01,0
2012-08-02,13
2012-08-03,14
2012-08-04,0
2012-08-05,17
2012-08-06,39
2012-08-07,13
2012-08-08,26
2012-08-09,13
2012-08-10,14
2012-08-11,0
2012-08-12,17
2012-08-13,39
2012-08-14,0
2012-08-15,26
2012-08-16,0
2012-08-17,14
2012-08-18,0
2012-08-19,0
2012-08-20,26
2012-08-21,39
2012-08-22,26
2012-08-23,13
2012-08-24,14
2012-08-25,0
2012-08-26,0
2012-08-27,0
2012-08-28,38
2012-08-29,0
2012-08-30,26
2012-08-31,0
2012-09-01,0
2012-09-02,0
2012-09-03,15
2012-09-04,0
2012-09-05,25
2012-09-06,13
2012-09-07,26
2012-09-08,0
2012-09-09,0
2012-09-10,25
2012-09-11,25
2012-09-12,25
2012-09-13,25
2012-09-14,13
2012-09-15,16
2012-09-16,16
2012-09-17,25
2012-09-18,12
2012-09-19,13
2012-09-20,13
2012-09-21,13
2012-09-22,16
2012-09-23,0
2012-09-24,100
2012-09-25,13
2012-09-26,13
2012-09-27,13
2012-09-28,13
2012-09-29,16
2012-09-30,15
2012-10-01,25
2012-10-02,0
2012-10-03,0
2012-10-04,12
2012-10-05,65
2012-10-06,16
2012-10-07,15
2012-10-08,12
2012-10-09,0
2012-10-10,0
2012-10-11,0
2012-10-12,13
2012-10-13,0
2012-10-14,0
2012-10-15,24
2012-10-16,12
2012-10-17,0
2012-10-18,12
2012-10-19,13
2012-10-20,0
2012-10-21,0
2012-10-22,0
2012-10-23,12
2012-10-24,0
2012-10-25,12
2012-10-26,12
2012-10-27,30
2012-10-28,0
2012-10-29,0
2012-10-30,0
2012-10-31,0
2012-11-01,13
2012-11-02,12
2012-11-03,0
2012-11-04,0
2012-11-05,0
2012-11-06,12
2012-11-07,11
2012-11-08,0
2012-11-09,0
2012-11-10,15
2012-11-11,0
2012-11-12,0
2012-11-13,12
2012-11-14,24
2012-11-15,24
2012-11-16,0
2012-11-17,0
2012-11-18,0
2012-11-19,12
2012-11-20,0
2012-11-21,13
2012-11-22,15
2012-11-23,0
2012-11-24,15
2012-11-25,14
2012-11-26,0
2012-11-27,11
2012-11-28,11
2012-11-29,0
2012-11-30,12
2012-12-01,14
2012-12-02,0
2012-12-03,34
2012-12-04,23
2012-12-05,11
2012-12-06,0
2012-12-07,0
2012-12-08,0
2012-12-09,0
2012-12-10,0
2012-12-11,11
2012-12-12,11
2012-12-13,0
2012-12-14,24
2012-12-15,0
2012-12-16,0
2012-12-17,12
2012-12-18,24
2012-12-19,36
2012-12-20,25
2012-12-21,13
2012-12-22,0
2012-12-23,0
2012-12-24,45
2012-12-25,0
2012-12-26,14
2012-12-27,0
2012-12-28,13
2012-12-29,0
2012-12-30,15
2012-12-31,13
2013-01-01,0
2013-01-02,36
2013-01-03,58
2013-01-04,24
2013-01-05,0
2013-01-06,0
2013-01-07,0
2013-01-08,23
2013-01-09,46
2013-01-10,11
2013-01-11,24
2013-01-12,27
2013-01-13,27
2013-01-14,0
2013-01-15,33
2013-01-16,11
2013-01-17,23
2013-01-18,12
2013-01-19,0
2013-01-20,0
2013-01-21,16
2013-01-22,0
2013-01-23,46
2013-01-24,15
2013-01-25,16
2013-01-26,36
2013-01-27,0
2013-01-28,0
2013-01-29,0
2013-01-30,30
2013-01-31,15
2013-02-01,47
2013-02-02,18
2013-02-03,0
2013-02-04,15
2013-02-05,0
2013-02-06,30
2013-02-07,15
2013-02-08,91
2013-02-09,0
2013-02-10,0
2013-02-11,43
2013-02-12,44
2013-02-13,15
2013-02-14,15
2013-02-15,16
2013-02-16,0
2013-02-17,0
2013-02-18,15
2013-02-19,0
2013-02-20,29
2013-02-21,30
2013-02-22,31
2013-02-23,36
2013-02-24,36
2013-02-25,29
2013-02-26,100
2013-02-27,29
2013-02-28,45
2013-03-01,46
2013-03-02,18
2013-03-03,0
2013-03-04,15
2013-03-05,15
2013-03-06,15
2013-03-07,60
2013-03-08,0
2013-03-09,18
2013-03-10,0
2013-03-11,44
2013-03-12,15
2013-03-13,0
2013-03-14,15
2013-03-15,31
2013-03-16,0
2013-03-17,18
2013-03-18,15
2013-03-19,59
2013-03-20,29
2013-03-21,0
2013-03-22,16
2013-03-23,0
2013-03-24,0
2013-03-25,0
2013-03-26,0
2013-03-27,15
2013-03-28,0
2013-03-29,0
2013-03-30,0
2013-03-31,20
2013-04-01,0
2013-04-02,0
2013-04-03,15
2013-04-04,45
2013-04-05,0
2013-04-06,0
2013-04-07,18
2013-04-08,15
2013-04-09,29
2013-04-10,44
2013-04-11,15
2013-04-12,0
2013-04-13,0
2013-04-14,0
2013-04-15,0
2013-04-16,14
2013-04-17,0
2013-04-18,44
2013-04-19,15
2013-04-20,18
2013-04-21,19
2013-04-22,0
2013-04-23,0
2013-04-24,30
2013-04-25,45
2013-04-26,47
2013-04-27,0
2013-04-28,19
2013-04-29,15
2013-04-30,0
2013-05-01,0
2013-05-02,15
2013-05-03,31
2013-05-04,0
2013-05-05,0
2013-05-06,0
2013-05-07,15
2013-05-08,30
2013-05-09,31
2013-05-10,16
2013-05-11,0
2013-05-12,0
2013-05-13,0
2013-05-14,30
2013-05-15,0
2013-05-16,15
2013-05-17,16
2013-05-18,0
2013-05-19,0
2013-05-20,0
2013-05-21,15
2013-05-22,0
2013-05-23,31
2013-05-24,16
2013-05-25,0
2013-05-26,0
2013-05-27,0
2013-05-28,30
2013-05-29,15
2013-05-30,0
2013-05-31,16
2013-06-01,0
2013-06-02,19
2013-06-03,15
2013-06-04,0
2013-06-05,46
2013-06-06,0
2013-06-07,16
2013-06-08,0
2013-06-09,20
2013-06-10,0
2013-06-11,30
2013-06-12,0
2013-06-13,0
2013-06-14,0
2013-06-15,20
2013-06-16,0
2013-06-17,0
2013-06-18,0
2013-06-19,0
2013-06-20,0
2013-06-21,32
2013-06-22,0
2013-06-23,32
2013-06-24,76
2013-06-25,0
2013-06-26,25
2013-06-27,26
2013-06-28,26
2013-06-29,0
2013-06-30,32
2013-07-01,0
2013-07-02,25
2013-07-03,52
2013-07-04,0
2013-07-05,30
2013-07-06,0
2013-07-07,0
2013-07-08,50
2013-07-09,50
2013-07-10,0
2013-07-11,51
2013-07-12,0
2013-07-13,0
2013-07-14,0
2013-07-15,50
2013-07-16,0
2013-07-17,25
2013-07-18,25
2013-07-19,52
2013-07-20,0
2013-07-21,0
2013-07-22,49
2013-07-23,24
2013-07-24,25
2013-07-25,0
2013-07-26,0
2013-07-27,0
2013-07-28,0
2013-07-29,25
2013-07-30,49
2013-07-31,25
2013-08-01,99
2013-08-02,52
2013-08-03,31
2013-08-04,0
2013-08-05,0
2013-08-06,25
2013-08-07,25
2013-08-08,49
2013-08-09,78
2013-08-10,0
2013-08-11,0
2013-08-12,0
2013-08-13,0
2013-08-14,0
2013-08-15,25
2013-08-16,52
2013-08-17,0
2013-08-18,0
2013-08-19,0
2013-08-20,0
2013-08-21,25
2013-08-22,0
2013-08-23,26
2013-08-24,31
2013-08-25,0
2013-08-26,0
2013-08-27,48
2013-08-28,48
2013-08-29,0
2013-08-30,25
2013-08-31,30
2013-09-01,0
2013-09-02,28
2013-09-03,24
2013-09-04,0
2013-09-05,0
2013-09-06,0
2013-09-07,0
2013-09-08,0
2013-09-09,0
2013-09-10,0
2013-09-11,23
2013-09-12,48
2013-09-13,24
2013-09-14,0
2013-09-15,0
2013-09-16,23
2013-09-17,0
2013-09-18,47
2013-09-19,24
2013-09-20,0
2013-09-21,0
2013-09-22,0
2013-09-23,48
2013-09-24,0
2013-09-25,72
2013-09-26,0
2013-09-27,26
2013-09-28,0
2013-09-29,0
2013-09-30,24
2013-10-01,24
2013-10-02,71
2013-10-03,0
2013-10-04,0
2013-10-05,0
2013-10-06,29
2013-10-07,71
2013-10-08,47
2013-10-09,24
2013-10-10,72
2013-10-11,25
2013-10-12,30
2013-10-13,0
2013-10-14,96
2013-10-15,95
2013-10-16,48
2013-10-17,0
2013-10-18,100
2013-10-19,30
2013-10-20,30
2013-10-21,0
2013-10-22,70
2013-10-23,71
2013-10-24,24
2013-10-25,25
2013-10-26,30
2013-10-27,30
2013-10-28,47
2013-10-29,0
2013-10-30,23
2013-10-31,0
2013-11-01,0
2013-11-02,30
2013-11-03,0
2013-11-04,0
2013-11-05,0
2013-11-06,94
2013-11-07,48
2013-11-08,0
2013-11-09,0
2013-11-10,0
2013-11-11,24
2013-11-12,0
2013-11-13,0
2013-11-14,47
2013-11-15,49
2013-11-16,29
2013-11-17,0
2013-11-18,69
2013-11-19,46
2013-11-20,0
2013-11-21,47
2013-11-22,24
2013-11-23,57
2013-11-24,0
2013-11-25,0
2013-11-26,0
2013-11-27,50
2013-11-28,61
2013-11-29,0
2013-11-30,0
2013-12-01,0
2013-12-02,44
2013-12-03,0
2013-12-04,22
2013-12-05,0
2013-12-06,0
2013-12-07,0
2013-12-08,0
2013-12-09,0
2013-12-10,23
2013-12-11,0
2013-12-12,24
2013-12-13,74
2013-12-14,0
2013-12-15,29
2013-12-16,24
2013-12-17,94
2013-12-18,48
2013-12-19,0
2013-12-20,51
2013-12-21,0
2013-12-22,0
2013-12-23,53
2013-12-24,30
2013-12-25,0
2013-12-26,85
2013-12-27,27
2013-12-28,30
2013-12-29,0
2013-12-30,25
2013-12-31,53
2014-01-01,0
2014-01-02,49
2014-01-03,24
2014-01-04,0
2014-01-05,0
2014-01-06,69
2014-01-07,0
2014-01-08,0
2014-01-09,47
2014-01-10,24
2014-01-11,0
2014-01-12,28
2014-01-13,0
2014-01-14,23
2014-01-15,23
2014-01-16,23
2014-01-17,0
2014-01-18,0
2014-01-19,0
2014-01-20,0
2014-01-21,0
2014-01-22,33
2014-01-23,17
2014-01-24,17
2014-01-25,21
2014-01-26,0
2014-01-27,16
2014-01-28,0
2014-01-29,17
2014-01-30,34
2014-01-31,52
2014-02-01,0
2014-02-02,0
2014-02-03,66
2014-02-04,16
2014-02-05,51
2014-02-06,24
2014-02-07,40
2014-02-08,20
2014-02-09,0
2014-02-10,16
2014-02-11,33
2014-02-12,33
2014-02-13,17
2014-02-14,17
2014-02-15,21
2014-02-16,0
2014-02-17,17
2014-02-18,0
2014-02-19,17
2014-02-20,17
2014-02-21,17
2014-02-22,41
2014-02-23,20
2014-02-24,16
2014-02-25,33
2014-02-26,16
2014-02-27,33
2014-02-28,17
2014-03-01,61
2014-03-02,20
2014-03-03,16
2014-03-04,17
2014-03-05,0
2014-03-06,17
2014-03-07,53
2014-03-08,0
2014-03-09,0
2014-03-10,0
2014-03-11,17
2014-03-12,17
2014-03-13,17
2014-03-14,0
2014-03-15,0
2014-03-16,0
2014-03-17,33
2014-03-18,34
2014-03-19,17
2014-03-20,34
2014-03-21,53
2014-03-22,21
2014-03-23,0
2014-03-24,17
2014-03-25,16
2014-03-26,17
2014-03-27,17
2014-03-28,18
2014-03-29,0
2014-03-30,0
2014-03-31,33
2014-04-01,0
2014-04-02,17
2014-04-03,0
2014-04-04,35
2014-04-05,0
2014-04-06,0
2014-04-07,50
2014-04-08,33
2014-04-09,17
2014-04-10,17
2014-04-11,18
2014-04-12,0
2014-04-13,43
2014-04-14,33
2014-04-15,33
2014-04-16,34
2014-04-17,0
2014-04-18,38
2014-04-19,0
2014-04-20,23
2014-04-21,0
2014-04-22,0
2014-04-23,17
2014-04-24,17
2014-04-25,18
2014-04-26,0
2014-04-27,21
2014-04-28,0
2014-04-29,0
2014-04-30,33
2014-05-01,34
2014-05-02,18
2014-05-03,0
2014-05-04,0
2014-05-05,51
2014-05-06,0
2014-05-07,17
2014-05-08,18
2014-05-09,18
2014-05-10,22
2014-05-11,0
2014-05-12,0
2014-05-13,0
2014-05-14,69
2014-05-15,88
2014-05-16,0
2014-05-17,0
2014-05-18,45
2014-05-19,17
2014-05-20,18
2014-05-21,19
2014-05-22,20
2014-05-23,0
2014-05-24,53
2014-05-25,0
2014-05-26,25
2014-05-27,78
2014-05-28,38
2014-05-29,20
2014-05-30,61
2014-05-31,0
2014-06-01,25
2014-06-02,39
2014-06-03,0
2014-06-04,20
2014-06-05,40
2014-06-06,41
2014-06-07,0
2014-06-08,77
2014-06-09,99
2014-06-10,20
2014-06-11,0
2014-06-12,100
2014-06-13,62
2014-06-14,26
2014-06-15,0
2014-06-16,0
2014-06-17,40
2014-06-18,20
2014-06-19,61
2014-06-20,0
2014-06-21,26
2014-06-22,0
2014-06-23,30
2014-06-24,0
2014-06-25,30
2014-06-26,0
2014-06-27,15
2014-06-28,19
2014-06-29,0
2014-06-30,0
2014-07-01,29
2014-07-02,30
2014-07-03,0
2014-07-04,0
2014-07-05,0
2014-07-06,39
2014-07-07,0
2014-07-08,0
2014-07-09,15
2014-07-10,15
2014-07-11,0
2014-07-12,18
2014-07-13,0
2014-07-14,0
2014-07-15,0
2014-07-16,0
2014-07-17,15
2014-07-18,15
2014-07-19,0
2014-07-20,19
2014-07-21,15
2014-07-22,29
2014-07-23,15
2014-07-24,30
2014-07-25,16
2014-07-26,0
2014-07-27,18
2014-07-28,15
2014-07-29,15
2014-07-30,0
2014-07-31,45
2014-08-01,30
2014-08-02,0
2014-08-03,19
2014-08-04,15
2014-08-05,44
2014-08-06,29
2014-08-07,0
2014-08-08,16
2014-08-09,0
2014-08-10,19
2014-08-11,0
2014-08-12,14
2014-08-13,14
2014-08-14,15
2014-08-15,30
2014-08-16,0
2014-08-17,0
2014-08-18,0
2014-08-19,0
2014-08-20,43
2014-08-21,29
2014-08-22,0
2014-08-23,0
2014-08-24,0
2014-08-25,28
2014-08-26,14
2014-08-27,28
2014-08-28,0
2014-08-29,30
2014-08-30,0
2014-08-31,0
2014-09-01,33
2014-09-02,0
2014-09-03,14
2014-09-04,0
2014-09-05,14
2014-09-06,0
2014-09-07,17
2014-09-08,0
2014-09-09,26
2014-09-10,0
2014-09-11,14
2014-09-12,0
2014-09-13,0
2014-09-14,17
2014-09-15,0
2014-09-16,13
2014-09-17,27
2014-09-18,14
2014-09-19,0
2014-09-20,0
2014-09-21,17
2014-09-22,14
2014-09-23,41
2014-09-24,0
2014-09-25,14
2014-09-26,0
2014-09-27,18
2014-09-28,18
2014-09-29,27
2014-09-30,13
2014-10-01,14
2014-10-02,69
2014-10-03,14
2014-10-04,18
2014-10-05,0
2014-10-06,14
2014-10-07,27
2014-10-08,0
2014-10-09,14
2014-10-10,43
2014-10-11,18
2014-10-12,35
2014-10-13,14
2014-10-14,53
2014-10-15,68
2014-10-16,54
2014-10-17,100
2014-10-18,36
2014-10-19,18
2014-10-20,14
2014-10-21,13
2014-10-22,54
2014-10-23,27
2014-10-24,0
2014-10-25,18
2014-10-26,0
2014-10-27,13
2014-10-28,40
2014-10-29,40
2014-10-30,0
2014-10-31,15
2014-11-01,18
2014-11-02,0
2014-11-03,14
2014-11-04,13
2014-11-05,0
2014-11-06,0
2014-11-07,14
2014-11-08,0
2014-11-09,0
2014-11-10,13
2014-11-11,41
2014-11-12,0
2014-11-13,13
2014-11-14,14
2014-11-15,0
2014-11-16,0
2014-11-17,0
2014-11-18,29
2014-11-19,28
2014-11-20,0
2014-11-21,14
2014-11-22,17
2014-11-23,0
2014-11-24,0
2014-11-25,14
2014-11-26,14
2014-11-27,0
2014-11-28,48
2014-11-29,17
2014-11-30,0
2014-12-01,26
2014-12-02,13
2014-12-03,26
2014-12-04,13
2014-12-05,27
2014-12-06,16
2014-12-07,0
2014-12-08,13
2014-12-09,39
2014-12-10,0
2014-12-11,14
2014-12-12,42
2014-12-13,18
2014-12-14,0
2014-12-15,55
2014-12-16,27
2014-12-17,85
2014-12-18,43
2014-12-19,15
2014-12-20,18
2014-12-21,0
2014-12-22,0
2014-12-23,16
2014-12-24,35
2014-12-25,0
2014-12-26,17
2014-12-27,0
2014-12-28,0
2014-12-29,0
2014-12-30,30
2014-12-31,31
2015-01-01,0
2015-01-02,61
2015-01-03,33
2015-01-04,0
2015-01-05,27
2015-01-06,14
2015-01-07,14
2015-01-08,14
2015-01-09,41
2015-01-10,0
2015-01-11,0
2015-01-12,13
2015-01-13,13
2015-01-14,54
2015-01-15,40
2015-01-16,14
2015-01-17,0
2015-01-18,17
2015-01-19,14
2015-01-20,13
2015-01-21,39
2015-01-22,72
2015-01-23,0
2015-01-24,0
2015-01-25,60
2015-01-26,70
2015-01-27,0
2015-01-28,24
2015-01-29,47
2015-01-30,24
2015-01-31,0
2015-02-01,28
2015-02-02,23
2015-02-03,46
2015-02-04,23
2015-02-05,0
2015-02-06,48
2015-02-07,0
2015-02-08,0
2015-02-09,0
2015-02-10,23
2015-02-11,0
2015-02-12,23
2015-02-13,48
2015-02-14,0
2015-02-15,0
2015-02-16,25
2015-02-17,46
2015-02-18,0
2015-02-19,0
2015-02-20,0
2015-02-21,29
2015-02-22,0
2015-02-23,45
2015-02-24,0
2015-02-25,47
2015-02-26,71
2015-02-27,94
2015-02-28,0
2015-03-01,0
2015-03-02,23
2015-03-03,70
2015-03-04,23
2015-03-05,47
2015-03-06,48
2015-03-07,0
2015-03-08,0
2015-03-09,24
2015-03-10,23
2015-03-11,71
2015-03-12,48
2015-03-13,0
2015-03-14,60
2015-03-15,0
2015-03-16,24
2015-03-17,24
2015-03-18,24
2015-03-19,0
2015-03-20,49
2015-03-21,0
2015-03-22,30
2015-03-23,96
2015-03-24,24
2015-03-25,40
2015-03-26,57
2015-03-27,25
2015-03-28,0
2015-03-29,66
2015-03-30,73
2015-03-31,24
2015-04-01,49
2015-04-02,50
2015-04-03,0
2015-04-04,0
2015-04-05,33
2015-04-06,25
2015-04-07,0
2015-04-08,0
2015-04-09,48
2015-04-10,50
2015-04-11,0
2015-04-12,31
2015-04-13,0
2015-04-14,0
2015-04-15,94
2015-04-16,24
2015-04-17,100
2015-04-18,64
2015-04-19,0
2015-04-20,23
2015-04-21,0
2015-04-22,95
2015-04-23,24
2015-04-24,25
2015-04-25,0
2015-04-26,31
2015-04-27,24
2015-04-28,0
2015-04-29,73
2015-04-30,24
2015-05-01,25
2015-05-02,32
2015-05-03,0
2015-05-04,24
2015-05-05,0
2015-05-06,24
2015-05-07,0
2015-05-08,0
2015-05-09,0
2015-05-10,33
2015-05-11,25
2015-05-12,49
2015-05-13,74
2015-05-14,25
2015-05-15,0
2015-05-16,33
2015-05-17,0
2015-05-18,74
2015-05-19,25
2015-05-20,50
2015-05-21,52
2015-05-22,27
2015-05-23,34
2015-05-24,0
2015-05-25,64
2015-05-26,76
2015-05-27,0
2015-05-28,0
2015-05-29,26
2015-05-30,33
2015-05-31,0
2015-06-01,0
2015-06-02,50
2015-06-03,0
2015-06-04,0
2015-06-05,27
2015-06-06,0
2015-06-07,0
2015-06-08,0
2015-06-09,26
2015-06-10,26
2015-06-11,0
2015-06-12,27
2015-06-13,0
2015-06-14,0
2015-06-15,51
2015-06-16,77
2015-06-17,77
2015-06-18,53
2015-06-19,0
2015-06-20,33
2015-06-21,34
2015-06-22,78
2015-06-23,0
2015-06-24,0
2015-06-25,12
2015-06-26,12
2015-06-27,0
2015-06-28,30
2015-06-29,35
2015-06-30,81
2015-07-01,35
2015-07-02,12
2015-07-03,0
2015-07-04,0
2015-07-05,0
2015-07-06,23
2015-07-07,12
2015-07-08,23
2015-07-09,12
2015-07-10,24
2015-07-11,0
2015-07-12,0
2015-07-13,11
2015-07-14,23
2015-07-15,23
2015-07-16,0
2015-07-17,49
2015-07-18,0
2015-07-19,0
2015-07-20,12
2015-07-21,23
2015-07-22,0
2015-07-23,24
2015-07-24,12
2015-07-25,44
2015-07-26,0
2015-07-27,23
2015-07-28,35
2015-07-29,12
2015-07-30,23
2015-07-31,0
2015-08-01,15
2015-08-02,15
2015-08-03,12
2015-08-04,23
2015-08-05,12
2015-08-06,0
2015-08-07,12
2015-08-08,15
2015-08-09,0
2015-08-10,35
2015-08-11,0
2015-08-12,35
2015-08-13,12
2015-08-14,12
2015-08-15,0
2015-08-16,0
2015-08-17,0
2015-08-18,0
2015-08-19,0
2015-08-20,11
2015-08-21,58
2015-08-22,44
2015-08-23,29
2015-08-24,33
2015-08-25,77
2015-08-26,100
2015-08-27,34
2015-08-28,46
2015-08-29,0
2015-08-30,0
2015-08-31,11
2015-09-01,54
2015-09-02,11
2015-09-03,33
2015-09-04,23
2015-09-05,14
2015-09-06,0
2015-09-07,14
2015-09-08,0
2015-09-09,21
2015-09-10,54
2015-09-11,11
2015-09-12,14
2015-09-13,14
2015-09-14,32
2015-09-15,21
2015-09-16,54
2015-09-17,11
2015-09-18,23
2015-09-19,0
2015-09-20,0
2015-09-21,63
2015-09-22,32
2015-09-23,0
2015-09-24,0
2015-09-25,11
2015-09-26,0
2015-09-27,0
2015-09-28,42
2015-09-29,32
2015-09-30,0
2015-10-01,11
2015-10-02,0
2015-10-03,0
2015-10-04,0
2015-10-05,0
2015-10-06,0
2015-10-07,22
2015-10-08,11
2015-10-09,11
2015-10-10,0
2015-10-11,0
2015-10-12,11
2015-10-13,31
2015-10-14,31
2015-10-15,21
2015-10-16,0
2015-10-17,0
2015-10-18,27
2015-10-19,11
2015-10-20,21
2015-10-21,0
2015-10-22,42
2015-10-23,0
2015-10-24,14
2015-10-25,0
2015-10-26,10
2015-10-27,0
2015-10-28,0
2015-10-29,52
2015-10-30,0
2015-10-31,27
2015-11-01,14
2015-11-02,0
2015-11-03,0
2015-11-04,10
2015-11-05,0
2015-11-06,11
2015-11-07,0
2015-11-08,0
2015-11-09,21
2015-11-10,30
2015-11-11,0
2015-11-12,21
2015-11-13,22
2015-11-14,0
2015-11-15,13
2015-11-16,10
2015-11-17,10
2015-11-18,10
2015-11-19,0
2015-11-20,21
2015-11-21,27
2015-11-22,13
2015-11-23,0
2015-11-24,21
2015-11-25,0
2015-11-26,0
2015-11-27,13
2015-11-28,0
2015-11-29,13
2015-11-30,0
2015-12-01,0
2015-12-02,0
2015-12-03,0
2015-12-04,10
2015-12-05,0
2015-12-06,0
2015-12-07,10
2015-12-08,10
2015-12-09,20
2015-12-10,10
2015-12-11,11
2015-12-12,0
2015-12-13,13
2015-12-14,10
2015-12-15,10
2015-12-16,32
2015-12-17,11
2015-12-18,11
2015-12-19,28
2015-12-20,14
2015-12-21,0
2015-12-22,12
2015-12-23,0
2015-12-24,0
2015-12-25,0
2015-12-26,0
2015-12-27,0
2015-12-28,0
2015-12-29,23
2015-12-30,12
2015-12-31,0
2016-01-01,12
2016-01-02,0
2016-01-03,0
2016-01-04,9
2016-01-05,18
2016-01-06,9
2016-01-07,27
2016-01-08,27
2016-01-09,32
2016-01-10,20
2016-01-11,9
2016-01-12,27
2016-01-13,36
2016-01-14,25
2016-01-15,27
2016-01-16,11
2016-01-17,10
2016-01-18,9
2016-01-19,35
2016-01-20,44
2016-01-21,9
2016-01-22,45
2016-01-23,0
2016-01-24,12
2016-01-25,19
2016-01-26,5
2016-01-27,5
2016-01-28,10
2016-01-29,5
2016-01-30,6
2016-01-31,0
2016-02-01,14
2016-02-02,9
2016-02-03,10
2016-02-04,5
2016-02-05,5
2016-02-06,6
2016-02-07,11
2016-02-08,9
2016-02-09,0
2016-02-10,0
2016-02-11,15
2016-02-12,10
2016-02-13,6
2016-02-14,0
2016-02-15,0
2016-02-16,5
2016-02-17,10
2016-02-18,10
2016-02-19,0
2016-02-20,0
2016-02-21,0
2016-02-22,0
2016-02-23,19
2016-02-24,0
2016-02-25,0
2016-02-26,5
2016-02-27,0
2016-02-28,0
2016-02-29,5
2016-03-01,0
2016-03-02,5
2016-03-03,14
2016-03-04,15
2016-03-05,11
2016-03-06,0
2016-03-07,5
2016-03-08,0
2016-03-09,5
2016-03-10,10
2016-03-11,5
2016-03-12,6
2016-03-13,0
2016-03-14,15
2016-03-15,5
2016-03-16,5
2016-03-17,0
2016-03-18,10
2016-03-19,6
2016-03-20,0
2016-03-21,5
2016-03-22,15
2016-03-23,5
2016-03-24,10
2016-03-25,0
2016-03-26,0
2016-03-27,0
2016-03-28,15
2016-03-29,15
2016-03-30,10
2016-03-31,10
2016-04-01,10
2016-04-02,0
2016-04-03,6
2016-04-04,10
2016-04-05,0
2016-04-06,14
2016-04-07,19
2016-04-08,15
2016-04-09,6
2016-04-10,0
2016-04-11,10
2016-04-12,14
2016-04-13,10
2016-04-14,19
2016-04-15,0
2016-04-16,0
2016-04-17,6
2016-04-18,5
2016-04-19,5
2016-04-20,5
2016-04-21,0
2016-04-22,10
2016-04-23,0
2016-04-24,0
2016-04-25,5
2016-04-26,0
2016-04-27,5
2016-04-28,10
2016-04-29,10
2016-04-30,0
2016-05-01,0
2016-05-02,0
2016-05-03,5
2016-05-04,5
2016-05-05,14
2016-05-06,5
2016-05-07,6
2016-05-08,0
2016-05-09,0
2016-05-10,5
2016-05-11,5
2016-05-12,10
2016-05-13,15
2016-05-14,0
2016-05-15,0
2016-05-16,10
2016-05-17,5
2016-05-18,5
2016-05-19,10
2016-05-20,5
2016-05-21,6
2016-05-22,6
2016-05-23,10
2016-05-24,5
2016-05-25,0
2016-05-26,10
2016-05-27,0
2016-05-28,12
2016-05-29,0
2016-05-30,0
2016-05-31,5
2016-06-01,10
2016-06-02,15
2016-06-03,0
2016-06-04,6
2016-06-05,0
2016-06-06,10
2016-06-07,10
2016-06-08,15
2016-06-09,0
2016-06-10,5
2016-06-11,0
2016-06-12,6
2016-06-13,5
2016-06-14,10
2016-06-15,15
2016-06-16,5
2016-06-17,21
2016-06-18,0
2016-06-19,0
2016-06-20,15
2016-06-21,10
2016-06-22,10
2016-06-23,10
2016-06-24,100
2016-06-25,38
2016-06-26,10
2016-06-27,40
2016-06-28,31
2016-06-29,24
2016-06-30,25
2016-07-01,75
2016-07-02,10
2016-07-03,0
2016-07-04,0
2016-07-05,0
2016-07-06,24
2016-07-07,25
2016-07-08,25
2016-07-09,0
2016-07-10,0
2016-07-11,17
2016-07-12,8
2016-07-13,25
2016-07-14,16
2016-07-15,17
2016-07-16,10
2016-07-17,0
2016-07-18,0
2016-07-19,25
2016-07-20,16
2016-07-21,24
2016-07-22,17
2016-07-23,0
2016-07-24,0
2016-07-25,16
2016-07-26,8
2016-07-27,24
2016-07-28,8
2016-07-29,25
2016-07-30,19
2016-07-31,9
2016-08-01,0
2016-08-02,65
2016-08-03,0
2016-08-04,0
2016-08-05,0
2016-08-06,10
2016-08-07,10
2016-08-08,17
2016-08-09,17
2016-08-10,33
2016-08-11,0
2016-08-12,9
2016-08-13,0
2016-08-14,0
2016-08-15,26
2016-08-16,0
2016-08-17,35
2016-08-18,0
2016-08-19,0
2016-08-20,0
2016-08-21,0
2016-08-22,0
2016-08-23,17
2016-08-24,25
2016-08-25,24
2016-08-26,8
2016-08-27,0
2016-08-28,28
2016-08-29,16
2016-08-30,8
2016-08-31,16
2016-09-01,8
2016-09-02,8
2016-09-03,9
2016-09-04,0
2016-09-05,9
2016-09-06,30
2016-09-07,15
2016-09-08,8
2016-09-09,16
2016-09-10,18
2016-09-11,0
2016-09-12,30
2016-09-13,15
2016-09-14,15
2016-09-15,15
2016-09-16,0
2016-09-17,0
2016-09-18,9
2016-09-19,15
2016-09-20,30
2016-09-21,8
2016-09-22,8
2016-09-23,0
2016-09-24,0
2016-09-25,0
2016-09-26,22
2016-09-27,0
2016-09-28,30
2016-09-29,23
2016-09-30,16
2016-10-01,0
2016-10-02,0
2016-10-03,45
2016-10-04,7
2016-10-05,8
2016-10-06,38
2016-10-07,15
2016-10-08,9
2016-10-09,0
2016-10-10,0
2016-10-11,8
2016-10-12,15
2016-10-13,23
2016-10-14,0
2016-10-15,9
2016-10-16,0
2016-10-17,8
2016-10-18,0
2016-10-19,8
2016-10-20,8
2016-10-21,16
2016-10-22,0
2016-10-23,0
2016-10-24,7
2016-10-25,0
2016-10-26,22
2016-10-27,7
2016-10-28,16
2016-10-29,9
2016-10-30,0
2016-10-31,15
2016-11-01,23
2016-11-02,15
2016-11-03,7
2016-11-04,23
2016-11-05,0
2016-11-06,9
2016-11-07,29
2016-11-08,43
2016-11-09,100
2016-11-10,15
2016-11-11,0
2016-11-12,9
2016-11-13,18
2016-11-14,7
2016-11-15,7
2016-11-16,29
2016-11-17,7
2016-11-18,15
2016-11-19,0
2016-11-20,9
2016-11-21,7
2016-11-22,7
2016-11-23,8
2016-11-24,9
2016-11-25,33
2016-11-26,9
2016-11-27,8
2016-11-28,20
2016-11-29,7
2016-11-30,7
2016-12-01,0
2016-12-02,0
2016-12-03,8
2016-12-04,0
2016-12-05,13
2016-12-06,7
2016-12-07,28
2016-12-08,28
2016-12-09,7
2016-12-10,0
2016-12-11,0
2016-12-12,20
2016-12-13,7
2016-12-14,0
2016-12-15,0
2016-12-16,0
2016-12-17,0
2016-12-18,17
2016-12-19,22
2016-12-20,8
2016-12-21,23
2016-12-22,16
2016-12-23,16
2016-12-24,9
2016-12-25,0
2016-12-26,0
2016-12-27,0
2016-12-28,50
2016-12-29,16
2016-12-30,17
2016-12-31,18
2017-01-01,0
2017-01-02,0
2017-01-03,31
2017-01-04,15
2017-01-05,16
2017-01-06,0
2017-01-07,18
2017-01-08,0
2017-01-09,30
2017-01-10,0
2017-01-11,0
2017-01-12,45
2017-01-13,15
2017-01-14,0
2017-01-15,17
2017-01-16,47
2017-01-17,0
2017-01-18,59
2017-01-19,59
2017-01-20,44
2017-01-21,0
2017-01-22,0
2017-01-23,0
2017-01-24,0
2017-01-25,44
2017-01-26,29
2017-01-27,30
2017-01-28,36
2017-01-29,0
2017-01-30,57
2017-01-31,43
2017-02-01,14
2017-02-02,29
2017-02-03,0
2017-02-04,0
2017-02-05,0
2017-02-06,28
2017-02-07,43
2017-02-08,87
2017-02-09,15
2017-02-10,0
2017-02-11,0
2017-02-12,0
2017-02-13,56
2017-02-14,44
2017-02-15,45
2017-02-16,43
2017-02-17,0
2017-02-18,0
2017-02-19,0
2017-02-20,76
2017-02-21,0
2017-02-22,43
2017-02-23,43
2017-02-24,30
2017-02-25,0
2017-02-26,0
2017-02-27,13
2017-02-28,0
2017-03-01,0
2017-03-02,27
2017-03-03,29
2017-03-04,17
2017-03-05,0
2017-03-06,14
2017-03-07,27
2017-03-08,29
2017-03-09,0
2017-03-10,29
2017-03-11,0
2017-03-12,16
2017-03-13,0
2017-03-14,0
2017-03-15,29
2017-03-16,15
2017-03-17,0
2017-03-18,0
2017-03-19,0
2017-03-20,29
2017-03-21,14
2017-03-22,0
2017-03-23,0
2017-03-24,30
2017-03-25,0
2017-03-26,0
2017-03-27,43
2017-03-28,0
2017-03-29,0
2017-03-30,15
2017-03-31,15
2017-04-01,17
2017-04-02,0
2017-04-03,14
2017-04-04,0
2017-04-05,0
2017-04-06,29
2017-04-07,0
2017-04-08,0
2017-04-09,0
2017-04-10,44
2017-04-11,44
2017-04-12,29
2017-04-13,30
2017-04-14,16
2017-04-15,18
2017-04-16,19
2017-04-17,44
2017-04-18,43
2017-04-19,72
2017-04-20,0
2017-04-21,15
2017-04-22,0
2017-04-23,18
2017-04-24,100
2017-04-25,42
2017-04-26,44
2017-04-27,23
2017-04-28,23
2017-04-29,0
2017-04-30,14
2017-05-01,45
2017-05-02,44
2017-05-03,34
2017-05-04,11
2017-05-05,24
2017-05-06,0
2017-05-07,14
2017-05-08,11
2017-05-09,45
2017-05-10,0
2017-05-11,70
2017-05-12,12
2017-05-13,0
2017-05-14,0
2017-05-15,24
2017-05-16,0
2017-05-17,73
2017-05-18,49
2017-05-19,63
2017-05-20,0
2017-05-21,0
2017-05-22,48
2017-05-23,12
2017-05-24,24
2017-05-25,37
2017-05-26,26
2017-05-27,0
2017-05-28,16
2017-05-29,0
2017-05-30,36
2017-05-31,47
2017-06-01,37
2017-06-02,13
2017-06-03,0
2017-06-04,15
2017-06-05,12
2017-06-06,47
2017-06-07,24
2017-06-08,24
2017-06-09,13
2017-06-10,0
2017-06-11,0
2017-06-12,36
2017-06-13,0
2017-06-14,24
2017-06-15,0
2017-06-16,0
2017-06-17,0
2017-06-18,0
2017-06-19,0
2017-06-20,0
2017-06-21,0
2017-06-22,0
2017-06-23,24
2017-06-24,0
2017-06-25,0
2017-06-26,25
2017-06-27,0
2017-06-28,13
2017-06-29,13
2017-06-30,0
2017-07-01,0
2017-07-02,0
2017-07-03,14
2017-07-04,0
2017-07-05,53
2017-07-06,26
2017-07-07,13
2017-07-08,0
2017-07-09,0
2017-07-10,0
2017-07-11,13
2017-07-12,13
2017-07-13,25
2017-07-14,26
2017-07-15,30
2017-07-16,15
2017-07-17,38
2017-07-18,13
2017-07-19,50
2017-07-20,25
2017-07-21,0
2017-07-22,15
2017-07-23,29
2017-07-24,0
2017-07-25,37
2017-07-26,50
2017-07-27,37
2017-07-28,25
2017-07-29,0
2017-07-30,0
2017-07-31,12
2017-08-01,70
2017-08-02,45
2017-08-03,59
2017-08-04,12
2017-08-05,0
2017-08-06,14
2017-08-07,23
2017-08-08,11
2017-08-09,60
2017-08-10,61
2017-08-11,100
2017-08-12,42
2017-08-13,14
2017-08-14,37
2017-08-15,24
2017-08-16,48
2017-08-17,48
2017-08-18,49
2017-08-19,28
2017-08-20,0
2017-08-21,11
2017-08-22,24
2017-08-23,36
2017-08-24,24
2017-08-25,24
2017-08-26,0
2017-08-27,0
2017-08-28,27
2017-08-29,26
2017-08-30,40
2017-08-31,13
2017-09-01,14
2017-09-02,0
2017-09-03,0
2017-09-04,15
2017-09-05,38
2017-09-06,100
2017-09-07,51
2017-09-08,26
2017-09-09,15
2017-09-10,0
2017-09-11,26
2017-09-12,13
2017-09-13,39
2017-09-14,65
2017-09-15,93
2017-09-16,0
2017-09-17,15
2017-09-18,38
2017-09-19,38
2017-09-20,51
2017-09-21,26
2017-09-22,27
2017-09-23,16
2017-09-24,31
2017-09-25,26
2017-09-26,26
2017-09-27,13
2017-09-28,91
2017-09-29,13
2017-09-30,0
2017-10-01,0
2017-10-02,37
2017-10-03,51
2017-10-04,51
2017-10-05,13
2017-10-06,53
2017-10-07,15
2017-10-08,15
2017-10-09,38
2017-10-10,50
2017-10-11,38
2017-10-12,25
2017-10-13,79
2017-10-14,0
2017-10-15,30
2017-10-16,13
2017-10-17,26
2017-10-18,13
2017-10-19,39
2017-10-20,27
2017-10-21,16
2017-10-22,45
2017-10-23,26
2017-10-24,0
2017-10-25,25
2017-10-26,26
2017-10-27,0
2017-10-28,0
2017-10-29,31
2017-10-30,25
2017-10-31,0
2017-11-01,0
2017-11-02,50
2017-11-03,13
2017-11-04,15
2017-11-05,0
2017-11-06,13
2017-11-07,25
2017-11-08,38
2017-11-09,13
2017-11-10,53
2017-11-11,15
2017-11-12,15
2017-11-13,38
2017-11-14,0
2017-11-15,25
2017-11-16,13
2017-11-17,13
2017-11-18,0
2017-11-19,0
2017-11-20,26
2017-11-21,40
2017-11-22,14
2017-11-23,31
2017-11-24,14
2017-11-25,0
2017-11-26,15
2017-11-27,12
2017-11-28,0
2017-11-29,50
2017-11-30,13
2017-12-01,13
2017-12-02,30
2017-12-03,15
2017-12-04,12
2017-12-05,25
2017-12-06,0
2017-12-07,38
2017-12-08,51
2017-12-09,0
2017-12-10,15
2017-12-11,25
2017-12-12,12
2017-12-13,13
2017-12-14,13
2017-12-15,0
2017-12-16,16
2017-12-17,15
2017-12-18,13
2017-12-19,79
2017-12-20,27
2017-12-21,14
2017-12-22,0
2017-12-23,0
2017-12-24,0
2017-12-25,0
2017-12-26,30
2017-12-27,4
2017-12-28,2
2017-12-29,0
2017-12-30,2
2017-12-31,2
2018-01-01,0
2018-01-02,2
2018-01-03,2
2018-01-04,8
2018-01-05,10
2018-01-06,2
2018-01-07,2
2018-01-08,4
2018-01-09,2
2018-01-10,4
2018-01-11,0
2018-01-12,0
2018-01-13,0
2018-01-14,0
2018-01-15,0
2018-01-16,4
2018-01-17,6
2018-01-18,0
2018-01-19,2
2018-01-20,0
2018-01-21,2
2018-01-22,6
2018-01-23,4
2018-01-24,4
2018-01-25,10
2018-01-26,2
2018-01-27,2
2018-01-28,0
2018-01-29,11
2018-01-30,6
2018-01-31,11
2018-02-01,2
2018-02-02,12
2018-02-03,0
2018-02-04,2
2018-02-05,39
2018-02-06,100
2018-02-07,26
2018-02-08,19
2018-02-09,27
2018-02-10,4
2018-02-11,9
2018-02-12,17
2018-02-13,8
2018-02-14,17
2018-02-15,8
2018-02-16,12
2018-02-17,0
2018-02-18,2
2018-02-19,6
2018-02-20,9
2018-02-21,9
2018-02-22,13
2018-02-23,8
2018-02-24,0
2018-02-25,9
2018-02-26,7
2018-02-27,15
2018-02-28,15
2018-03-01,4
2018-03-02,6
2018-03-03,0
2018-03-04,0
2018-03-05,4
2018-03-06,5
2018-03-07,7
2018-03-08,2
2018-03-09,6
2018-03-10,0
2018-03-11,0
2018-03-12,2
2018-03-13,7
2018-03-14,8
2018-03-15,2
2018-03-16,2
2018-03-17,2
2018-03-18,2
2018-03-19,9
2018-03-20,6
2018-03-21,4
2018-03-22,8
2018-03-23,6
2018-03-24,2
2018-03-25,5
2018-03-26,4
2018-03-27,10
2018-03-28,6
2018-03-29,0
2018-03-30,6
2018-03-31,0
2018-04-01,0
2018-04-02,6
2018-04-03,0
2018-04-04,0
2018-04-05,4
2018-04-06,12
2018-04-07,4
2018-04-08,7
2018-04-09,0
2018-04-10,0
2018-04-11,4
2018-04-12,10
2018-04-13,0
2018-04-14,2
2018-04-15,4
2018-04-16,4
2018-04-17,4
2018-04-18,2
2018-04-19,2
2018-04-20,6
2018-04-21,2
2018-04-22,0
2018-04-23,4
2018-04-24,4
2018-04-25,2
2018-04-26,0
2018-04-27,20
2018-04-28,0
2018-04-29,24
2018-04-30,59
2018-05-01,20
2018-05-02,20
2018-05-03,20
2018-05-04,41
2018-05-05,48
2018-05-06,0
2018-05-07,39
2018-05-08,39
2018-05-09,19
2018-05-10,40
2018-05-11,40
2018-05-12,0
2018-05-13,0
2018-05-14,20
2018-05-15,60
2018-05-16,39
2018-05-17,100
2018-05-18,0
2018-05-19,0
2018-05-20,24
2018-05-21,0
2018-05-22,40
2018-05-23,20
2018-05-24,21
2018-05-25,43
2018-05-26,25
2018-05-27,0
2018-05-28,0
2018-05-29,20
2018-05-30,0
2018-05-31,21
2018-06-01,21
2018-06-02,0
2018-06-03,0
2018-06-04,0
2018-06-05,20
2018-06-06,21
2018-06-07,20
2018-06-08,42
2018-06-09,24
2018-06-10,24
2018-06-11,20
2018-06-12,57
2018-06-13,39
2018-06-14,20
2018-06-15,21
2018-06-16,24
2018-06-17,25
2018-06-18,0
2018-06-19,41
2018-06-20,42
2018-06-21,0
2018-06-22,43
2018-06-23,0
2018-06-24,0
2018-06-25,21
2018-06-26,41
2018-06-27,21
2018-06-28,21
2018-06-29,43
2018-06-30,0
2018-07-01,0
2018-07-02,62
2018-07-03,42
2018-07-04,0
2018-07-05,22
2018-07-06,63
2018-07-07,0
2018-07-08,0
2018-07-09,20
2018-07-10,0
2018-07-11,0
2018-07-12,43
2018-07-13,0
2018-07-14,0
2018-07-15,0
2018-07-16,42
2018-07-17,84
2018-07-18,0
2018-07-19,0
2018-07-20,0
2018-07-21,0
2018-07-22,24
2018-07-23,0
2018-07-24,82
2018-07-25,41
2018-07-26,42
2018-07-27,43
2018-07-28,18
2018-07-29,18
2018-07-30,0
2018-07-31,60
2018-08-01,15
2018-08-02,0
2018-08-03,0
2018-08-04,18
2018-08-05,18
2018-08-06,0
2018-08-07,30
2018-08-08,60
2018-08-09,30
2018-08-10,31
2018-08-11,35
2018-08-12,0
2018-08-13,31
2018-08-14,30
2018-08-15,46
2018-08-16,15
2018-08-17,15
2018-08-18,18
2018-08-19,0
2018-08-20,0
2018-08-21,91
2018-08-22,31
2018-08-23,15
2018-08-24,16
2018-08-25,0
2018-08-26,18
2018-08-27,0
2018-08-28,76
2018-08-29,15
2018-08-30,30
2018-08-31,31
2018-09-01,17
2018-09-02,0
2018-09-03,17
2018-09-04,15
2018-09-05,15
2018-09-06,29
2018-09-07,29
2018-09-08,17
2018-09-09,0
2018-09-10,0
2018-09-11,14
2018-09-12,14
2018-09-13,0
2018-09-14,15
2018-09-15,18
2018-09-16,0
2018-09-17,29
2018-09-18,0
2018-09-19,0
2018-09-20,14
2018-09-21,15
2018-09-22,0
2018-09-23,0
2018-09-24,15
2018-09-25,14
2018-09-26,43
2018-09-27,29
2018-09-28,15
2018-09-29,0
2018-09-30,0
2018-10-01,14
2018-10-02,0
2018-10-03,0
2018-10-04,15
2018-10-05,45
2018-10-06,18
2018-10-07,17
2018-10-08,15
2018-10-09,15
2018-10-10,44
2018-10-11,74
2018-10-12,63
2018-10-13,0
2018-10-14,36
2018-10-15,44
2018-10-16,44
2018-10-17,29
2018-10-18,46
2018-10-19,77
2018-10-20,0
2018-10-21,0
2018-10-22,30
2018-10-23,59
2018-10-24,100
2018-10-25,29
2018-10-26,47
2018-10-27,18
2018-10-28,0
2018-10-29,12
2018-10-30,24
2018-10-31,50
2018-11-01,25
2018-11-02,12
2018-11-03,15
2018-11-04,0
2018-11-05,22
2018-11-06,12
2018-11-07,0
2018-11-08,0
2018-11-09,12
2018-11-10,0
2018-11-11,0
2018-11-12,12
2018-11-13,59
2018-11-14,24
2018-11-15,12
2018-11-16,25
2018-11-17,0
2018-11-18,29
2018-11-19,61
2018-11-20,24
2018-11-21,26
2018-11-22,0
2018-11-23,27
2018-11-24,0
2018-11-25,0
2018-11-26,0
2018-11-27,11
2018-11-28,23
2018-11-29,24
2018-11-30,23
2018-12-01,14
2018-12-02,14
2018-12-03,35
2018-12-04,12
2018-12-05,24
2018-12-06,12
2018-12-07,37
2018-12-08,0
2018-12-09,0
2018-12-10,47
2018-12-11,24
2018-12-12,12
2018-12-13,24
2018-12-14,23
2018-12-15,0
2018-12-16,0
2018-12-17,0
2018-12-18,23
2018-12-19,12
2018-12-20,51
2018-12-21,26
2018-12-22,15
2018-12-23,15
2018-12-24,59
2018-12-25,17
2018-12-26,100
2018-12-27,93
2018-12-28,13
2018-12-29,0
2018-12-30,29
2018-12-31,40
2019-01-01,0
2019-01-02,25
2019-01-03,25
2019-01-04,25
2019-01-05,14
2019-01-06,28
2019-01-07,0
2019-01-08,35
2019-01-09,36
2019-01-10,36
2019-01-11,36
2019-01-12,0
2019-01-13,0
2019-01-14,23
2019-01-15,46
2019-01-16,12
2019-01-17,23
2019-01-18,24
2019-01-19,0
2019-01-20,0
2019-01-21,12
2019-01-22,35
2019-01-23,23
2019-01-24,11
2019-01-25,24
2019-01-26,14
2019-01-27,0
2019-01-28,12
2019-01-29,11
2019-01-30,0
2019-01-31,20
2019-02-01,10
2019-02-02,0
2019-02-03,23
2019-02-04,9
2019-02-05,39
2019-02-06,10
2019-02-07,19
2019-02-08,10
2019-02-09,0
2019-02-10,11
2019-02-11,9
2019-02-12,10
2019-02-13,10
2019-02-14,0
2019-02-15,51
2019-02-16,0
2019-02-17,0
2019-02-18,20
2019-02-19,10
2019-02-20,19
2019-02-21,19
2019-02-22,10
2019-02-23,0
2019-02-24,12
2019-02-25,47
2019-02-26,29
2019-02-27,19
2019-02-28,0
2019-03-01,0
2019-03-02,23
2019-03-03,11
2019-03-04,20
2019-03-05,0
2019-03-06,0
2019-03-07,19
2019-03-08,0
2019-03-09,12
2019-03-10,0
2019-03-11,30
2019-03-12,0
2019-03-13,20
2019-03-14,30
2019-03-15,0
2019-03-16,12
2019-03-17,12
2019-03-18,21
2019-03-19,10
2019-03-20,21
2019-03-21,0
2019-03-22,31
2019-03-23,0
2019-03-24,11
2019-03-25,10
2019-03-26,21
2019-03-27,0
2019-03-28,20
2019-03-29,0
2019-03-30,12
2019-03-31,12
2019-04-01,10
2019-04-02,20
2019-04-03,0
2019-04-04,20
2019-04-05,21
2019-04-06,0
2019-04-07,0
2019-04-08,0
2019-04-09,0
2019-04-10,0
2019-04-11,10
2019-04-12,21
2019-04-13,12
2019-04-14,12
2019-04-15,10
2019-04-16,0
2019-04-17,31
2019-04-18,0
2019-04-19,11
2019-04-20,0
2019-04-21,13
2019-04-22,0
2019-04-23,10
2019-04-24,0
2019-04-25,0
2019-04-26,10
2019-04-27,12
2019-04-28,0
2019-04-29,20
2019-04-30,10
2019-05-01,0
2019-05-02,20
2019-05-03,10
2019-05-04,0
2019-05-05,12
2019-05-06,40
2019-05-07,100
2019-05-08,10
2019-05-09,20
2019-05-10,21
2019-05-11,0
2019-05-12,12
2019-05-13,40
2019-05-14,10
2019-05-15,21
2019-05-16,20
2019-05-17,10
2019-05-18,0
2019-05-19,13
2019-05-20,41
2019-05-21,20
2019-05-22,21
2019-05-23,10
2019-05-24,11
2019-05-25,0
2019-05-26,13
2019-05-27,0
2019-05-28,10
2019-05-29,30
2019-05-30,10
2019-05-31,30
2019-06-01,0
2019-06-02,17
2019-06-03,29
2019-06-04,15
2019-06-05,59
2019-06-06,29
2019-06-07,0
2019-06-08,0
2019-06-09,0
2019-06-10,44
2019-06-11,0
2019-06-12,15
2019-06-13,15
2019-06-14,0
2019-06-15,0
2019-06-16,0
2019-06-17,0
2019-06-18,15
2019-06-19,29
2019-06-20,15
2019-06-21,30
2019-06-22,0
2019-06-23,36
2019-06-24,15
2019-06-25,0
2019-06-26,45
2019-06-27,15
2019-06-28,32
2019-06-29,18
2019-06-30,0
2019-07-01,0
2019-07-02,15
2019-07-03,15
2019-07-04,0
2019-07-05,17
2019-07-06,0
2019-07-07,0
2019-07-08,44
2019-07-09,0
2019-07-10,15
2019-07-11,0
2019-07-12,46
2019-07-13,18
2019-07-14,18
2019-07-15,45
2019-07-16,58
2019-07-17,29
2019-07-18,15
2019-07-19,31
2019-07-20,35
2019-07-21,0
2019-07-22,15
2019-07-23,0
2019-07-24,32
2019-07-25,0
2019-07-26,16
2019-07-27,0
2019-07-28,0
2019-07-29,76
2019-07-30,31
2019-07-31,61
2019-08-01,30
2019-08-02,31
2019-08-03,17
2019-08-04,0
2019-08-05,76
2019-08-06,45
2019-08-07,46
2019-08-08,46
2019-08-09,46
2019-08-10,17
2019-08-11,0
2019-08-12,44
2019-08-13,44
2019-08-14,100
2019-08-15,89
2019-08-16,30
2019-08-17,17
2019-08-18,0
2019-08-19,43
2019-08-20,29
2019-08-21,15
2019-08-22,15
2019-08-23,44
2019-08-24,34
2019-08-25,0
2019-08-26,71
2019-08-27,57
2019-08-28,14
2019-08-29,14
2019-08-30,0
2019-08-31,0
2019-09-01,16
2019-09-02,0
2019-09-03,27
2019-09-04,13
2019-09-05,27
2019-09-06,26
2019-09-07,16
2019-09-08,0
2019-09-09,27
2019-09-10,40
2019-09-11,27
2019-09-12,27
2019-09-13,0
2019-09-14,16
2019-09-15,0
2019-09-16,39
2019-09-17,13
2019-09-18,0
2019-09-19,14
2019-09-20,27
2019-09-21,16
2019-09-22,0
2019-09-23,52
2019-09-24,40
2019-09-25,13
2019-09-26,14
2019-09-27,14
2019-09-28,0
2019-09-29,0
2019-09-30,27
2019-10-01,0
2019-10-02,60
2019-10-03,31
2019-10-04,10
2019-10-05,0
2019-10-06,0
2019-10-07,0
2019-10-08,20
2019-10-09,62
2019-10-10,10
2019-10-11,21
2019-10-12,0
2019-10-13,0
2019-10-14,41
2019-10-15,0
2019-10-16,31
2019-10-17,10
2019-10-18,21
2019-10-19,12
2019-10-20,0
2019-10-21,0
2019-10-22,20
2019-10-23,20
2019-10-24,0
2019-10-25,42
2019-10-26,0
2019-10-27,0
2019-10-28,19
2019-10-29,10
2019-10-30,10
2019-10-31,31
2019-11-01,22
2019-11-02,0
2019-11-03,0
2019-11-04,30
2019-11-05,10
2019-11-06,0
2019-11-07,20
2019-11-08,10
2019-11-09,0
2019-11-10,0
2019-11-11,20
2019-11-12,10
2019-11-13,10
2019-11-14,20
2019-11-15,10
2019-11-16,0
2019-11-17,23
2019-11-18,29
2019-11-19,100
2019-11-20,41
2019-11-21,20
2019-11-22,31
2019-11-23,0
2019-11-24,0
2019-11-25,41
2019-11-26,21
2019-11-27,32
2019-11-28,12
2019-11-29,33
2019-11-30,0
2019-12-01,0
2019-12-02,28
2019-12-03,29
2019-12-04,10
2019-12-05,10
2019-12-06,10
2019-12-07,24
2019-12-08,0
2019-12-09,10
2019-12-10,0
2019-12-11,30
2019-12-12,0
2019-12-13,10
2019-12-14,12
2019-12-15,0
2019-12-16,30
2019-12-17,10
2019-12-18,20
2019-12-19,31
2019-12-20,32
2019-12-21,0
2019-12-22,0
2019-12-23,22
2019-12-24,0
2019-12-25,0
2019-12-26,82
2019-12-27,11
2019-12-28,24
2019-12-29,12
2019-12-30,0
2019-12-31,11
2020-01-01,0
2020-01-02,3
2020-01-03,7
2020-01-04,4
2020-01-05,8
2020-01-06,10
2020-01-07,3
2020-01-08,10
2020-01-09,3
2020-01-10,3
2020-01-11,0
2020-01-12,8
2020-01-13,6
2020-01-14,6
2020-01-15,3
2020-01-16,7
2020-01-17,3
2020-01-18,4
2020-01-19,0
2020-01-20,3
2020-01-21,3
2020-01-22,10
2020-01-23,3
2020-01-24,7
2020-01-25,0
2020-01-26,4
2020-01-27,3
2020-01-28,10
2020-01-29,0
2020-01-30,17
2020-01-31,3
2020-02-01,8
2020-02-02,0
2020-02-03,15
2020-02-04,0
2020-02-05,6
2020-02-06,7
2020-02-07,7
2020-02-08,0
2020-02-09,4
2020-02-10,0
2020-02-11,3
2020-02-12,6
2020-02-13,0
2020-02-14,7
2020-02-15,4
2020-02-16,0
2020-02-17,3
2020-02-18,9
2020-02-19,3
2020-02-20,9
2020-02-21,10
2020-02-22,7
2020-02-23,4
2020-02-24,53
2020-02-25,15
2020-02-26,15
2020-02-27,59
2020-02-28,64
2020-02-29,18
2020-03-01,15
2020-03-02,47
2020-03-03,28
2020-03-04,15
2020-03-05,44
2020-03-06,38
2020-03-07,11
2020-03-08,29
2020-03-09,100
2020-03-10,46
2020-03-11,40
2020-03-12,80
2020-03-13,90
2020-03-14,33
2020-03-15,11
2020-03-16,77
2020-03-17,79
2020-03-18,84
2020-03-19,47
2020-03-20,45
2020-03-21,17
2020-03-22,21
2020-03-23,78
2020-03-24,82
2020-03-25,53
2020-03-26,46
2020-03-27,70
2020-03-28,14
2020-03-29,24
2020-03-30,35
2020-03-31,50
2020-04-01,32
2020-04-02,20
2020-04-03,58
2020-04-04,16
2020-04-05,8
2020-04-06,92
2020-04-07,73
2020-04-08,58
2020-04-09,65
2020-04-10,37
2020-04-11,25
2020-04-12,17
2020-04-13,64
2020-04-14,71
2020-04-15,68
2020-04-16,56
2020-04-17,21
2020-04-18,16
2020-04-19,16
2020-04-20,41
2020-04-21,62
2020-04-22,70
2020-04-23,70
2020-04-24,21
2020-04-25,16
2020-04-26,24
2020-04-27,42
2020-04-28,50
2020-04-29,14
2020-04-30,14
2020-05-01,86
2020-05-02,8
2020-05-03,25
2020-05-04,42
2020-05-05,13
2020-05-06,35
2020-05-07,22
2020-05-08,36
2020-05-09,24
2020-05-10,8
2020-05-11,50
2020-05-12,43
2020-05-13,36
2020-05-14,49
2020-05-15,29
2020-05-16,8
2020-05-17,66
2020-05-18,57
2020-05-19,28
2020-05-20,43
2020-05-21,37
2020-05-22,30
2020-05-23,17
2020-05-24,9
2020-05-25,25
2020-05-26,36
2020-05-27,36
2020-05-28,28
2020-05-29,7
2020-05-30,8
2020-05-31,0
2020-06-01,22
2020-06-02,15
2020-06-03,28
2020-06-04,28
2020-06-05,22
2020-06-06,0
2020-06-07,9
2020-06-08,35
2020-06-09,42
2020-06-10,65
2020-06-11,80
2020-06-12,100
2020-06-13,62
2020-06-14,17
2020-06-15,90
2020-06-16,59
2020-06-17,69
2020-06-18,45
2020-06-19,39
2020-06-20,17
2020-06-21,27
2020-06-22,31
2020-06-23,53
2020-06-24,23
2020-06-25,31
2020-06-26,16
2020-06-27,26
2020-06-28,17
2020-06-29,39
2020-06-30,23
2020-07-01,79
2020-07-02,8
2020-07-03,0
2020-07-04,14
2020-07-05,7
2020-07-06,57
2020-07-07,17
2020-07-08,29
2020-07-09,6
2020-07-10,12
2020-07-11,19
2020-07-12,7
2020-07-13,29
2020-07-14,23
2020-07-15,40
2020-07-16,35
2020-07-17,6
2020-07-18,7
2020-07-19,0
2020-07-20,18
2020-07-21,35
2020-07-22,29
2020-07-23,29
2020-07-24,41
2020-07-25,7
2020-07-26,0
2020-07-27,18
2020-07-28,24
2020-07-29,18
2020-07-30,11
2020-07-31,30
2020-08-01,0
2020-08-02,7
2020-08-03,23
2020-08-04,18
2020-08-05,17
2020-08-06,35
2020-08-07,12
2020-08-08,13
2020-08-09,20
2020-08-10,17
2020-08-11,11
2020-08-12,29
2020-08-13,34
2020-08-14,12
2020-08-15,13
2020-08-16,26
2020-08-17,6
2020-08-18,17
2020-08-19,11
2020-08-20,17
2020-08-21,0
2020-08-22,0
2020-08-23,0
2020-08-24,22
2020-08-25,5
2020-08-26,27
2020-08-27,38
2020-08-28,40
2020-08-29,13
2020-08-30,13
2020-08-31,32
2020-09-01,11
2020-09-02,16
2020-09-03,100
2020-09-04,39
2020-09-05,20
2020-09-06,7
2020-09-07,25
2020-09-08,47
2020-09-09,37
2020-09-10,10
2020-09-11,27
2020-09-12,13
2020-09-13,6
2020-09-14,21
2020-09-15,5
2020-09-16,21
2020-09-17,21
2020-09-18,33
2020-09-19,33
2020-09-20,26
2020-09-21,37
2020-09-22,31
2020-09-23,27
2020-09-24,21
2020-09-25,12
2020-09-26,0
2020-09-27,0
2020-09-28,18
2020-09-29,11
2020-09-30,17
2020-10-01,17
2020-10-02,24
2020-10-03,0
2020-10-04,14
2020-10-05,68
2020-10-06,30
2020-10-07,29
2020-10-08,0
2020-10-09,23
2020-10-10,0
2020-10-11,12
2020-10-12,33
2020-10-13,33
2020-10-14,11
2020-10-15,11
2020-10-16,57
2020-10-17,0
2020-10-18,0
2020-10-19,56
2020-10-20,45
2020-10-21,11
2020-10-22,34
2020-10-23,0
2020-10-24,13
2020-10-25,12
2020-10-26,33
2020-10-27,0
2020-10-28,100
2020-10-29,77
2020-10-30,81
2020-10-31,13
2020-11-01,13
2020-11-02,44
2020-11-03,33
2020-11-04,43
2020-11-05,16
2020-11-06,27
2020-11-07,11
2020-11-08,23
2020-11-09,21
2020-11-10,74
2020-11-11,11
2020-11-12,52
2020-11-13,11
2020-11-14,12
2020-11-15,24
2020-11-16,32
2020-11-17,32
2020-11-18,44
2020-11-19,22
2020-11-20,45
2020-11-21,12
2020-11-22,0
2020-11-23,33
2020-11-24,45
2020-11-25,23
2020-11-26,36
2020-11-27,35
2020-11-28,24
2020-11-29,0
2020-11-30,10
2020-12-01,11
2020-12-02,32
2020-12-03,11
2020-12-04,22
2020-12-05,0
2020-12-06,12
2020-12-07,53
2020-12-08,32
2020-12-09,54
2020-12-10,0
2020-12-11,22
2020-12-12,0
2020-12-13,12
2020-12-14,11
2020-12-15,22
2020-12-16,22
2020-12-17,11
2020-12-18,34
2020-12-19,0
2020-12-20,0
2020-12-21,46
2020-12-22,11
2020-12-23,35
2020-12-24,49
2020-12-25,41
2020-12-26,0
2020-12-27,0
2020-12-28,22
2020-12-29,46
2020-12-30,0
2020-12-31,0
2021-01-01,0
2021-01-02,0
2021-01-03,23
2021-01-04,52
2021-01-05,21
2021-01-06,52
2021-01-07,11
2021-01-08,42
2021-01-09,0
2021-01-10,12
2021-01-11,43
2021-01-12,43
2021-01-13,65
2021-01-14,54
2021-01-15,32
2021-01-16,0
2021-01-17,12
2021-01-18,11
2021-01-19,22
2021-01-20,21
2021-01-21,32
2021-01-22,11
2021-01-23,12
2021-01-24,0
2021-01-25,42
2021-01-26,32
2021-01-27,42
2021-01-28,65
2021-01-29,66
2021-01-30,37
2021-01-31,0
2021-02-01,75
2021-02-02,75
2021-02-03,11
2021-02-04,22
2021-02-05,55
2021-02-06,0
2021-02-07,12
2021-02-08,21
2021-02-09,33
2021-02-10,22
2021-02-11,22
2021-02-12,33
2021-02-13,24
2021-02-14,36
2021-02-15,57
2021-02-16,56
2021-02-17,66
2021-02-18,44
2021-02-19,11
2021-02-20,37
2021-02-21,12
2021-02-22,64
2021-02-23,45
2021-02-24,0
2021-02-25,55
2021-02-26,100
2021-02-27,25
2021-02-28,0
2021-03-01,43
2021-03-02,55
2021-03-03,76
2021-03-04,99
2021-03-05,89
2021-03-06,38
2021-03-07,25
2021-03-08,44
2021-03-09,45
2021-03-10,43
2021-03-11,0
2021-03-12,44
2021-03-13,0
2021-03-14,23
2021-03-15,36
2021-03-16,9
2021-03-17,75
2021-03-18,75
2021-03-19,22
2021-03-20,0
2021-03-21,0
2021-03-22,32
2021-03-23,22
2021-03-24,21
2021-03-25,22
2021-03-26,79
2021-03-27,0
2021-03-28,25
2021-03-29,33
2021-03-30,55
2021-03-31,0
2021-04-01,0
2021-04-02,12
2021-04-03,0
2021-04-04,26
2021-04-05,46
2021-04-06,22
2021-04-07,25
2021-04-08,13
2021-04-09,100
2021-04-10,14
2021-04-11,14
2021-04-12,25
2021-04-13,13
2021-04-14,25
2021-04-15,64
2021-04-16,39
2021-04-17,15
2021-04-18,0
2021-04-19,13
2021-04-20,38
2021-04-21,13
2021-04-22,91
2021-04-23,26
2021-04-24,0
2021-04-25,15
2021-04-26,26
2021-04-27,39
2021-04-28,51
2021-04-29,13
2021-04-30,37
2021-05-01,0
2021-05-02,0
2021-05-03,25
2021-05-04,25
2021-05-05,12
2021-05-06,26
2021-05-07,13
2021-05-08,0
2021-05-09,0
2021-05-10,26
2021-05-11,64
2021-05-12,76
2021-05-13,39
2021-05-14,53
2021-05-15,0
2021-05-16,15
2021-05-17,52
2021-05-18,0
2021-05-19,89
2021-05-20,13
2021-05-21,27
2021-05-22,0
2021-05-23,15
2021-05-24,52
2021-05-25,13
2021-05-26,39
2021-05-27,39
2021-05-28,26
2021-05-29,0
2021-05-30,44
2021-05-31,0
2021-06-01,52
2021-06-02,38
2021-06-03,25
2021-06-04,26
2021-06-05,15
2021-06-06,15
2021-06-07,13
2021-06-08,26
2021-06-09,13
2021-06-10,26
2021-06-11,27
2021-06-12,45
2021-06-13,0
2021-06-14,13
2021-06-15,13
2021-06-16,77
2021-06-17,13
2021-06-18,27
2021-06-19,0
2021-06-20,15
2021-06-21,13
2021-06-22,26
2021-06-23,13
2021-06-24,13
2021-06-25,14
2021-06-26,0
2021-06-27,15
2021-06-28,13
2021-06-29,66
2021-06-30,65
2021-07-01,25
2021-07-02,14
2021-07-03,15
2021-07-04,16
2021-07-05,15
2021-07-06,40
2021-07-07,26
2021-07-08,71
2021-07-09,59
2021-07-10,0
2021-07-11,31
2021-07-12,14
2021-07-13,43
2021-07-14,14
2021-07-15,28
2021-07-16,14
2021-07-17,16
2021-07-18,16
2021-07-19,71
2021-07-20,29
2021-07-21,42
2021-07-22,15
2021-07-23,15
2021-07-24,0
2021-07-25,16
2021-07-26,29
2021-07-27,29
2021-07-28,28
2021-07-29,14
2021-07-30,14
2021-07-31,0
2021-08-01,0
2021-08-02,57
2021-08-03,73
2021-08-04,57
2021-08-05,0
2021-08-06,15
2021-08-07,0
2021-08-08,0
2021-08-09,28
2021-08-10,30
2021-08-11,57
2021-08-12,29
2021-08-13,0
2021-08-14,32
2021-08-15,0
2021-08-16,29
2021-08-17,72
2021-08-18,100
2021-08-19,29
2021-08-20,14
2021-08-21,32
2021-08-22,0
2021-08-23,44
2021-08-24,31
2021-08-25,42
2021-08-26,44
2021-08-27,29
2021-08-28,0
2021-08-29,0
2021-08-30,28
2021-08-31,14
2021-09-01,14
2021-09-02,15
2021-09-03,46
2021-09-04,0
2021-09-05,0
2021-09-06,0
2021-09-07,15
2021-09-08,0
2021-09-09,0
2021-09-10,15
2021-09-11,17
2021-09-12,0
2021-09-13,45
2021-09-14,44
2021-09-15,29
2021-09-16,44
2021-09-17,0
2021-09-18,0
2021-09-19,16
2021-09-20,59
2021-09-21,30
2021-09-22,73
2021-09-23,76
2021-09-24,15
2021-09-25,34
2021-09-26,0
2021-09-27,45
2021-09-28,44
2021-09-29,44
2021-09-30,45
2021-10-01,31
2021-10-02,17
2021-10-03,32
2021-10-04,0
2021-10-05,15
2021-10-06,29