DATE,VIX Put/Call Ratio
2/24/06,1.18
2/27/06,0.01
2/28/06,1.75
3/1/06,0.7
3/2/06,0.18
3/3/06,21.04
3/6/06,0.19
3/7/06,0.16
3/8/06,0.75
3/9/06,0.31
3/10/06,0.81
3/13/06,1.19
3/14/06,0.1
3/15/06,0.38
3/16/06,0.83
3/17/06,0
3/20/06,0.12
3/21/06,1.46
3/22/06,2.14
3/23/06,1.77
3/24/06,0.06
3/27/06,7.68
3/28/06,1.36
3/29/06,0.02
3/30/06,0.17
3/31/06,0.03
4/3/06,0
4/4/06,0
4/5/06,0.1
4/6/06,0.12
4/7/06,0.13
4/10/06,0.02
4/11/06,0.34
4/12/06,0.06
4/13/06,0.03
4/17/06,0.45
4/18/06,0.11
4/19/06,0.97
4/20/06,0.84
4/21/06,0.11
4/24/06,0.15
4/25/06,3.44
4/26/06,0.32
4/27/06,1.42
4/28/06,0.02
5/1/06,0.11
5/2/06,0.12
5/3/06,0.08
5/4/06,0.02
5/5/06,0.08
5/8/06,0.01
5/9/06,0.14
5/10/06,0.04
5/11/06,0.13
5/12/06,0.11
5/15/06,0.06
5/16/06,0.62
5/17/06,0.16
5/18/06,0.36
5/19/06,0.15
5/22/06,0.67
5/23/06,0.02
5/24/06,0.41
5/25/06,2.2
5/26/06,0.11
5/30/06,0.55
5/31/06,0.12
6/1/06,9.68
6/2/06,0.2
6/5/06,0.32
6/6/06,0.21
6/7/06,0.61
6/8/06,0.15
6/9/06,2.82
6/12/06,0.14
6/13/06,0.34
6/14/06,0.33
6/15/06,0.67
6/16/06,0.59
6/19/06,0.69
6/20/06,0.3
6/21/06,0.35
6/22/06,0.16
6/23/06,0.45
6/26/06,0.34
6/27/06,1
6/28/06,0.52
6/29/06,0.25
6/30/06,0.1
7/3/06,0.07
7/5/06,0.22
7/6/06,0.08
7/7/06,0.02
7/10/06,0.17
7/11/06,0.58
7/12/06,0.08
7/13/06,0.16
7/14/06,0.17
7/17/06,0.05
7/18/06,0.12
7/19/06,0.27
7/20/06,0.75
7/21/06,0.23
7/24/06,0.34
7/25/06,0.13
7/26/06,0.91
7/27/06,0.2
7/28/06,0.08
7/31/06,0.4
8/1/06,0.16
8/2/06,0.22
8/3/06,0.12
8/4/06,6.08
8/7/06,0.75
8/8/06,1.19
8/9/06,0.24
8/10/06,0.56
8/11/06,0.04
8/14/06,0.02
8/15/06,0.51
8/16/06,0.57
8/17/06,0.17
8/18/06,0.57
8/21/06,0.56
8/22/06,0.24
8/23/06,0.49
8/24/06,0.24
8/25/06,0.66
8/28/06,0.97
8/29/06,0.01
8/30/06,0.24
8/31/06,0.06
9/1/06,0.64
9/5/06,0.55
9/6/06,0.22
9/7/06,0.48
9/8/06,0.21
9/11/06,0.78
9/12/06,0.15
9/13/06,0.09
9/14/06,0.05
9/15/06,0.15
9/18/06,0.17
9/19/06,0.84
9/20/06,0.05
9/21/06,0.08
9/22/06,0.14
9/25/06,0.53
9/26/06,0.07
9/27/06,0.26
9/28/06,0.02
9/29/06,0.08
10/2/06,0.01
10/3/06,0.09
10/4/06,0.11
10/5/06,0.1
10/6/06,0.09
10/9/06,0.83
10/10/06,0.16
10/11/06,0.3
10/12/06,0.1
10/13/06,0.24
10/16/06,0.91
10/17/06,1.09
10/18/06,0.32
10/19/06,0.39
10/20/06,0.2
10/23/06,0.23
10/24/06,0.6
10/25/06,0.48
10/26/06,0.23
10/27/06,0.18
10/30/06,0.56
10/31/06,0.27
11/1/06,0.89
11/2/06,0.1
11/3/06,0.34
11/6/06,0.26
11/7/06,0.8
11/8/06,0.74
11/9/06,0.42
11/10/06,0.41
11/13/06,0.42
11/14/06,0.61
11/15/06,0.46
11/16/06,0.19
11/17/06,0.66
11/20/06,0.1
11/21/06,0.16
11/22/06,0.02
11/24/06,0.19
11/27/06,0.4
11/28/06,0.04
11/29/06,0.18
11/30/06,0.73
12/1/06,0.38
12/4/06,0.4
12/5/06,0.23
12/6/06,0.45
12/7/06,0.53
12/8/06,0.05
12/11/06,0.06
12/12/06,0.31
12/13/06,0.44
12/14/06,0.29
12/15/06,0.11
12/18/06,0.67
12/19/06,0.13
12/20/06,0.09
12/21/06,0.07
12/22/06,0.23
12/26/06,0.15
12/27/06,0.18
12/28/06,0.03
12/29/06,0.86
1/3/07,0.38
1/4/07,0.24
1/5/07,0.11
1/8/07,0.65
1/9/07,0.49
1/10/07,0.41
1/11/07,2.02
1/12/07,0.06
1/16/07,0.19
1/17/07,0.02
1/18/07,0.45
1/19/07,0.21
1/22/07,0.02
1/23/07,0.17
1/24/07,0.98
1/25/07,0.28
1/26/07,0.03
1/29/07,0.43
1/30/07,0.36
1/31/07,0.3
2/1/07,0.22
2/2/07,0.06
2/5/07,0.46
2/6/07,0.18
2/7/07,0.05
2/8/07,0.03
2/9/07,0.03
2/12/07,0.2
2/13/07,0.66
2/14/07,0.04
2/15/07,0.07
2/16/07,0.02
2/20/07,0.07
2/21/07,0.8
2/22/07,1.41
2/23/07,0.17
2/26/07,0.78
2/27/07,0.17
2/28/07,0.26
3/1/07,0.85
3/2/07,0.15
3/5/07,0.32
3/6/07,0.4
3/7/07,0.4
3/8/07,0.04
3/9/07,0.03
3/12/07,0.16
3/13/07,0.35
3/14/07,0.15
3/15/07,0.06
3/16/07,0.05
3/19/07,0.13
3/20/07,0.23
3/21/07,0.13
3/22/07,0.25
3/23/07,0.05
3/26/07,0.14
3/27/07,0.29
3/28/07,0.09
3/29/07,0.05
3/30/07,0.12
4/2/07,0.54
4/3/07,0.23
4/4/07,1.14
4/5/07,2.36
4/9/07,0.34
4/10/07,0.36
4/11/07,0.49
4/12/07,0.38
4/13/07,1.22
4/16/07,0.19
4/17/07,1.03
4/18/07,1.89
4/19/07,1.75
4/20/07,0.49
4/23/07,0.18
4/24/07,0.26
4/25/07,0.59
4/26/07,0.21
4/27/07,0.13
4/30/07,0.4
5/1/07,0.29
5/2/07,0.22
5/3/07,0.64
5/4/07,0.07
5/7/07,0.62
5/8/07,0.07
5/9/07,0.07
5/10/07,0.27
5/11/07,0.09
5/14/07,0.51
5/15/07,0.33
5/16/07,0.64
5/17/07,0.22
5/18/07,0.47
5/21/07,1.11
5/22/07,0.41
5/23/07,0.32
5/24/07,0.6
5/25/07,0.5
5/29/07,0.51
5/30/07,0.21
5/31/07,0.28
6/1/07,0.24
6/4/07,0.96
6/5/07,0.25
6/6/07,0.16
6/7/07,0.28
6/8/07,0.18
6/11/07,0.29
6/12/07,0.18
6/13/07,0.25
6/14/07,0.37
6/15/07,0.14
6/18/07,0.22
6/19/07,0.72
6/20/07,0.19
6/21/07,0.41
6/22/07,0.39
6/25/07,0.1
6/26/07,0.43
6/27/07,0.21
6/28/07,0.15
6/29/07,0.04
7/2/07,0.23
7/3/07,0.35
7/5/07,0.32
7/6/07,0.19
7/9/07,0.44
7/10/07,0.42
7/11/07,0.5
7/12/07,0.19
7/13/07,0.2
7/16/07,0.2
7/17/07,0.47
7/18/07,0.06
7/19/07,0.13
7/20/07,0.12
7/23/07,0.37
7/24/07,0.38
7/25/07,0.41
7/26/07,0.18
7/27/07,0.31
7/30/07,0.18
7/31/07,0.37
8/1/07,0.23
8/2/07,0.25
8/3/07,0.37
8/6/07,0.13
8/7/07,0.19
8/8/07,0.25
8/9/07,0.28
8/10/07,0.27
8/13/07,0.12
8/14/07,0.47
8/15/07,0.6
8/16/07,0.52
8/17/07,0.61
8/20/07,0.31
8/21/07,0.38
8/22/07,0.52
8/23/07,0.34
8/24/07,0.51
8/27/07,0.75
8/28/07,0.42
8/29/07,0.32
8/30/07,0.47
8/31/07,0.46
9/4/07,0.24
9/5/07,0.33
9/6/07,0.18
9/7/07,0.41
9/10/07,0.41
9/11/07,0.09
9/12/07,0.55
9/13/07,0.52
9/14/07,0.58
9/17/07,0.38
9/18/07,0.37
9/19/07,0.14
9/20/07,0.18
9/21/07,0.24
9/24/07,0.62
9/25/07,0.49
9/26/07,0.37
9/27/07,0.2
9/28/07,0.35
10/1/07,0.9
10/2/07,0.16
10/3/07,0.05
10/4/07,0.23
10/5/07,0.32
10/8/07,0.15
10/9/07,0.23
10/10/07,0.87
10/11/07,0.35
10/12/07,0.14
10/15/07,0.35
10/16/07,0.37
10/17/07,0.25
10/18/07,0.31
10/19/07,0.23
10/22/07,0.32
10/23/07,1.14
10/24/07,0.27
10/25/07,0.65
10/26/07,0.35
10/29/07,0.58
10/30/07,0.24
10/31/07,0.6
11/1/07,0.11
11/2/07,0.22
11/5/07,0.69
11/6/07,0.19
11/7/07,0.43
11/8/07,0.17
11/9/07,0.38
11/12/07,0.23
11/13/07,0.29
11/14/07,0.21
11/15/07,0.34
11/16/07,0.22
11/19/07,0.57
11/20/07,0.65
11/21/07,0.65
11/23/07,1
11/26/07,0.4
11/27/07,0.86
11/28/07,0.79
11/29/07,0.87
11/30/07,0.29
12/3/07,0.79
12/4/07,0.44
12/5/07,0.79
12/6/07,0.38
12/7/07,0.43
12/10/07,0.19
12/11/07,0.28
12/12/07,0.19
12/13/07,0.27
12/14/07,0.43
12/17/07,0.38
12/18/07,0.39
12/19/07,0.79
12/20/07,0.33
12/21/07,0.28
12/24/07,0.39
12/26/07,0.34
12/27/07,0.23
12/28/07,0.64
12/31/07,0.36
1/2/08,0.48
1/3/08,0.27
1/4/08,0.12
1/7/08,0.35
1/8/08,0.42
1/9/08,0.29
1/10/08,0.34
1/11/08,0.19
1/14/08,0.24
1/15/08,0.24
1/16/08,0.11
1/17/08,0.41
1/18/08,0.31
1/22/08,0.2
1/23/08,0.44
1/24/08,0.34
1/25/08,0.35
1/28/08,0.44
1/29/08,0.53
1/30/08,0.31
1/31/08,0.24
2/1/08,0.56
2/4/08,0.37
2/5/08,0.09
2/6/08,0.49
2/7/08,0.28
2/8/08,0.27
2/11/08,0.47
2/12/08,0.38
2/13/08,0.44
2/14/08,0.64
2/15/08,0.22
2/19/08,1.34
2/20/08,0.17
2/21/08,0.21
2/22/08,0.34
2/25/08,0.25
2/26/08,0.53
2/27/08,0.27
2/28/08,0.16
2/29/08,0.27
3/3/08,0.36
3/4/08,0.13
3/5/08,0.46
3/6/08,0.24
3/7/08,0.14
3/10/08,0.33
3/11/08,0.17
3/12/08,0.41
3/13/08,0.28
3/14/08,0.21
3/17/08,0.21
3/18/08,0.49
3/19/08,0.26
3/20/08,0.66
3/24/08,0.84
3/25/08,0.36
3/26/08,0.16
3/27/08,0.33
3/28/08,0.26
3/31/08,0.37
4/1/08,0.25
4/2/08,0.18
4/3/08,0.48
4/4/08,0.35
4/7/08,0.32
4/8/08,0.3
4/9/08,0.41
4/10/08,0.23
4/11/08,0.35
4/14/08,0.18
4/15/08,0.29
4/16/08,0.39
4/17/08,0.35
4/18/08,0.3
4/21/08,0.81
4/22/08,0.16
4/23/08,0.39
4/24/08,0.13
4/25/08,0.32
4/28/08,0.33
4/29/08,0.3
4/30/08,0.21
5/1/08,0.48
5/2/08,0.14
5/5/08,0.23
5/6/08,0.29
5/7/08,0.42
5/8/08,0.56
5/9/08,0.29
5/12/08,0.26
5/13/08,0.14
5/14/08,0.23
5/15/08,0.28
5/16/08,0.46
5/19/08,0.52
5/20/08,0.4
5/21/08,0.33
5/22/08,0.21
5/23/08,0.35
5/27/08,0.14
5/28/08,0.26
5/29/08,0.08
5/30/08,0.58
6/2/08,0.64
6/3/08,0.48
6/4/08,0.27
6/5/08,0.15
6/6/08,0.36
6/9/08,0.31
6/10/08,0.16
6/11/08,0.21
6/12/08,0.32
6/13/08,0.27
6/16/08,0.12
6/17/08,0.54
6/18/08,0.2
6/19/08,0.73
6/20/08,0.73
6/23/08,0.24
6/24/08,0.44
6/25/08,0.7
6/26/08,0.22
6/27/08,0.22
6/30/08,0.15
7/1/08,0.19
7/2/08,0.24
7/3/08,0.17
7/7/08,0.14
7/8/08,0.28
7/9/08,0.25
7/10/08,0.14
7/11/08,0.29
7/14/08,0.23
7/15/08,0.21
7/16/08,0.38
7/17/08,0.25
7/18/08,0.22
7/21/08,0.42
7/22/08,0.63
7/23/08,0.87
7/24/08,0.54
7/25/08,0.77
7/28/08,0.24
7/29/08,0.25
7/30/08,0.41
7/31/08,0.51
8/1/08,0.28
8/4/08,0.29
8/5/08,0.33
8/6/08,0.98
8/7/08,0.65
8/8/08,0.84
8/11/08,0.46
8/12/08,3.48
8/13/08,0.31
8/14/08,0.35
8/15/08,0.15
8/18/08,0.6
8/19/08,0.46
8/20/08,0.6
8/21/08,0.26
8/22/08,1.93
8/25/08,0.28
8/26/08,0.19
8/27/08,0.29
8/28/08,0.71
8/29/08,0.24
9/2/08,0.67
9/3/08,0.53
9/4/08,0.63
9/5/08,0.57
9/8/08,0.4
9/9/08,0.17
9/10/08,0.61
9/11/08,0.21
9/12/08,0.25
9/15/08,0.18
9/16/08,0.22
9/17/08,0.35
9/18/08,0.45
9/19/08,0.42
9/22/08,0.74
9/23/08,0.21
9/24/08,0.22
9/25/08,0.73
9/26/08,0.53
9/29/08,0.47
9/30/08,0.74
10/1/08,0.47
10/2/08,0.3
10/3/08,0.33
10/6/08,0.58
10/7/08,1
10/8/08,0.42
10/9/08,1.29
10/10/08,0.49
10/13/08,1.27
10/14/08,0.73
10/15/08,1.21
10/16/08,0.42
10/17/08,0.77
10/20/08,0.93
10/21/08,0.32
10/22/08,0.22
10/23/08,0.16
10/24/08,0.4
10/27/08,0.33
10/28/08,0.82
10/29/08,0.48
10/30/08,0.85
10/31/08,1.42
11/3/08,0.57
11/4/08,0.96
11/5/08,0.38
11/6/08,0.34
11/7/08,0.66
11/10/08,1.35
11/11/08,0.46
11/12/08,0.39
11/13/08,0.44
11/14/08,0.69
11/17/08,0.48
11/18/08,0.49
11/19/08,0.74
11/20/08,0.45
11/21/08,0.32
11/24/08,1.25
11/25/08,1.55
11/26/08,2.22
11/28/08,0.41
12/1/08,1.18
12/2/08,0.6
12/3/08,2.19
12/4/08,1.43
12/5/08,0.52
12/8/08,1.64
12/9/08,0.87
12/10/08,1.59
12/11/08,1.3
12/12/08,0.71
12/15/08,0.69
12/16/08,1.25
12/17/08,0.94
12/18/08,1.25
12/19/08,1.69
12/22/08,0.54
12/23/08,1.01
12/24/08,0.53
12/26/08,0.12
12/29/08,1.73
12/30/08,2.09
12/31/08,0.98
1/2/09,1.59
1/5/09,0.41
1/6/09,0.49
1/7/09,0.63
1/8/09,1.09
1/9/09,0.59
1/12/09,0.31
1/13/09,0.11
1/14/09,0.93
1/15/09,0.86
1/16/09,0.73
1/20/09,0.21
1/21/09,1.16
1/22/09,1.23
1/23/09,1.06
1/26/09,1.41
1/27/09,0.79
1/28/09,0.18
1/29/09,0.42
1/30/09,0.85
2/2/09,0.43
2/3/09,1.02
2/4/09,0.22
2/5/09,0.54
2/6/09,0.31
2/9/09,0.51
2/10/09,0.34
2/11/09,3.79
2/12/09,0.24
2/13/09,0.79
2/17/09,0.43
2/18/09,0.93
2/19/09,0.24
2/20/09,0.15
2/23/09,0.33
2/24/09,1.25
2/25/09,1.07
2/26/09,0.59
2/27/09,0.2
3/2/09,0.24
3/3/09,0.32
3/4/09,1.1
3/5/09,0.26
3/6/09,0.32
3/9/09,0.12
3/10/09,0.8
3/11/09,1.53
3/12/09,0.42
3/13/09,0.83
3/16/09,0.61
3/17/09,0.12
3/18/09,0.66
3/19/09,0.38
3/20/09,0.41
3/23/09,2.21
3/24/09,1.08
3/25/09,1.49
3/26/09,0.41
3/27/09,1.11
3/30/09,1.78
3/31/09,0.46
4/1/09,0.6
4/2/09,0.92
4/3/09,0.56
4/6/09,0.25
4/7/09,0.49
4/8/09,1.04
4/9/09,2.02
4/13/09,1.2
4/14/09,0.67
4/15/09,1.18
4/16/09,3.87
4/17/09,0.9
4/20/09,0.91
4/21/09,0.81
4/22/09,0.8
4/23/09,0.71
4/24/09,0.68
4/27/09,0.22
4/28/09,0.45
4/29/09,1.08
4/30/09,1.08
5/1/09,0.28
5/4/09,0.63
5/5/09,0.1
5/6/09,2.14
5/7/09,0.38
5/8/09,1.05
5/11/09,3.33
5/12/09,0.63
5/13/09,0.58
5/14/09,0.39
5/15/09,0.91
5/18/09,1.1
5/19/09,1.02
5/20/09,0.31
5/21/09,0.25
5/22/09,0.16
5/26/09,0.5
5/27/09,0.21
5/28/09,0.54
5/29/09,0.21
6/1/09,0.69
6/2/09,0.39
6/3/09,0.14
6/4/09,0.51
6/5/09,0.53
6/8/09,0.22
6/9/09,0.43
6/10/09,0.35
6/11/09,0.17
6/12/09,0.39
6/15/09,0.57
6/16/09,0.31
6/17/09,0.43
6/18/09,0.22
6/19/09,0.18
6/22/09,0.19
6/23/09,0.23
6/24/09,0.44
6/25/09,0.35
6/26/09,0.22
6/29/09,0.18
6/30/09,0.6
7/1/09,0.28
7/2/09,0.27
7/6/09,0.38
7/7/09,0.41
7/8/09,0.35
7/9/09,0.24
7/10/09,0.2
7/13/09,0.24
7/14/09,0.55
7/15/09,0.6
7/16/09,1.01
7/17/09,0.72
7/20/09,0.93
7/21/09,0.82
7/22/09,0.8
7/23/09,0.65
7/24/09,0.38
7/27/09,0.54
7/28/09,0.56
7/29/09,0.64
7/30/09,0.21
7/31/09,0.87
8/3/09,0.31
8/4/09,0.53
8/5/09,0.77
8/6/09,0.37
8/7/09,0.38
8/10/09,0.16
8/11/09,0.46
8/12/09,0.82
8/13/09,0.4
8/14/09,0.68
8/17/09,0.66
8/18/09,0.97
8/19/09,2.08
8/20/09,0.29
8/21/09,0.42
8/24/09,0.25
8/25/09,0.2
8/26/09,1.18
8/27/09,0.39
8/28/09,0.32
8/31/09,0.85
9/1/09,0.25
9/2/09,0.15
9/3/09,0.81
9/4/09,0.95
9/8/09,1.05
9/9/09,1.86
9/10/09,1.41
9/11/09,1.85
9/14/09,1.02
9/15/09,0.33
9/16/09,1.42
9/17/09,0.21
9/18/09,1.11
9/21/09,0.22
9/22/09,0.36
9/23/09,0.25
9/24/09,0.93
9/25/09,1.16
9/28/09,0.32
9/29/09,0.24
9/30/09,0.69
10/1/09,0.2
10/2/09,0.82
10/5/09,0.26
10/6/09,0.44
10/7/09,0.73
10/8/09,0.53
10/9/09,0.67
10/12/09,0.92
10/13/09,0.42
10/14/09,0.87
10/15/09,1.43
10/16/09,0.71
10/19/09,0.66
10/20/09,0.52
10/21/09,1.72
10/22/09,0.48
10/23/09,0.28
10/26/09,0.46
10/27/09,0.4
10/28/09,0.79
10/29/09,0.33
10/30/09,0.84
11/2/09,0.54
11/3/09,0.46
11/4/09,0.72
11/5/09,1.04
11/6/09,3.09
11/9/09,0.97
11/10/09,0.79
11/11/09,2.66
11/12/09,0.75
11/13/09,1.78
11/16/09,2.1
11/17/09,1.18
11/18/09,0.4
11/19/09,1.16
11/20/09,0.91
11/23/09,0.49
11/24/09,0.5
11/25/09,0.2
11/27/09,0.84
11/30/09,0.46
12/1/09,1.02
12/2/09,1.12
12/3/09,0.13
12/4/09,0.88
12/7/09,1.11
12/8/09,0.58
12/9/09,1.39
12/10/09,0.51
12/11/09,0.85
12/14/09,2.06
12/15/09,0.26
12/16/09,0.36
12/17/09,0.07
12/18/09,0.83
12/21/09,0.68
12/22/09,1.58
12/23/09,1.51
12/24/09,0.45
12/28/09,0.34
12/29/09,1.32
12/30/09,0.46
12/31/09,0.62
1/4/10,0.56
1/5/10,0.34
1/6/10,1.27
1/7/10,0.4
1/8/10,0.34
1/11/10,0.34
1/12/10,0.6
1/13/10,0.15
1/14/10,0.92
1/15/10,0.37
1/19/10,0.44
1/20/10,0.37
1/21/10,0.18
1/22/10,0.32
1/25/10,0.55
1/26/10,0.28
1/27/10,0.34
1/28/10,0.5
1/29/10,0.44
2/1/10,0.15
2/2/10,0.91
2/3/10,0.31
2/4/10,0.17
2/5/10,0.5
2/8/10,0.72
2/9/10,0.5
2/10/10,0.93
2/11/10,0.17
2/12/10,0.23
2/16/10,1.05
2/17/10,0.2
2/18/10,0.18
2/19/10,0.2
2/22/10,0.25
2/23/10,0.32
2/24/10,0.44
2/25/10,0.29
2/26/10,0.45
3/1/10,1
3/2/10,0.48
3/3/10,0.63
3/4/10,0.27
3/5/10,1.16
3/8/10,1.37
3/9/10,0.39
3/10/10,0.24
3/11/10,0.97
3/12/10,0.91
3/15/10,0.17
3/16/10,1.05
3/17/10,0.31
3/18/10,0.59
3/19/10,0.14
3/22/10,0.28
3/23/10,0.58
3/24/10,1.21
3/25/10,0.83
3/26/10,0.39
3/29/10,1.16
3/30/10,0.24
3/31/10,0.43
4/1/10,0.25
4/5/10,1.83
4/6/10,1.15
4/7/10,1.56
4/8/10,0.99
4/9/10,1.98
4/12/10,0.67
4/13/10,0.27
4/14/10,0.81
4/15/10,0.62
4/16/10,0.97
4/19/10,0.5
4/20/10,2.41
4/21/10,1.3
4/22/10,0.41
4/23/10,0.28
4/26/10,0.44
4/27/10,0.56
4/28/10,0.51
4/29/10,1.23
4/30/10,0.77
5/3/10,0.2
5/4/10,0.52
5/5/10,0.43
5/6/10,0.2
5/7/10,0.29
5/10/10,0.61
5/11/10,0.59
5/12/10,0.8
5/13/10,0.69
5/14/10,0.41
5/17/10,0.48
5/18/10,0.34
5/19/10,0.36
5/20/10,0.71
5/21/10,0.9
5/24/10,1.15
5/25/10,0.91
5/26/10,2.12
5/27/10,0.97
5/28/10,0.71
6/1/10,0.25
6/2/10,0.4
6/3/10,0.58
6/4/10,0.33
6/7/10,0.45
6/8/10,0.82
6/9/10,1.21
6/10/10,1.44
6/11/10,0.36
6/14/10,2.88
6/15/10,0.69
6/16/10,0.41
6/17/10,1.52
6/18/10,1.94
6/21/10,1.25
6/22/10,0.34
6/23/10,0.39
6/24/10,0.25
6/25/10,0.52
6/28/10,0.7
6/29/10,0.67
6/30/10,0.87
7/1/10,1
7/2/10,0.37
7/6/10,0.78
7/7/10,0.79
7/8/10,1.25
7/9/10,0.56
7/12/10,2.01
7/13/10,0.97
7/14/10,0.63
7/15/10,0.62
7/16/10,0.45
7/19/10,0.39
7/20/10,1.54
7/21/10,0.38
7/22/10,1.19
7/23/10,0.46
7/26/10,0.84
7/27/10,1.65
7/28/10,0.71
7/29/10,0.81
7/30/10,0.43
8/2/10,1.51
8/3/10,0.44
8/4/10,0.22
8/5/10,0.69
8/6/10,0.51
8/9/10,0.6
8/10/10,1.42
8/11/10,0.66
8/12/10,0.3
8/13/10,0.94
8/16/10,0.46
8/17/10,1.79
8/18/10,0.68
8/19/10,0.32
8/20/10,0.61
8/23/10,1.03
8/24/10,0.93
8/25/10,0.83
8/26/10,0.47
8/27/10,0.32
8/30/10,0.37
8/31/10,0.52
9/1/10,1.78
9/2/10,1.54
9/3/10,1.87
9/7/10,0.89
9/8/10,0.54
9/9/10,2.39
9/10/10,0.77
9/13/10,1.71
9/14/10,1.5
9/15/10,0.45
9/16/10,0.26
9/17/10,0.23
9/20/10,0.41
9/21/10,1.53
9/22/10,0.6
9/23/10,0.71
9/24/10,0.5
9/27/10,0.57
9/28/10,2.83
9/29/10,1.23
9/30/10,0.65
10/1/10,0.78
10/4/10,0.18
10/5/10,2.09
10/6/10,1.5
10/7/10,0.46
10/8/10,0.79
10/11/10,0.55
10/12/10,1.84
10/13/10,0.34
10/14/10,0.77
10/15/10,0.35
10/18/10,0.57
10/19/10,0.72
10/20/10,0.42
10/21/10,0.28
10/22/10,1.06
10/25/10,1.36
10/26/10,2.62
10/27/10,0.54
10/28/10,0.28
10/29/10,1.07
11/1/10,0.47
11/2/10,0.74
11/3/10,1.42
11/4/10,1.12
11/5/10,1.1
11/8/10,0.58
11/9/10,1.37
11/10/10,0.69
11/11/10,0.42
11/12/10,1.14
11/15/10,0.56
11/16/10,0.59
11/17/10,1.01
11/18/10,0.46
11/19/10,0.24
11/22/10,0.14
11/23/10,0.66
11/24/10,0.44
11/26/10,0.17
11/29/10,0.64
11/30/10,1.02
12/1/10,0.72
12/2/10,0.46
12/3/10,1.02
12/6/10,0.54
12/7/10,0.52
12/8/10,0.28
12/9/10,1.07
12/10/10,1.15
12/13/10,0.51
12/14/10,0.18
12/15/10,0.22
12/16/10,0.31
12/17/10,0.36
12/20/10,0.66
12/21/10,0.38
12/22/10,0.56
12/23/10,0.22
12/27/10,0.36
12/28/10,0.79
12/29/10,1.17
12/30/10,0.81
12/31/10,0.2
1/3/11,0.47
1/4/11,0.44
1/5/11,0.4
1/6/11,0.54
1/7/11,0.69
1/10/11,0.64
1/11/11,0.69
1/12/11,0.85
1/13/11,0.35
1/14/11,0.49
1/18/11,0.37
1/19/11,0.5
1/20/11,0.61
1/21/11,0.74
1/24/11,0.53
1/25/11,0.28
1/26/11,1.21
1/27/11,1.24
1/28/11,0.48
1/31/11,0.79
2/1/11,0.42
2/2/11,0.7
2/3/11,0.91
2/4/11,0.45
2/7/11,0.68
2/8/11,0.68
2/9/11,1.01
2/10/11,0.34
2/11/11,0.4
2/14/11,0.89
2/15/11,0.31
2/16/11,0.54
2/17/11,0.49
2/18/11,0.19
2/22/11,0.62
2/23/11,0.67
2/24/11,0.45
2/25/11,0.71
2/28/11,1.04
3/1/11,0.42
3/2/11,0.32
3/3/11,0.74
3/4/11,0.35
3/7/11,0.24
3/8/11,0.8
3/9/11,1.01
3/10/11,0.44
3/11/11,0.99
3/14/11,0.44
3/15/11,0.42
3/16/11,0.33
3/17/11,0.25
3/18/11,0.47
3/21/11,0.28
3/22/11,0.21
3/23/11,0.51
3/24/11,0.56
3/25/11,0.42
3/28/11,0.32
3/29/11,0.78
3/30/11,0.34
3/31/11,0.76
4/1/11,0.54
4/4/11,0.52
4/5/11,0.23
4/6/11,0.2
4/7/11,0.47
4/8/11,0.23
4/11/11,0.67
4/12/11,0.53
4/13/11,0.18
4/14/11,0.16
4/15/11,1.22
4/18/11,0.4
4/19/11,0.71
4/20/11,0.7
4/21/11,0.49
4/25/11,0.26
4/26/11,0.23
4/27/11,1.2
4/28/11,0.35
4/29/11,0.52
5/2/11,0.51
5/3/11,0.39
5/4/11,0.87
5/5/11,1.36
5/6/11,0.41
5/9/11,0.17
5/10/11,0.52
5/11/11,0.29
5/12/11,0.22
5/13/11,0.15
5/16/11,0.5
5/17/11,0.38
5/18/11,0.62
5/19/11,0.49
5/20/11,0.32
5/23/11,0.37
5/24/11,0.26
5/25/11,0.33
5/26/11,0.56
5/27/11,0.19
5/31/11,0.25
6/1/11,0.68
6/2/11,0.33
6/3/11,1.59
6/6/11,0.3
6/7/11,0.69
6/8/11,0.2
6/9/11,0.27
6/10/11,0.19
6/13/11,0.35
6/14/11,0.76
6/15/11,0.24
6/16/11,0.29
6/17/11,0.29
6/20/11,0.47
6/21/11,0.28
6/22/11,0.4
6/23/11,0.42
6/24/11,0.71
6/27/11,0.08
6/28/11,0.31
6/29/11,0.45
6/30/11,0.44
7/1/11,0.87
7/5/11,0.91
7/6/11,0.41
7/7/11,0.6
7/8/11,0.42
7/11/11,0.34
7/12/11,0.35
7/13/11,0.53
7/14/11,0.28
7/15/11,0.66
7/18/11,0.4
7/19/11,0.29
7/20/11,0.16
7/21/11,0.2
7/22/11,0.32
7/25/11,0.16
7/26/11,0.32
7/27/11,0.34
7/28/11,0.69
7/29/11,0.43
8/1/11,0.42
8/2/11,0.3
8/3/11,0.63
8/4/11,0.25
8/5/11,0.3
8/8/11,0.44
8/9/11,0.57
8/10/11,0.92
8/11/11,1.03
8/12/11,0.63
8/15/11,0.83
8/16/11,0.45
8/17/11,0.82
8/18/11,0.66
8/19/11,0.6
8/22/11,0.8
8/23/11,0.53
8/24/11,0.97
8/25/11,1.43
8/26/11,1.34
8/29/11,0.58
8/30/11,0.59
8/31/11,0.81
9/1/11,0.4
9/2/11,0.89
9/6/11,1.1
9/7/11,0.22
9/8/11,0.93
9/9/11,0.54
9/12/11,0.52
9/13/11,0.49
9/14/11,0.8
9/15/11,0.97
9/16/11,0.63
9/19/11,0.49
9/20/11,0.79
9/21/11,0.87
9/22/11,0.53
9/23/11,2.03
9/26/11,3.09
9/27/11,0.85
9/28/11,1.73
9/29/11,1.01
9/30/11,0.9
10/3/11,0.87
10/4/11,0.76
10/5/11,1.02
10/6/11,0.91
10/7/11,1.15
10/10/11,0.93
10/11/11,2.71
10/12/11,2.09
10/13/11,0.57
10/14/11,0.72
10/17/11,0.47
10/18/11,0.58
10/19/11,0.62
10/20/11,1.72
10/21/11,0.81
10/24/11,0.71
10/25/11,1.05
10/26/11,1.33
10/27/11,0.94
10/28/11,1.62
10/31/11,0.59
11/1/11,0.95
11/2/11,0.96
11/3/11,0.72
11/4/11,0.31
11/7/11,0.59
11/8/11,0.89
11/9/11,0.62
11/10/11,1.03
11/11/11,0.47
11/14/11,1.35
11/15/11,0.59
11/16/11,1.15
11/17/11,0.44
11/18/11,0.23
11/21/11,0.62
11/22/11,0.71
11/23/11,1.18
11/25/11,1
11/28/11,0.32
11/29/11,0.62
11/30/11,0.42
12/1/11,0.72
12/2/11,0.61
12/5/11,0.45
12/6/11,0.13
12/7/11,0.56
12/8/11,0.55
12/9/11,1.49
12/12/11,0.74
12/13/11,1.18
12/14/11,0.29
12/15/11,1.16
12/16/11,0.97
12/19/11,0.5
12/20/11,1.12
12/21/11,0.58
12/22/11,0.47
12/23/11,0.51
12/27/11,0.35
12/28/11,0.23
12/29/11,0.51
12/30/11,0.89
1/3/12,0.26
1/4/12,0.68
1/5/12,0.52
1/6/12,1.67
1/9/12,0.7
1/10/12,0.6
1/11/12,0.49
1/12/12,0.78
1/13/12,0.13
1/17/12,0.97
1/18/12,0.44
1/19/12,0.92
1/20/12,0.87
1/23/12,1.32
1/24/12,0.34
1/25/12,0.2
1/26/12,0.72
1/27/12,0.45
1/30/12,0.36
1/31/12,0.57
2/1/12,0.33
2/2/12,0.96
2/3/12,0.43
2/6/12,0.64
2/7/12,0.22
2/8/12,0.67
2/9/12,0.69
2/10/12,0.51
2/13/12,0.73
2/14/12,0.94
2/15/12,0.33
2/16/12,0.9
2/17/12,0.49
2/21/12,0.64
2/22/12,0.48
2/23/12,0.63
2/24/12,1.22
2/27/12,0.29
2/28/12,0.55
2/29/12,1.28
3/1/12,0.76
3/2/12,0.71
3/5/12,0.4
3/6/12,0.78
3/7/12,1.07
3/8/12,0.78
3/9/12,1.38
3/12/12,0.7
3/13/12,1.21
3/14/12,0.49
3/15/12,0.41
3/16/12,1.72
3/19/12,0.85
3/20/12,0.64
3/21/12,0.82
3/22/12,1.25
3/23/12,0.96
3/26/12,1.23
3/27/12,1.1
3/28/12,0.75
3/29/12,0.79
3/30/12,0.47
4/2/12,0.59
4/3/12,1.55
4/4/12,0.62
4/5/12,0.72
4/9/12,0.67
4/10/12,0.4
4/11/12,0.68
4/12/12,0.94
4/13/12,0.43
4/16/12,0.95
4/17/12,0.6
4/18/12,0.43
4/19/12,0.6
4/20/12,0.24
4/23/12,0.48
4/24/12,0.43
4/25/12,0.76
4/26/12,0.39
4/27/12,0.38
4/30/12,0.54
5/1/12,0.92
5/2/12,0.25
5/3/12,0.6
5/4/12,0.36
5/7/12,0.32
5/8/12,0.58
5/9/12,0.6
5/10/12,0.81
5/11/12,0.65
5/14/12,0.52
5/15/12,0.41
5/16/12,0.23
5/17/12,0.57
5/18/12,0.67
5/21/12,0.66
5/22/12,0.65
5/23/12,0.37
5/24/12,0.58
5/25/12,1.64
5/29/12,0.49
5/30/12,0.18
5/31/12,0.42
6/1/12,0.28
6/4/12,0.32
6/5/12,0.46
6/6/12,0.69
6/7/12,0.66
6/8/12,0.4
6/11/12,0.25
6/12/12,0.72
6/13/12,0.85
6/14/12,0.65
6/15/12,1.23
6/18/12,1.3
6/19/12,0.85
6/20/12,0.29
6/21/12,0.53
6/22/12,0.51
6/25/12,0.83
6/26/12,0.65
6/27/12,0.73
6/28/12,0.15
6/29/12,0.85
7/2/12,0.8
7/3/12,0.88
7/5/12,0.3
7/6/12,0.3
7/9/12,0.43
7/10/12,0.44
7/11/12,0.38
7/12/12,0.73
7/13/12,1.15
7/16/12,0.57
7/17/12,0.48
7/18/12,0.41
7/19/12,0.31
7/20/12,0.25
7/23/12,0.27
7/24/12,0.19
7/25/12,0.31
7/26/12,0.62
7/27/12,0.72
7/30/12,0.29
7/31/12,0.43
8/1/12,1.09
8/2/12,0.61
8/3/12,0.93
8/6/12,0.57
8/7/12,0.32
8/8/12,0.29
8/9/12,0.55
8/10/12,0.56
8/13/12,0.32
8/14/12,0.56
8/15/12,0.22
8/16/12,0.76
8/17/12,0.53
8/20/12,0.83
8/21/12,0.61
8/22/12,0.64
8/23/12,0.6
8/24/12,0.31
8/27/12,0.44
8/28/12,0.44
8/29/12,0.52
8/30/12,0.82
8/31/12,0.92
9/4/12,0.74
9/5/12,0.36
9/6/12,0.87
9/7/12,0.54
9/10/12,0.2
9/11/12,0.47
9/12/12,0.4
9/13/12,0.74
9/14/12,0.73
9/17/12,1
9/18/12,0.84
9/19/12,0.27
9/20/12,0.32
9/21/12,0.42
9/24/12,0.26
9/25/12,0.53
9/26/12,0.5
9/27/12,0.37
9/28/12,0.27
10/1/12,0.42
10/2/12,0.48
10/3/12,0.67
10/4/12,0.48
10/5/12,0.38
10/8/12,0.82
10/9/12,0.55
10/10/12,0.49
10/11/12,0.42
10/12/12,0.53
10/15/12,0.23
10/16/12,0.64
10/17/12,0.4
10/18/12,0.44
10/19/12,0.6
10/22/12,0.37
10/23/12,0.56
10/24/12,0.34
10/25/12,0.19
10/26/12,0.56
10/31/12,0.5
11/1/12,0.63
11/2/12,0.27
11/5/12,0.48
11/6/12,0.49
11/7/12,0.61
11/8/12,0.41
11/9/12,0.44
11/12/12,0.65
11/13/12,0.25
11/14/12,0.34
11/15/12,0.47
11/16/12,0.41
11/19/12,0.57
11/20/12,1.47
11/21/12,0.54
11/23/12,0.64
11/26/12,0.21
11/27/12,0.55
11/28/12,0.44
11/29/12,0.92
11/30/12,0.69
12/3/12,0.35
12/4/12,0.43
12/5/12,0.4
12/6/12,0.69
12/7/12,0.34
12/10/12,0.48
12/11/12,0.44
12/12/12,0.98
12/13/12,0.57
12/14/12,0.53
12/17/12,0.43
12/18/12,0.81
12/19/12,0.47
12/20/12,0.59
12/21/12,0.73
12/24/12,0.46
12/26/12,0.6
12/27/12,0.79
12/28/12,0.87
12/31/12,0.71
1/2/13,0.87
1/3/13,0.8
1/4/13,0.55
1/7/13,0.68
1/8/13,0.38
1/9/13,0.59
1/10/13,0.31
1/11/13,0.17
1/14/13,0.46
1/15/13,0.88
1/16/13,0.35
1/17/13,0.45
1/18/13,0.38
1/22/13,0.79
1/23/13,0.51
1/24/13,0.43
1/25/13,0.46
1/28/13,0.46
1/29/13,0.51
1/30/13,0.45
1/31/13,0.34
2/1/13,0.42
2/4/13,0.8
2/5/13,0.31
2/6/13,0.87
2/7/13,0.52
2/8/13,0.64
2/11/13,0.58
2/12/13,0.75
2/13/13,0.26
2/14/13,0.28
2/15/13,0.35
2/19/13,0.76
2/20/13,0.5
2/21/13,0.83
2/22/13,0.63
2/25/13,0.49
2/26/13,0.47
2/27/13,0.74
2/28/13,0.4
3/1/13,0.53
3/4/13,0.65
3/5/13,0.5
3/6/13,0.26
3/7/13,0.6
3/8/13,0.61
3/11/13,0.76
3/12/13,0.57
3/13/13,0.32
3/14/13,0.4
3/15/13,0.42
3/18/13,0.54
3/19/13,0.45
3/20/13,0.24
3/21/13,0.27
3/22/13,0.41
3/25/13,0.27
3/26/13,0.3
3/27/13,0.31
3/28/13,0.25
4/1/13,0.31
4/2/13,0.36
4/3/13,0.56
4/4/13,0.84
4/5/13,0.38
4/8/13,0.5
4/9/13,0.17
4/10/13,0.57
4/11/13,0.34
4/12/13,0.77
4/15/13,0.48
4/16/13,0.41
4/17/13,0.54
4/18/13,0.85
4/19/13,0.61
4/22/13,0.44
4/23/13,0.61
4/24/13,0.39
4/25/13,0.7
4/26/13,0.3
4/29/13,0.46
4/30/13,0.32
5/1/13,0.38
5/2/13,0.36
5/3/13,0.61
5/6/13,0.58
5/7/13,0.84
5/8/13,0.52
5/9/13,0.5
5/10/13,0.11
5/13/13,0.43
5/14/13,0.78
5/15/13,0.37
5/16/13,1.1
5/17/13,0.54
5/20/13,0.51
5/21/13,0.61
5/22/13,0.56
5/23/13,0.41
5/24/13,1.12
5/28/13,0.61
5/29/13,0.29
5/30/13,0.33
5/31/13,0.75
6/3/13,0.64
6/4/13,0.99
6/5/13,0.91
6/6/13,1.04
6/7/13,0.78
6/10/13,0.75
6/11/13,0.37
6/12/13,0.61
6/13/13,0.77
6/14/13,0.98
6/17/13,0.75
6/18/13,0.61
6/19/13,0.67
6/20/13,0.64
6/21/13,0.66
6/24/13,0.75
6/25/13,1.02
6/26/13,0.27
6/27/13,0.58
6/28/13,0.75
7/1/13,0.49
7/2/13,0.88
7/3/13,0.82
7/5/13,0.81
7/8/13,0.65
7/9/13,0.84
7/10/13,0.65
7/11/13,1.73
7/12/13,0.24
7/15/13,0.7
7/16/13,0.68
7/17/13,0.66
7/18/13,0.5
7/19/13,0.45
7/22/13,0.43
7/23/13,0.51
7/24/13,0.48
7/25/13,0.75
7/26/13,0.52
7/29/13,0.31
7/30/13,0.34
7/31/13,0.59
8/1/13,0.64
8/2/13,0.59
8/5/13,0.52
8/6/13,0.2
8/7/13,0.62
8/8/13,0.43
8/9/13,0.28
8/12/13,0.32
8/13/13,0.56
8/14/13,0.35
8/15/13,0.39
8/16/13,0.37
8/19/13,0.93
8/20/13,0.36
8/21/13,0.3
8/22/13,0.3
8/23/13,0.26
8/26/13,0.57
8/27/13,0.75
8/28/13,0.77
8/29/13,0.5
8/30/13,0.4
9/3/13,0.27
9/4/13,0.27
9/5/13,0.32
9/6/13,0.49
9/9/13,0.24
9/10/13,0.22
9/11/13,0.68
9/12/13,0.29
9/13/13,0.31
9/16/13,0.57
9/17/13,0.52
9/18/13,0.72
9/19/13,0.37
9/20/13,0.68
9/23/13,0.55
9/24/13,0.74
9/25/13,0.46
9/26/13,0.3
9/27/13,0.37
9/30/13,0.46
10/1/13,0.4
10/2/13,0.35
10/3/13,0.63
10/4/13,0.66
10/7/13,0.46
10/8/13,0.56
10/9/13,0.79
10/10/13,0.59
10/11/13,0.5
10/14/13,0.66
10/15/13,0.52
10/16/13,0.65
10/17/13,0.63
10/18/13,0.42
10/21/13,0.67
10/22/13,0.79
10/23/13,0.58
10/24/13,0.52
10/25/13,0.8
10/28/13,0.2
10/29/13,0.56
10/30/13,0.53
10/31/13,0.8
11/1/13,0.17
11/4/13,0.36
11/5/13,0.33
11/6/13,0.73
11/7/13,0.23
11/8/13,0.37
11/11/13,0.6
11/12/13,0.57
11/13/13,0.32
11/14/13,0.8
11/15/13,0.52
11/18/13,0.54
11/19/13,0.37
11/20/13,0.43
11/21/13,0.71
11/22/13,1.43
11/25/13,0.51
11/26/13,0.17
11/27/13,0.33
11/29/13,0.66
12/2/13,0.31
12/3/13,0.45
12/4/13,0.54
12/5/13,0.46
12/6/13,0.47
12/9/13,1.33
12/10/13,0.32
12/11/13,0.82
12/12/13,0.28
12/13/13,0.39
12/16/13,0.38
12/17/13,0.72
12/18/13,0.46
12/19/13,0.47
12/20/13,0.31
12/23/13,0.23
12/24/13,0.22
12/26/13,0.35
12/27/13,0.23
12/30/13,0.28
12/31/13,0.28
1/2/14,0.28
1/3/14,0.4
1/6/14,0.27
1/7/14,0.29
1/8/14,0.28
1/9/14,0.37
1/10/14,0.39
1/13/14,0.26
1/14/14,0.37
1/15/14,0.28
1/16/14,0.22
1/17/14,0.28
1/21/14,0.41
1/22/14,0.48
1/23/14,0.24
1/24/14,0.44
1/27/14,0.4
1/28/14,0.52
1/29/14,0.7
1/30/14,0.73
1/31/14,0.31
2/3/14,0.29
2/4/14,0.69
2/5/14,0.59
2/6/14,0.57
2/7/14,0.38
2/10/14,0.74
2/11/14,0.57
2/12/14,0.63
2/13/14,0.58
2/14/14,0.63
2/18/14,0.55
2/19/14,0.22
2/20/14,0.33
2/21/14,0.21
2/24/14,0.33
2/25/14,0.29
2/26/14,0.3
2/27/14,0.34
2/28/14,0.39
3/3/14,0.36
3/4/14,0.37
3/5/14,0.5
3/6/14,0.63
3/7/14,0.3
3/10/14,0.31
3/11/14,0.3
3/12/14,0.33
3/13/14,0.59
3/14/14,0.19
3/17/14,0.57
3/18/14,0.21
3/19/14,0.38
3/20/14,0.5
3/21/14,0.26
3/24/14,0.7
3/25/14,0.39
3/26/14,0.5
3/27/14,0.48
3/28/14,0.24
3/31/14,0.47
4/1/14,1.31
4/2/14,0.28
4/3/14,0.7
4/4/14,0.17
4/7/14,0.35
4/8/14,0.46
4/9/14,0.43
4/10/14,0.31
4/11/14,0.35
4/14/14,0.23
4/15/14,0.35
4/16/14,0.31
4/17/14,0.4
4/21/14,0.31
4/22/14,0.33
4/23/14,0.44
4/24/14,0.43
4/25/14,0.26
4/28/14,0.36
4/29/14,0.63
4/30/14,0.26
5/1/14,0.25
5/2/14,0.27
5/5/14,0.3
5/6/14,0.15
5/7/14,0.3
5/8/14,0.4
5/9/14,0.27
5/12/14,0.18
5/13/14,0.6
5/14/14,0.68
5/15/14,0.38
5/16/14,0.33
5/19/14,0.42
5/20/14,0.59
5/21/14,0.26
5/22/14,0.44
5/23/14,0.15
5/27/14,0.28
5/28/14,0.36
5/29/14,0.35
5/30/14,0.32
6/2/14,0.58
6/3/14,0.49
6/4/14,0.23
6/5/14,0.4
6/6/14,0.71
6/9/14,0.63
6/10/14,0.22
6/11/14,0.36
6/12/14,0.35
6/13/14,0.25
6/16/14,0.29
6/17/14,0.43
6/18/14,0.32
6/19/14,0.29
6/20/14,0.12
6/23/14,0.1
6/24/14,0.25
6/25/14,0.36
6/26/14,0.27
6/27/14,0.21
6/30/14,0.4
7/1/14,0.43
7/2/14,0.3
7/3/14,0.63
7/7/14,0.35
7/8/14,0.32
7/9/14,0.31
7/10/14,0.45
7/11/14,0.3
7/14/14,0.68
7/15/14,0.45
7/16/14,0.32
7/17/14,0.19
7/18/14,0.26
7/21/14,0.15
7/22/14,0.35
7/23/14,0.27
7/24/14,0.63
7/25/14,0.26
7/28/14,0.21
7/29/14,0.21
7/30/14,0.24
7/31/14,0.18
8/1/14,0.23
8/4/14,0.39
8/5/14,0.35
8/6/14,0.56
8/7/14,0.36
8/8/14,0.55
8/11/14,0.17
8/12/14,0.57
8/13/14,0.44
8/14/14,0.51
8/15/14,0.36
8/18/14,0.48
8/19/14,0.52
8/20/14,0.36
8/21/14,0.1
8/22/14,0.12
8/25/14,0.32
8/26/14,0.4
8/27/14,0.24
8/28/14,0.34
8/29/14,0.34
9/2/14,0.14
9/3/14,0.43
9/4/14,0.28
9/5/14,0.35
9/8/14,0.5
9/9/14,0.39
9/10/14,0.39
9/11/14,0.39
9/12/14,0.26
9/15/14,0.3
9/16/14,0.55
9/17/14,0.4
9/18/14,0.38
9/19/14,0.11
9/22/14,0.34
9/23/14,0.44
9/24/14,0.28
9/25/14,0.36
9/26/14,0.13
9/29/14,0.16
9/30/14,0.48
10/1/14,0.56
10/2/14,0.37
10/3/14,0.37
10/6/14,0.65
10/7/14,0.38
10/8/14,0.65
10/9/14,0.27
10/10/14,0.38
10/13/14,0.65
10/14/14,0.25
10/15/14,0.48
10/16/14,0.31
10/17/14,0.86
10/20/14,0.6
10/21/14,0.92
10/22/14,0.5
10/23/14,0.33
10/24/14,0.34
10/27/14,0.43
10/28/14,0.51
10/29/14,0.57
10/30/14,0.43
10/31/14,0.5
11/3/14,0.29
11/4/14,0.44
11/5/14,0.4
11/6/14,0.6
11/7/14,0.61
11/10/14,0.72
11/11/14,0.36
11/12/14,0.37
11/13/14,0.85
11/14/14,0.82
11/17/14,0.48
11/18/14,1.64
11/19/14,0.41
11/20/14,0.68
11/21/14,0.25
11/24/14,0.51
11/25/14,0.33
11/26/14,0.57
11/28/14,0.68
12/1/14,0.38
12/2/14,1.67
12/3/14,0.37
12/4/14,0.66
12/5/14,1.46
12/8/14,0.75
12/9/14,0.54
12/10/14,0.41
12/11/14,0.42
12/12/14,0.41
12/15/14,0.4
12/16/14,0.37
12/17/14,0.72
12/18/14,0.48
12/19/14,0.36
12/22/14,0.38
12/23/14,0.35
12/24/14,0.26
12/26/14,0.16
12/29/14,0.39
12/30/14,0.5
12/31/14,0.72
1/2/15,0.5
1/5/15,0.43
1/6/15,1.24
1/7/15,0.87
1/8/15,0.4
1/9/15,0.36
1/12/15,0.68
1/13/15,0.49
1/14/15,0.62
1/15/15,0.53
1/16/15,0.49
1/20/15,0.39
1/21/15,0.68
1/22/15,0.65
1/23/15,2.06
1/26/15,0.29
1/27/15,0.44
1/28/15,0.44
1/29/15,0.64
1/30/15,0.53
2/2/15,0.67
2/3/15,0.58
2/4/15,0.51
2/5/15,0.64
2/6/15,0.27
2/9/15,0.41
2/10/15,0.82
2/11/15,0.49
2/12/15,1.03
2/13/15,0.85
2/17/15,0.81
2/18/15,0.3
2/19/15,0.44
2/20/15,0.35
2/23/15,0.53
2/24/15,0.58
2/25/15,0.99
2/26/15,1.21
2/27/15,0.54
3/2/15,0.76
3/3/15,0.49
3/4/15,0.41
3/5/15,0.6
3/6/15,0.77
3/9/15,0.77
3/10/15,0.48
3/11/15,0.72
3/12/15,0.92
3/13/15,0.58
3/16/15,0.51
3/17/15,0.62
3/18/15,0.39
3/19/15,0.3
3/20/15,0.46
3/23/15,0.44
3/24/15,0.53
3/25/15,0.57
3/26/15,0.2
3/27/15,0.41
3/30/15,0.44
3/31/15,0.29
4/1/15,0.3
4/2/15,0.33
4/6/15,0.23
4/7/15,0.64
4/8/15,0.42
4/9/15,0.87
4/10/15,0.37
4/13/15,0.77
4/14/15,1.14
4/15/15,0.45
4/16/15,0.66
4/17/15,0.32
4/20/15,0.29
4/21/15,0.38
4/22/15,0.92
4/23/15,0.64
4/24/15,0.33
4/27/15,0.22
4/28/15,0.69
4/29/15,0.51
4/30/15,0.54
5/1/15,0.42
5/4/15,0.39
5/5/15,0.62
5/6/15,0.21
5/7/15,0.33
5/8/15,0.29
5/11/15,0.07
5/12/15,0.63
5/13/15,0.3
5/14/15,0.13
5/15/15,0.34
5/18/15,0.56
5/19/15,1.24
5/20/15,0.36
5/21/15,0.32
5/22/15,0.2
5/26/15,0.38
5/27/15,0.25
5/28/15,0.24
5/29/15,0.22
6/1/15,0.26
6/2/15,0.28
6/3/15,0.25
6/4/15,0.24
6/5/15,0.39
6/8/15,0.24
6/9/15,0.35
6/10/15,0.1
6/11/15,0.24
6/12/15,0.58
6/15/15,0.32
6/16/15,0.32
6/17/15,0.25
6/18/15,0.18
6/19/15,0.14
6/22/15,0.45
6/23/15,0.43
6/24/15,0.3
6/25/15,0.32
6/26/15,0.17
6/29/15,0.43
6/30/15,0.48
7/1/15,0.6
7/2/15,0.29
7/6/15,0.33
7/7/15,0.47
7/8/15,0.34
7/9/15,0.31
7/10/15,0.46
7/13/15,0.13
7/14/15,0.53
7/15/15,0.44
7/16/15,0.56
7/17/15,0.46
7/20/15,0.75
7/21/15,0.52
7/22/15,0.15
7/23/15,0.32
7/24/15,0.28
7/27/15,0.39
7/28/15,0.38
7/29/15,0.35
7/30/15,0.21
7/31/15,0.33
8/3/15,0.46
8/4/15,0.36
8/5/15,0.39
8/6/15,0.37
8/7/15,0.35
8/10/15,0.09
8/11/15,0.28
8/12/15,0.54
8/13/15,0.36
8/14/15,0.38
8/17/15,0.37
8/18/15,0.51
8/19/15,0.3
8/20/15,0.32
8/21/15,0.48
8/24/15,0.34
8/25/15,0.6
8/26/15,0.29
8/27/15,0.71
8/28/15,0.97
8/31/15,0.5
9/1/15,0.77
9/2/15,1.26
9/3/15,0.97
9/4/15,0.78
9/8/15,0.41
9/9/15,0.62
9/10/15,0.71
9/11/15,0.66
9/14/15,0.44
9/15/15,0.84
9/16/15,0.73
9/17/15,0.42
9/18/15,0.45
9/21/15,0.7
9/22/15,0.4
9/23/15,0.54
9/24/15,0.36
9/25/15,0.54
9/28/15,0.36
9/29/15,0.71
9/30/15,0.22
10/1/15,0.36
10/2/15,0.4
10/5/15,0.72
10/6/15,0.46
10/7/15,0.45
10/8/15,0.41
10/9/15,0.62
10/12/15,0.64
10/13/15,0.34
10/14/15,0.32
10/15/15,0.73
10/16/15,0.47
10/19/15,0.72
10/20/15,0.66
10/21/15,0.47
10/22/15,0.57
10/23/15,0.2
10/26/15,0.72
10/27/15,0.42
10/28/15,0.33
10/29/15,0.55
10/30/15,0.9
11/2/15,0.45
11/3/15,0.71
11/4/15,0.3
11/5/15,0.64
11/6/15,0.57
11/9/15,0.32
11/10/15,0.54
11/11/15,0.26
11/12/15,0.71
11/13/15,0.32
11/16/15,0.27
11/17/15,0.25
11/18/15,0.26
11/19/15,0.3
11/20/15,0.39
11/23/15,0.41
11/24/15,0.2
11/25/15,0.23
11/27/15,0.41
11/30/15,0.2
12/1/15,0.49
12/2/15,0.59
12/3/15,0.28
12/4/15,0.25
12/7/15,0.37
12/8/15,0.47
12/9/15,0.29
12/10/15,0.8
12/11/15,0.29
12/14/15,0.37
12/15/15,0.5
12/16/15,0.15
12/17/15,0.29
12/18/15,0.48
12/21/15,0.3
12/22/15,0.34
12/23/15,0.45
12/24/15,0.46
12/28/15,1.02
12/29/15,0.25
12/30/15,0.35
12/31/15,0.25
1/4/16,0.26
1/5/16,0.24
1/6/16,0.45
1/7/16,0.71
1/8/16,0.61
1/11/16,0.19
1/12/16,0.54
1/13/16,0.36
1/14/16,0.22
1/15/16,0.41
1/19/16,0.44
1/20/16,0.3
1/21/16,0.41
1/22/16,1.05
1/25/16,0.74
1/26/16,0.62
1/27/16,0.71
1/28/16,0.44
1/29/16,0.51
2/1/16,0.71
2/2/16,0.23
2/3/16,0.17
2/4/16,0.37
2/5/16,0.14
2/8/16,0.31
2/9/16,0.29
2/10/16,0.41
2/11/16,0.37
2/12/16,0.31
2/16/16,0.44
2/17/16,0.44
2/18/16,0.55
2/19/16,0.35
2/22/16,0.37
2/23/16,0.28
2/24/16,0.4
2/25/16,0.36
2/26/16,0.91
2/29/16,0.57
3/1/16,0.45
3/2/16,0.19
3/3/16,0.4
3/4/16,0.43
3/7/16,0.33
3/8/16,0.35
3/9/16,0.29
3/10/16,0.43
3/11/16,0.85
3/14/16,0.44
3/15/16,0.4
3/16/16,0.27
3/17/16,0.26
3/18/16,0.58
3/21/16,0.45
3/22/16,0.44
3/23/16,0.4
3/24/16,0.48
3/28/16,0.16
3/29/16,0.34
3/30/16,0.41
3/31/16,0.2
4/1/16,0.44
4/4/16,0.29
4/5/16,0.73
4/6/16,0.32
4/7/16,0.41
4/8/16,0.44
4/11/16,0.42
4/12/16,0.49
4/13/16,0.26
4/14/16,0.68
4/15/16,0.3
4/18/16,0.97
4/19/16,0.18
4/20/16,0.32
4/21/16,0.66
4/22/16,0.33
4/25/16,0.2
4/26/16,0.71
4/27/16,2.24
4/28/16,0.61
4/29/16,1.02
5/2/16,0.82
5/3/16,0.38
5/4/16,0.84
5/5/16,0.88
5/6/16,0.46
5/9/16,0.53
5/10/16,0.56
5/11/16,0.22
5/12/16,0.83
5/13/16,0.54
5/16/16,0.42
5/17/16,0.81
5/18/16,0.35
5/19/16,0.66
5/20/16,0.32
5/23/16,0.6
5/24/16,0.75
5/25/16,0.53
5/26/16,0.6
5/27/16,0.54
5/31/16,0.31
6/1/16,0.45
6/2/16,0.51
6/3/16,0.39
6/6/16,0.17
6/7/16,0.3
6/8/16,0.35
6/9/16,0.4
6/10/16,0.56
6/13/16,0.4
6/14/16,0.42
6/15/16,0.77
6/16/16,1.22
6/17/16,1.43
6/20/16,0.53
6/21/16,0.71
6/22/16,0.88
6/23/16,1.29
6/24/16,0.47
6/27/16,0.47
6/28/16,0.86
6/29/16,0.81
6/30/16,0.73
7/1/16,0.38
7/5/16,0.84
7/6/16,0.52
7/7/16,0.51
7/8/16,0.9
7/11/16,0.71
7/12/16,0.45
7/13/16,0.66
7/14/16,0.43
7/15/16,0.51
7/18/16,0.53
7/19/16,0.59
7/20/16,0.47
7/21/16,0.48
7/22/16,0.41
7/25/16,0.46
7/26/16,0.42
7/27/16,0.71
7/28/16,0.57
7/29/16,1.58
8/1/16,1.86
8/2/16,0.42
8/3/16,0.58
8/4/16,0.53
8/5/16,0.89
8/8/16,1.32
8/9/16,0.7
8/10/16,0.34
8/11/16,0.62
8/12/16,0.27
8/15/16,0.31
8/16/16,0.42
8/17/16,0.39
8/18/16,0.71
8/19/16,0.46
8/22/16,0.33
8/23/16,0.3
8/24/16,0.28
8/25/16,1.02
8/26/16,0.4
8/29/16,0.38
8/30/16,0.5
8/31/16,0.6
9/1/16,0.26
9/2/16,0.42
9/6/16,0.75
9/7/16,0.32
9/8/16,0.45
9/9/16,0.6
9/12/16,0.37
9/13/16,0.32
9/14/16,0.35
9/15/16,0.26
9/16/16,0.58
9/19/16,0.26
9/20/16,0.36
9/21/16,0.26
9/22/16,0.33
9/23/16,0.25
9/26/16,0.39
9/27/16,0.27
9/28/16,0.22
9/29/16,0.3
9/30/16,0.61
10/3/16,0.37
10/4/16,0.34
10/5/16,0.23
10/6/16,0.22
10/7/16,0.32
10/10/16,0.25
10/11/16,0.4
10/12/16,0.3
10/13/16,0.2
10/14/16,0.18
10/17/16,0.36
10/18/16,0.45
10/19/16,0.32
10/20/16,0.37
10/21/16,0.24
10/24/16,0.3
10/25/16,0.23
10/26/16,0.26
10/27/16,0.15
10/28/16,0.28
10/31/16,0.35
11/1/16,0.74
11/2/16,0.8
11/3/16,0.49
11/4/16,1.2
11/7/16,0.47
11/8/16,0.78
11/9/16,0.6
11/10/16,0.59
11/11/16,0.68
11/14/16,0.81
11/15/16,1.22
11/16/16,0.34
11/17/16,0.57
11/18/16,0.35
11/21/16,0.58
11/22/16,0.52
11/23/16,0.61
11/25/16,0.35
11/28/16,0.5
11/29/16,0.39
11/30/16,0.45
12/1/16,0.45
12/2/16,0.39
12/5/16,0.56
12/6/16,0.46
12/7/16,0.99
12/8/16,0.71
12/9/16,0.62
12/12/16,0.38
12/13/16,0.38
12/14/16,0.37
12/15/16,1.18
12/16/16,0.49
12/19/16,1.21
12/20/16,0.84
12/21/16,0.61
12/22/16,0.24
12/23/16,0.15
12/27/16,0.32
12/28/16,0.17
12/29/16,0.45
12/30/16,0.5
1/3/17,0.38
1/4/17,0.47
1/5/17,0.5
1/6/17,0.34
1/9/17,0.5
1/10/17,0.23
1/11/17,0.43
1/12/17,0.64
1/13/17,0.21
1/17/17,0.55
1/18/17,0.45
1/19/17,0.24
1/20/17,0.53
1/23/17,0.14
1/24/17,0.37
1/25/17,0.65
1/26/17,0.25
1/27/17,0.35
1/30/17,0.31
1/31/17,0.29
2/1/17,0.21
2/2/17,0.24
2/3/17,0.56
2/6/17,0.33
2/7/17,0.26
2/8/17,0.69
2/9/17,0.5
2/10/17,0.54
2/13/17,0.38
2/14/17,0.34
2/15/17,0.52
2/16/17,0.23
2/17/17,0.33
2/21/17,0.32
2/22/17,0.32
2/23/17,0.33
2/24/17,0.21
2/27/17,0.31
2/28/17,0.51
3/1/17,0.44
3/2/17,0.71
3/3/17,0.59
3/6/17,0.35
3/7/17,0.55
3/8/17,0.51
3/9/17,0.37
3/10/17,0.16
3/13/17,0.35
3/14/17,0.49
3/15/17,0.35
3/16/17,0.9
3/17/17,0.55
3/20/17,0.78
3/21/17,0.46
3/22/17,0.26
3/23/17,0.56
3/24/17,0.31
3/27/17,0.55
3/28/17,0.48
3/29/17,0.46
3/30/17,0.44
3/31/17,0.57
4/3/17,0.52
4/4/17,0.23
4/5/17,0.28
4/6/17,0.34
4/7/17,0.46
4/10/17,0.39
4/11/17,0.51
4/12/17,0.45
4/13/17,0.36
4/17/17,0.29
4/18/17,0.26
4/19/17,0.1
4/20/17,0.29
4/21/17,0.43
4/24/17,0.47
4/25/17,0.61
4/26/17,0.41
4/27/17,0.24
4/28/17,0.35
5/1/17,0.45
5/2/17,0.23
5/3/17,0.6
5/4/17,0.41
5/5/17,0.39
5/8/17,0.4
5/9/17,0.21
5/10/17,0.34
5/11/17,0.53
5/12/17,0.37
5/15/17,0.37
5/16/17,0.47
5/17/17,0.28
5/18/17,0.33
5/19/17,0.26
5/22/17,0.54
5/23/17,0.29
5/24/17,0.29
5/25/17,0.22
5/26/17,0.21
5/30/17,0.22
5/31/17,0.45
6/1/17,0.59
6/2/17,0.15
6/5/17,0.36
6/6/17,0.49
6/7/17,0.31
6/8/17,0.14
6/9/17,0.56
6/12/17,0.49
6/13/17,0.31
6/14/17,0.3
6/15/17,0.37
6/16/17,0.25
6/19/17,0.27
6/20/17,0.34
6/21/17,0.29
6/22/17,0.35
6/23/17,0.27
6/26/17,0.24
6/27/17,0.16
6/28/17,0.24
6/29/17,0.59
6/30/17,0.66
7/3/17,0.42
7/5/17,0.21
7/6/17,0.36
7/7/17,0.22
7/10/17,0.36
7/11/17,0.67
7/12/17,0.14
7/13/17,0.63
7/14/17,0.39
7/17/17,0.52
7/18/17,0.56
7/19/17,0.29
7/20/17,0.25
7/21/17,0.28
7/24/17,0.28
7/25/17,0.38
7/26/17,0.24
7/27/17,0.3
7/28/17,0.11
7/31/17,0.21
8/1/17,0.41
8/2/17,0.24
8/3/17,0.2
8/4/17,0.54
8/7/17,0.22
8/8/17,0.39
8/9/17,0.55
8/10/17,0.29
8/11/17,0.33
8/14/17,0.36
8/15/17,0.44
8/16/17,0.19
8/17/17,0.35
8/18/17,0.25
8/21/17,0.51
8/22/17,0.35
8/23/17,0.28
8/24/17,0.61
8/25/17,0.28
8/28/17,0.32
8/29/17,0.19
8/30/17,0.25
8/31/17,0.47
9/1/17,0.19
9/5/17,0.55
9/6/17,0.28
9/7/17,1.9
9/8/17,0.27
9/11/17,0.71
9/12/17,0.56
9/13/17,0.41
9/14/17,0.43
9/15/17,0.46
9/18/17,0.6
9/19/17,0.41
9/20/17,0.26
9/21/17,0.16
9/22/17,0.2
9/25/17,0.32
9/26/17,0.21
9/27/17,0.17
9/28/17,0.44
9/29/17,0.63
10/2/17,0.53
10/3/17,0.27
10/4/17,0.15
10/5/17,0.3
10/6/17,0.33
10/9/17,0.17
10/10/17,0.18
10/11/17,0.15
10/12/17,0.52
10/13/17,0.31
10/16/17,0.41
10/17/17,0.54
10/18/17,0.47
10/19/17,0.4
10/20/17,0.25
10/23/17,0.29
10/24/17,0.22
10/25/17,0.36
10/26/17,0.36
10/27/17,0.57
10/30/17,0.38
10/31/17,0.24
11/1/17,0.41
11/2/17,0.26
11/3/17,0.18
11/6/17,0.39
11/7/17,0.55
11/8/17,0.46
11/9/17,0.29
11/10/17,0.41
11/13/17,0.54
11/14/17,0.53
11/15/17,0.43
11/16/17,0.36
11/17/17,0.13
11/20/17,0.56
11/21/17,0.33
11/22/17,0.31
11/24/17,0.11
11/27/17,0.38
11/28/17,0.43
11/29/17,0.21
11/30/17,0.57
12/1/17,0.32
12/4/17,0.22
12/5/17,0.21
12/6/17,0.15
12/7/17,0.24
12/8/17,0.48
12/11/17,0.47
12/12/17,0.86
12/13/17,0.35
12/14/17,0.28
12/15/17,0.54
12/18/17,0.28
12/19/17,0.54
12/20/17,0.28
12/21/17,0.35
12/22/17,0.26
12/26/17,0.44
12/27/17,0.27
12/28/17,0.25
12/29/17,0.36
1/2/18,0.29
1/3/18,0.63
1/4/18,0.7
1/5/18,0.4
1/8/18,0.09
1/9/18,0.22
1/10/18,0.31
1/11/18,0.23
1/12/18,0.27
1/16/18,0.34
1/17/18,0.38
1/18/18,0.3
1/19/18,0.65
1/22/18,0.35
1/23/18,0.3
1/24/18,0.47
1/25/18,0.31
1/26/18,0.25
1/29/18,0.28
1/30/18,0.62
1/31/18,0.29
2/1/18,0.49
2/2/18,0.34
2/5/18,0.22
2/6/18,0.4
2/7/18,0.32
2/8/18,0.47
2/9/18,0.42
2/12/18,0.67
2/13/18,0.46
2/14/18,0.96
2/15/18,0.79
2/16/18,0.67
2/20/18,0.23
2/21/18,0.53
2/22/18,0.57
2/23/18,0.49
2/26/18,0.52
2/27/18,0.79
2/28/18,0.75
3/1/18,0.38
3/2/18,0.41
3/5/18,0.61
3/6/18,0.5
3/7/18,0.48
3/8/18,0.78
3/9/18,0.61
3/12/18,0.53
3/13/18,0.32
3/14/18,0.6
3/15/18,0.64
3/16/18,0.58
3/19/18,0.42
3/20/18,0.52
3/21/18,0.5
3/22/18,0.52
3/23/18,0.44
3/26/18,0.42
3/27/18,0.39
3/28/18,0.63
3/29/18,0.27
4/2/18,0.41
4/3/18,0.37
4/4/18,0.5
4/5/18,0.35
4/6/18,0.3
4/9/18,0.29
4/10/18,0.29
4/11/18,0.36
4/12/18,0.61
4/13/18,0.65
4/16/18,0.59
4/17/18,0.66
4/18/18,0.33
4/19/18,0.55
4/20/18,0.23
4/23/18,0.29
4/24/18,0.31
4/25/18,0.29
4/26/18,0.3
4/27/18,0.25
4/30/18,0.22
5/1/18,0.4
5/2/18,0.48
5/3/18,0.24
5/4/18,0.16
5/7/18,0.34
5/8/18,0.32
5/9/18,0.63
5/10/18,0.65
5/11/18,0.44
5/14/18,0.49
5/15/18,0.77
5/16/18,0.29
5/17/18,0.27
5/18/18,0.44
5/21/18,0.39
5/22/18,0.34
5/23/18,0.26
5/24/18,0.2
5/25/18,0.21
5/29/18,0.62
5/30/18,0.81
5/31/18,0.67
6/1/18,0.47
6/4/18,0.54
6/5/18,0.24
6/6/18,0.49
6/7/18,0.36
6/8/18,0.41
6/11/18,0.4
6/12/18,0.29
6/13/18,0.34
6/14/18,1.47
6/15/18,0.32
6/18/18,1.58
6/19/18,0.46
6/20/18,0.43
6/21/18,0.57
6/22/18,0.2
6/25/18,0.52
6/26/18,0.43
6/27/18,0.51
6/28/18,0.67
6/29/18,0.32
7/2/18,0.51
7/3/18,0.3
7/5/18,0.35
7/6/18,0.57
7/9/18,0.28
7/10/18,0.37
7/11/18,0.58
7/12/18,0.43
7/13/18,0.9
7/16/18,0.25
7/17/18,0.64
7/18/18,0.47
7/19/18,0.34
7/20/18,0.43
7/23/18,0.28
7/24/18,0.52
7/25/18,0.37
7/26/18,0.16
7/27/18,0.87
7/30/18,0.37
7/31/18,0.46
8/1/18,0.28
8/2/18,0.32
8/3/18,0.31
8/6/18,0.34
8/7/18,0.35
8/8/18,0.56
8/9/18,0.26
8/10/18,0.37
8/13/18,0.44
8/14/18,0.34
8/15/18,0.67
8/16/18,0.44
8/17/18,0.36
8/20/18,0.31
8/21/18,0.55
8/22/18,0.42
8/23/18,0.5
8/24/18,0.21
8/27/18,0.21
8/28/18,0.33
8/29/18,0.71
8/30/18,0.24
8/31/18,0.36
9/4/18,0.21
9/5/18,0.42
9/6/18,0.62
9/7/18,0.77
9/10/18,0.59
9/11/18,0.4
9/12/18,0.3
9/13/18,0.57
9/14/18,0.26
9/17/18,0.37
9/18/18,0.56
9/19/18,0.71
9/20/18,0.43
9/21/18,0.36
9/24/18,0.38
9/25/18,0.61
9/26/18,0.43
9/27/18,0.25
9/28/18,0.41
10/1/18,0.64
10/2/18,0.55
10/3/18,0.42
10/4/18,0.37
10/5/18,0.38
10/8/18,0.85
10/9/18,0.43
10/10/18,0.36
10/11/18,0.35
10/12/18,0.35
10/15/18,0.42
10/16/18,0.58
10/17/18,0.38
10/18/18,0.46
10/19/18,0.33
10/22/18,0.34
10/23/18,0.35
10/24/18,0.88
10/25/18,0.24
10/26/18,0.36
10/29/18,0.97
10/30/18,0.69
10/31/18,0.93
11/1/18,0.95
11/2/18,0.56
11/5/18,0.64
11/6/18,1.59
11/7/18,0.82
11/8/18,0.42
11/9/18,0.55
11/12/18,0.51
11/13/18,0.52
11/14/18,0.39
11/15/18,0.43
11/16/18,0.75
11/19/18,0.34
11/20/18,0.29
11/21/18,0.41
11/23/18,0.31
11/26/18,0.24
11/27/18,0.57
11/28/18,0.45
11/29/18,0.68
11/30/18,0.51
12/3/18,0.58
12/4/18,0.3
12/6/18,0.48
12/7/18,0.36
12/10/18,0.43
12/11/18,0.38
12/12/18,0.62
12/13/18,0.61
12/14/18,0.34
12/17/18,0.34
12/18/18,0.43
12/19/18,0.49
12/20/18,0.48
12/21/18,0.16
12/24/18,0.2
12/26/18,0.36
12/27/18,0.43
12/28/18,0.34
12/31/18,0.43
1/2/19,0.42
1/3/19,0.45
1/4/19,0.96
1/7/19,0.44
1/8/19,0.54
1/9/19,0.59
1/10/19,0.78
1/11/19,0.58
1/14/19,0.75
1/15/19,0.69
1/16/19,0.35
1/17/19,0.32
1/18/19,0.2
1/22/19,0.27
1/23/19,0.84
1/24/19,0.3
1/25/19,0.76
1/28/19,0.32
1/29/19,0.42
1/30/19,1.13
1/31/19,0.95
2/1/19,0.53
2/4/19,0.41
2/5/19,0.83
2/6/19,0.39
2/7/19,0.6
2/8/19,0.39
2/11/19,0.49
2/12/19,0.4
2/13/19,0.93
2/14/19,0.2
2/15/19,0.27
2/19/19,0.22
2/20/19,0.58
2/21/19,0.22
2/22/19,0.14
2/25/19,0.29
2/26/19,0.18
2/27/19,0.23
2/28/19,0.54
3/1/19,0.37
3/4/19,0.46
3/5/19,0.22
3/6/19,0.76
3/7/19,0.72
3/8/19,0.24
3/11/19,0.25
3/12/19,0.45
3/13/19,0.64
3/14/19,0.55
3/15/19,0.73
3/18/19,0.52
3/19/19,0.26
3/20/19,0.27
3/21/19,0.47
3/22/19,0.19
3/25/19,0.14
3/26/19,0.17
3/27/19,0.44
3/28/19,0.34
3/29/19,0.21
4/1/19,0.14
4/2/19,0.34
4/3/19,0.37
4/4/19,0.24
4/5/19,0.44
4/8/19,0.16
4/9/19,0.28
4/10/19,0.44
4/11/19,0.73
4/12/19,0.58
4/15/19,0.7
4/16/19,1.49
4/17/19,0.15
4/18/19,0.18
4/22/19,0.41
4/23/19,0.13
4/24/19,0.38
4/25/19,0.35
4/26/19,0.4
4/29/19,0.34
4/30/19,0.29
5/1/19,0.12
5/2/19,0.43
5/3/19,0.22
5/6/19,0.44
5/7/19,0.33
5/8/19,1.4
5/9/19,0.65
5/10/19,1.11
5/13/19,0.51
5/14/19,0.57
5/15/19,0.76
5/16/19,0.75
5/17/19,0.46
5/20/19,0.31
5/21/19,1.2
5/22/19,0.37
5/23/19,0.62
5/24/19,0.34
5/28/19,0.42
5/29/19,0.81
5/30/19,0.53
5/31/19,0.54
6/3/19,0.49
6/4/19,0.45
6/5/19,0.24
6/6/19,0.14
6/7/19,0.37
6/10/19,0.42
6/11/19,0.81
6/12/19,0.5
6/13/19,0.34
6/14/19,0.48
6/17/19,0.59
6/18/19,0.84
6/19/19,0.33
6/20/19,0.65
6/21/19,0.28
6/24/19,0.27
6/25/19,0.27
6/26/19,0.91
6/27/19,0.59
6/28/19,0.56
7/1/19,0.33
7/2/19,0.24
7/3/19,0.42
7/5/19,0.53
7/8/19,0.53
7/9/19,0.61
7/10/19,1.19
7/11/19,0.49
7/12/19,0.34
7/15/19,0.74
7/16/19,0.61
7/17/19,0.28
7/18/19,0.37
7/19/19,0.59
7/22/19,0.24
7/23/19,0.34
7/24/19,0.13
7/25/19,0.15
7/26/19,0.12
7/29/19,0.09
7/30/19,0.46
7/31/19,0.41
8/1/19,0.31
8/2/19,0.3
8/5/19,0.24
8/6/19,0.27
8/7/19,0.45
8/8/19,1.19
8/9/19,0.42
8/12/19,0.35
8/13/19,0.29
8/14/19,0.53
8/15/19,0.34
8/16/19,0.45
8/19/19,0.5
8/20/19,0.32
8/21/19,0.41
8/22/19,0.18
8/23/19,0.48
8/26/19,0.44
8/27/19,0.37
8/28/19,0.82
8/29/19,0.17
8/30/19,0.36
9/3/19,0.52
9/4/19,0.52
9/5/19,0.29
9/6/19,0.15
9/9/19,0.36
9/10/19,0.38
9/11/19,0.38
9/12/19,0.37
9/13/19,0.59
9/16/19,0.72
9/17/19,0.52
9/18/19,0.58
9/19/19,0.32
9/20/19,0.3
9/23/19,0.32
9/24/19,0.25
9/25/19,0.77
9/26/19,0.89
9/27/19,0.37
9/30/19,0.81
10/1/19,0.97
10/2/19,0.56
10/3/19,0.46
10/4/19,0.49